reading.no,date.time,temp.C,Intensity.lum.per.sqft
1,5/7/2024 9:00,24.448,1
2,5/7/2024 9:15,24.545,2
3,5/7/2024 9:30,22.142,0
4,5/7/2024 9:45,21.187,1
5,5/7/2024 10:00,23.484,0
6,5/7/2024 10:15,24.448,0
7,5/7/2024 10:30,23.966,0
8,5/7/2024 10:45,23.1,0
9,5/7/2024 11:00,24.835,0
10,5/7/2024 11:15,23.677,1
11,5/7/2024 11:30,22.717,0
12,5/7/2024 11:45,24.738,0
13,5/7/2024 12:00,27.173,2
14,5/7/2024 12:15,25.902,0
15,5/7/2024 12:30,22.525,0
16,5/7/2024 12:45,22.142,0
17,5/7/2024 13:00,21.76,0
18,5/7/2024 13:15,23.196,2
19,5/7/2024 13:30,23.292,3
20,5/7/2024 13:45,20.805,864
21,5/7/2024 14:00,11.334,3456
22,5/7/2024 14:15,11.334,3968
23,5/7/2024 14:30,11.722,3072
24,5/7/2024 14:45,11.722,3840
25,5/7/2024 15:00,11.334,3968
26,5/7/2024 15:15,11.334,1856
27,5/7/2024 15:30,11.528,1536
28,5/7/2024 15:45,11.722,3456
29,5/7/2024 16:00,11.916,3200
30,5/7/2024 16:15,11.916,4096
31,5/7/2024 16:30,11.722,1728
32,5/7/2024 16:45,11.722,2816
33,5/7/2024 17:00,11.625,2816
34,5/7/2024 17:15,11.528,1728
35,5/7/2024 17:30,11.431,992
36,5/7/2024 17:45,11.431,992
37,5/7/2024 18:00,11.334,576
38,5/7/2024 18:15,11.139,704
39,5/7/2024 18:30,11.334,432
40,5/7/2024 18:45,11.236,176
41,5/7/2024 19:00,10.944,125
42,5/7/2024 19:15,10.944,86
43,5/7/2024 19:30,10.846,46
44,5/7/2024 19:45,11.334,14
45,5/7/2024 20:00,11.334,0
46,5/7/2024 20:15,11.236,0
47,5/7/2024 20:30,11.236,0
48,5/7/2024 20:45,11.334,0
49,5/7/2024 21:00,11.334,0
50,5/7/2024 21:15,9.965,0
51,5/7/2024 21:30,9.077,0
52,5/7/2024 21:45,8.481,0
53,5/7/2024 22:00,8.68,0
54,5/7/2024 22:15,7.983,0
55,5/7/2024 22:30,7.481,0
56,5/7/2024 22:45,7.381,0
57,5/7/2024 23:00,8.182,0
58,5/7/2024 23:15,8.282,0
59,5/7/2024 23:30,7.582,0
60,5/7/2024 23:45,7.782,0
61,5/8/2024 0:00,7.481,0
62,5/8/2024 0:15,7.481,0
63,5/8/2024 0:30,7.983,0
64,5/8/2024 0:45,8.68,0
65,5/8/2024 1:00,9.373,0
66,5/8/2024 1:15,9.176,0
67,5/8/2024 1:30,9.571,0
68,5/8/2024 1:45,9.472,0
69,5/8/2024 2:00,9.866,0
70,5/8/2024 2:15,9.965,0
71,5/8/2024 2:30,9.768,0
72,5/8/2024 2:45,9.669,0
73,5/8/2024 3:00,9.768,0
74,5/8/2024 3:15,9.768,0
75,5/8/2024 3:30,9.866,0
76,5/8/2024 3:45,10.063,0
77,5/8/2024 4:00,10.161,0
78,5/8/2024 4:15,10.357,0
79,5/8/2024 4:30,10.259,0
80,5/8/2024 4:45,10.357,0
81,5/8/2024 5:00,10.259,0
82,5/8/2024 5:15,10.259,1
83,5/8/2024 5:30,10.455,20
84,5/8/2024 5:45,10.748,77
85,5/8/2024 6:00,10.748,160
86,5/8/2024 6:15,10.748,288
87,5/8/2024 6:30,10.846,304
88,5/8/2024 6:45,10.944,480
89,5/8/2024 7:00,11.236,672
90,5/8/2024 7:15,11.236,448
91,5/8/2024 7:30,11.139,448
92,5/8/2024 7:45,11.236,672
93,5/8/2024 8:00,11.139,672
94,5/8/2024 8:15,11.236,864
95,5/8/2024 8:30,11.139,768
96,5/8/2024 8:45,11.041,304
97,5/8/2024 9:00,10.944,232
98,5/8/2024 9:15,11.041,208
99,5/8/2024 9:30,10.357,108
100,5/8/2024 9:45,10.357,136
101,5/8/2024 10:00,10.161,123
102,5/8/2024 10:15,9.866,67
103,5/8/2024 10:30,9.571,272
104,5/8/2024 10:45,9.571,136
105,5/8/2024 11:00,9.571,105
106,5/8/2024 11:15,9.275,89
107,5/8/2024 11:30,9.077,80
108,5/8/2024 11:45,9.176,152
109,5/8/2024 12:00,9.275,304
110,5/8/2024 12:15,8.978,144
111,5/8/2024 12:30,8.978,192
112,5/8/2024 12:45,8.978,116
113,5/8/2024 13:00,9.077,136
114,5/8/2024 13:15,9.176,256
115,5/8/2024 13:30,9.176,256
116,5/8/2024 13:45,9.275,118
117,5/8/2024 14:00,9.373,272
118,5/8/2024 14:15,9.571,432
119,5/8/2024 14:30,9.472,352
120,5/8/2024 14:45,9.571,288
121,5/8/2024 15:00,9.768,416
122,5/8/2024 15:15,9.866,464
123,5/8/2024 15:30,10.161,336
124,5/8/2024 15:45,10.259,672
125,5/8/2024 16:00,10.259,480
126,5/8/2024 16:15,10.259,320
127,5/8/2024 16:30,10.259,336
128,5/8/2024 16:45,10.553,216
129,5/8/2024 17:00,10.748,192
130,5/8/2024 17:15,10.944,152
131,5/8/2024 17:30,11.041,168
132,5/8/2024 17:45,11.041,75
133,5/8/2024 18:00,11.139,192
134,5/8/2024 18:15,11.236,448
135,5/8/2024 18:30,11.139,96
136,5/8/2024 18:45,11.041,39
137,5/8/2024 19:00,11.139,50
138,5/8/2024 19:15,11.139,76
139,5/8/2024 19:30,11.139,33
140,5/8/2024 19:45,11.139,5
141,5/8/2024 20:00,11.139,0
142,5/8/2024 20:15,11.139,0
143,5/8/2024 20:30,11.139,0
144,5/8/2024 20:45,11.139,0
145,5/8/2024 21:00,11.236,0
146,5/8/2024 21:15,11.236,0
147,5/8/2024 21:30,11.236,0
148,5/8/2024 21:45,11.236,0
149,5/8/2024 22:00,11.139,0
150,5/8/2024 22:15,11.139,0
151,5/8/2024 22:30,11.139,0
152,5/8/2024 22:45,9.275,0
153,5/8/2024 23:00,9.275,0
154,5/8/2024 23:15,9.176,0
155,5/8/2024 23:30,9.275,0
156,5/8/2024 23:45,9.077,0
157,5/9/2024 0:00,9.077,0
158,5/9/2024 0:15,9.176,0
159,5/9/2024 0:30,9.077,0
160,5/9/2024 0:45,9.275,0
161,5/9/2024 1:00,9.373,0
162,5/9/2024 1:15,9.768,0
163,5/9/2024 1:30,10.553,0
164,5/9/2024 1:45,10.651,0
165,5/9/2024 2:00,10.748,0
166,5/9/2024 2:15,10.748,0
167,5/9/2024 2:30,10.846,0
168,5/9/2024 2:45,10.846,0
169,5/9/2024 3:00,10.846,0
170,5/9/2024 3:15,10.846,0
171,5/9/2024 3:30,10.846,0
172,5/9/2024 3:45,10.846,0
173,5/9/2024 4:00,10.846,0
174,5/9/2024 4:15,10.846,0
175,5/9/2024 4:30,10.846,0
176,5/9/2024 4:45,10.846,0
177,5/9/2024 5:00,10.846,0
178,5/9/2024 5:15,10.846,2
179,5/9/2024 5:30,10.846,18
180,5/9/2024 5:45,10.846,55
181,5/9/2024 6:00,10.944,94
182,5/9/2024 6:15,10.944,152
183,5/9/2024 6:30,10.944,232
184,5/9/2024 6:45,10.944,304
185,5/9/2024 7:00,11.041,400
186,5/9/2024 7:15,11.139,400
187,5/9/2024 7:30,11.139,480
188,5/9/2024 7:45,11.139,432
189,5/9/2024 8:00,11.236,704
190,5/9/2024 8:15,11.334,704
191,5/9/2024 8:30,11.334,768
192,5/9/2024 8:45,11.236,608
193,5/9/2024 9:00,11.334,768
194,5/9/2024 9:15,11.139,608
195,5/9/2024 9:30,11.334,1024
196,5/9/2024 9:45,11.236,896
197,5/9/2024 10:00,11.334,576
198,5/9/2024 10:15,11.334,576
199,5/9/2024 10:30,11.236,232
200,5/9/2024 10:45,11.236,576
201,5/9/2024 11:00,11.236,576
202,5/9/2024 11:15,11.041,256
203,5/9/2024 11:30,11.139,248
204,5/9/2024 11:45,11.236,480
205,5/9/2024 12:00,11.334,512
206,5/9/2024 12:15,11.236,384
207,5/9/2024 12:30,11.139,384
208,5/9/2024 12:45,10.748,320
209,5/9/2024 13:00,11.139,248
210,5/9/2024 13:15,11.139,336
211,5/9/2024 13:30,11.334,1344
212,5/9/2024 13:45,10.553,768
213,5/9/2024 14:00,10.553,608
214,5/9/2024 14:15,11.041,480
215,5/9/2024 14:30,11.041,480
216,5/9/2024 14:45,11.041,368
217,5/9/2024 15:00,11.431,1536
218,5/9/2024 15:15,11.528,1344
219,5/9/2024 15:30,11.528,1536
220,5/9/2024 15:45,11.625,1536
221,5/9/2024 16:00,11.625,1344
222,5/9/2024 16:15,11.722,1408
223,5/9/2024 16:30,11.722,1344
224,5/9/2024 16:45,11.722,1088
225,5/9/2024 17:00,11.722,1152
226,5/9/2024 17:15,11.625,1152
227,5/9/2024 17:30,11.625,1088
228,5/9/2024 17:45,11.431,800
229,5/9/2024 18:00,11.431,384
230,5/9/2024 18:15,11.334,608
231,5/9/2024 18:30,11.139,232
232,5/9/2024 18:45,11.139,352
233,5/9/2024 19:00,11.139,82
234,5/9/2024 19:15,11.139,98
235,5/9/2024 19:30,11.139,51
236,5/9/2024 19:45,10.161,14
237,5/9/2024 20:00,10.259,1
238,5/9/2024 20:15,10.553,0
239,5/9/2024 20:30,10.651,0
240,5/9/2024 20:45,10.553,0
241,5/9/2024 21:00,10.455,0
242,5/9/2024 21:15,10.357,0
243,5/9/2024 21:30,10.357,0
244,5/9/2024 21:45,9.965,0
245,5/9/2024 22:00,9.965,0
246,5/9/2024 22:15,9.669,0
247,5/9/2024 22:30,9.571,0
248,5/9/2024 22:45,9.373,0
249,5/9/2024 23:00,9.275,0
250,5/9/2024 23:15,9.176,0
251,5/9/2024 23:30,9.275,0
252,5/9/2024 23:45,9.275,0
253,5/10/2024 0:00,9.275,0
254,5/10/2024 0:15,9.176,0
255,5/10/2024 0:30,9.176,0
256,5/10/2024 0:45,9.077,0
257,5/10/2024 1:00,9.176,0
258,5/10/2024 1:15,9.077,0
259,5/10/2024 1:30,9.176,0
260,5/10/2024 1:45,9.176,0
261,5/10/2024 2:00,9.176,0
262,5/10/2024 2:15,9.275,0
263,5/10/2024 2:30,9.275,0
264,5/10/2024 2:45,9.373,0
265,5/10/2024 3:00,10.063,0
266,5/10/2024 3:15,10.357,0
267,5/10/2024 3:30,10.553,0
268,5/10/2024 3:45,10.357,0
269,5/10/2024 4:00,10.161,0
270,5/10/2024 4:15,10.161,0
271,5/10/2024 4:30,10.063,0
272,5/10/2024 4:45,10.161,0
273,5/10/2024 5:00,10.161,0
274,5/10/2024 5:15,10.259,0
275,5/10/2024 5:30,10.259,4
276,5/10/2024 5:45,10.357,16
277,5/10/2024 6:00,10.357,34
278,5/10/2024 6:15,10.455,81
279,5/10/2024 6:30,10.455,115
280,5/10/2024 6:45,10.357,144
281,5/10/2024 7:00,10.259,272
282,5/10/2024 7:15,10.357,336
283,5/10/2024 7:30,10.357,320
284,5/10/2024 7:45,10.357,368
285,5/10/2024 8:00,10.455,448
286,5/10/2024 8:15,10.455,448
287,5/10/2024 8:30,10.455,480
288,5/10/2024 8:45,10.553,672
289,5/10/2024 9:00,10.553,704
290,5/10/2024 9:15,10.651,800
291,5/10/2024 9:30,10.553,704
292,5/10/2024 9:45,10.748,864
293,5/10/2024 10:00,10.846,1664
294,5/10/2024 10:15,10.846,896
295,5/10/2024 10:30,10.944,2432
296,5/10/2024 10:45,11.041,1920
297,5/10/2024 11:00,11.041,1216
298,5/10/2024 11:15,11.041,1344
299,5/10/2024 11:30,10.944,1856
300,5/10/2024 11:45,10.846,2048
301,5/10/2024 12:00,10.748,1856
302,5/10/2024 12:15,10.748,1728
303,5/10/2024 12:30,10.651,1600
304,5/10/2024 12:45,10.748,1792
305,5/10/2024 13:00,10.651,1536
306,5/10/2024 13:15,10.748,1344
307,5/10/2024 13:30,10.748,1344
308,5/10/2024 13:45,10.846,1408
309,5/10/2024 14:00,10.944,1536
310,5/10/2024 14:15,10.944,1280
311,5/10/2024 14:30,10.944,1664
312,5/10/2024 14:45,11.041,1344
313,5/10/2024 15:00,11.041,1344
314,5/10/2024 15:15,11.041,1216
315,5/10/2024 15:30,11.139,1280
316,5/10/2024 15:45,11.236,1216
317,5/10/2024 16:00,11.334,1152
318,5/10/2024 16:15,11.431,1280
319,5/10/2024 16:30,11.528,1024
320,5/10/2024 16:45,11.528,768
321,5/10/2024 17:00,11.431,800
322,5/10/2024 17:15,11.625,576
323,5/10/2024 17:30,11.722,896
324,5/10/2024 17:45,11.722,864
325,5/10/2024 18:00,11.722,704
326,5/10/2024 18:15,11.625,496
327,5/10/2024 18:30,11.528,320
328,5/10/2024 18:45,11.528,400
329,5/10/2024 19:00,11.431,232
330,5/10/2024 19:15,11.431,144
331,5/10/2024 19:30,11.334,50
332,5/10/2024 19:45,11.334,23
333,5/10/2024 20:00,11.334,4
334,5/10/2024 20:15,11.334,0
335,5/10/2024 20:30,11.334,0
336,5/10/2024 20:45,11.334,0
337,5/10/2024 21:00,11.431,0
338,5/10/2024 21:15,11.431,0
339,5/10/2024 21:30,11.431,0
340,5/10/2024 21:45,11.334,0
341,5/10/2024 22:00,11.334,0
342,5/10/2024 22:15,11.431,0
343,5/10/2024 22:30,11.334,0
344,5/10/2024 22:45,11.431,0
345,5/10/2024 23:00,11.431,0
346,5/10/2024 23:15,11.041,0
347,5/10/2024 23:30,10.455,0
348,5/10/2024 23:45,10.259,0
349,5/11/2024 0:00,10.063,0
350,5/11/2024 0:15,9.965,0
351,5/11/2024 0:30,9.965,0
352,5/11/2024 0:45,9.866,0
353,5/11/2024 1:00,9.866,0
354,5/11/2024 1:15,9.866,0
355,5/11/2024 1:30,9.866,0
356,5/11/2024 1:45,9.866,0
357,5/11/2024 2:00,9.866,0
358,5/11/2024 2:15,9.866,0
359,5/11/2024 2:30,9.866,0
360,5/11/2024 2:45,9.965,0
361,5/11/2024 3:00,9.965,0
362,5/11/2024 3:15,9.965,0
363,5/11/2024 3:30,10.063,0
364,5/11/2024 3:45,10.063,0
365,5/11/2024 4:00,10.846,0
366,5/11/2024 4:15,11.139,0
367,5/11/2024 4:30,11.139,0
368,5/11/2024 4:45,11.139,0
369,5/11/2024 5:00,11.041,0
370,5/11/2024 5:15,10.944,0
371,5/11/2024 5:30,10.748,11
372,5/11/2024 5:45,10.651,32
373,5/11/2024 6:00,10.553,64
374,5/11/2024 6:15,10.651,110
375,5/11/2024 6:30,10.944,160
376,5/11/2024 6:45,10.944,216
377,5/11/2024 7:00,10.944,304
378,5/11/2024 7:15,10.944,432
379,5/11/2024 7:30,10.944,320
380,5/11/2024 7:45,11.041,512
381,5/11/2024 8:00,11.139,992
382,5/11/2024 8:15,11.139,800
383,5/11/2024 8:30,11.139,768
384,5/11/2024 8:45,11.139,896
385,5/11/2024 9:00,11.431,1984
386,5/11/2024 9:15,11.334,2304
387,5/11/2024 9:30,11.819,2432
388,5/11/2024 9:45,11.528,1408
389,5/11/2024 10:00,11.625,1728
390,5/11/2024 10:15,11.528,1344
391,5/11/2024 10:30,11.431,1024
392,5/11/2024 10:45,11.528,864
393,5/11/2024 11:00,11.625,1344
394,5/11/2024 11:15,11.431,672
395,5/11/2024 11:30,11.528,1536
396,5/11/2024 11:45,11.236,1280
397,5/11/2024 12:00,11.139,864
398,5/11/2024 12:15,11.236,768
399,5/11/2024 12:30,11.236,1920
400,5/11/2024 12:45,11.139,768
401,5/11/2024 13:00,10.944,672
402,5/11/2024 13:15,10.944,704
403,5/11/2024 13:30,11.041,704
404,5/11/2024 13:45,11.041,768
405,5/11/2024 14:00,11.139,768
406,5/11/2024 14:15,11.139,800
407,5/11/2024 14:30,11.139,1024
408,5/11/2024 14:45,11.139,896
409,5/11/2024 15:00,11.236,1088
410,5/11/2024 15:15,11.139,1152
411,5/11/2024 15:30,11.236,1088
412,5/11/2024 15:45,11.139,1024
413,5/11/2024 16:00,11.139,1024
414,5/11/2024 16:15,11.041,1024
415,5/11/2024 16:30,11.139,864
416,5/11/2024 16:45,11.139,864
417,5/11/2024 17:00,11.139,800
418,5/11/2024 17:15,11.139,704
419,5/11/2024 17:30,11.236,576
420,5/11/2024 17:45,11.236,512
421,5/11/2024 18:00,11.236,480
422,5/11/2024 18:15,11.236,464
423,5/11/2024 18:30,11.334,352
424,5/11/2024 18:45,11.334,256
425,5/11/2024 19:00,11.431,152
426,5/11/2024 19:15,11.625,121
427,5/11/2024 19:30,11.625,53
428,5/11/2024 19:45,11.625,20
429,5/11/2024 20:00,11.625,4
430,5/11/2024 20:15,11.722,0
431,5/11/2024 20:30,11.722,0
432,5/11/2024 20:45,11.722,0
433,5/11/2024 21:00,11.722,0
434,5/11/2024 21:15,11.722,0
435,5/11/2024 21:30,11.819,0
436,5/11/2024 21:45,11.916,0
437,5/11/2024 22:00,11.916,0
438,5/11/2024 22:15,11.916,0
439,5/11/2024 22:30,11.916,0
440,5/11/2024 22:45,11.916,0
441,5/11/2024 23:00,11.916,0
442,5/11/2024 23:15,11.722,0
443,5/11/2024 23:30,11.625,0
444,5/11/2024 23:45,11.625,0
445,5/12/2024 0:00,11.625,0
446,5/12/2024 0:15,11.625,0
447,5/12/2024 0:30,11.431,0
448,5/12/2024 0:45,11.041,0
449,5/12/2024 1:00,10.651,0
450,5/12/2024 1:15,10.553,0
451,5/12/2024 1:30,10.455,0
452,5/12/2024 1:45,10.259,0
453,5/12/2024 2:00,10.161,0
454,5/12/2024 2:15,10.161,0
455,5/12/2024 2:30,10.161,0
456,5/12/2024 2:45,10.161,0
457,5/12/2024 3:00,10.161,0
458,5/12/2024 3:15,10.161,0
459,5/12/2024 3:30,10.259,0
460,5/12/2024 3:45,10.357,0
461,5/12/2024 4:00,11.139,0
462,5/12/2024 4:15,11.431,0
463,5/12/2024 4:30,11.431,0
464,5/12/2024 4:45,11.334,0
465,5/12/2024 5:00,11.236,0
466,5/12/2024 5:15,11.139,0
467,5/12/2024 5:30,11.041,7
468,5/12/2024 5:45,11.041,24
469,5/12/2024 6:00,11.041,53
470,5/12/2024 6:15,11.041,91
471,5/12/2024 6:30,11.041,136
472,5/12/2024 6:45,11.139,168
473,5/12/2024 7:00,11.334,288
474,5/12/2024 7:15,11.334,384
475,5/12/2024 7:30,11.431,416
476,5/12/2024 7:45,11.431,576
477,5/12/2024 8:00,11.528,672
478,5/12/2024 8:15,11.431,672
479,5/12/2024 8:30,11.334,800
480,5/12/2024 8:45,11.528,896
481,5/12/2024 9:00,11.625,1152
482,5/12/2024 9:15,11.819,1536
483,5/12/2024 9:30,11.819,3072
484,5/12/2024 9:45,12.11,2816
485,5/12/2024 10:00,12.207,2432
486,5/12/2024 10:15,12.013,1344
487,5/12/2024 10:30,12.013,1792
488,5/12/2024 10:45,12.11,2048
489,5/12/2024 11:00,12.013,2048
490,5/12/2024 11:15,12.013,2304
491,5/12/2024 11:30,11.722,2432
492,5/12/2024 11:45,11.625,2048
493,5/12/2024 12:00,11.334,1920
494,5/12/2024 12:15,11.041,960
495,5/12/2024 12:30,11.334,2304
496,5/12/2024 12:45,11.236,2176
497,5/12/2024 13:00,11.139,1984
498,5/12/2024 13:15,11.041,1664
499,5/12/2024 13:30,11.041,1344
500,5/12/2024 13:45,11.041,1344
501,5/12/2024 14:00,11.139,1792
502,5/12/2024 14:15,10.846,1024
503,5/12/2024 14:30,10.748,608
504,5/12/2024 14:45,10.944,1344
505,5/12/2024 15:00,10.651,480
506,5/12/2024 15:15,10.748,608
507,5/12/2024 15:30,10.748,432
508,5/12/2024 15:45,10.651,368
509,5/12/2024 16:00,10.748,248
510,5/12/2024 16:15,10.748,400
511,5/12/2024 16:30,10.846,248
512,5/12/2024 16:45,10.944,256
513,5/12/2024 17:00,11.041,160
514,5/12/2024 17:15,10.944,115
515,5/12/2024 17:30,10.944,136
516,5/12/2024 17:45,11.041,111
517,5/12/2024 18:00,11.139,114
518,5/12/2024 18:15,11.334,92
519,5/12/2024 18:30,11.431,94
520,5/12/2024 18:45,11.431,108
521,5/12/2024 19:00,11.528,89
522,5/12/2024 19:15,11.334,63
523,5/12/2024 19:30,11.334,27
524,5/12/2024 19:45,11.431,9
525,5/12/2024 20:00,11.431,1
526,5/12/2024 20:15,11.431,0
527,5/12/2024 20:30,11.431,0
528,5/12/2024 20:45,11.334,0
529,5/12/2024 21:00,11.236,0
530,5/12/2024 21:15,11.236,0
531,5/12/2024 21:30,11.236,0
532,5/12/2024 21:45,11.625,0
533,5/12/2024 22:00,11.819,0
534,5/12/2024 22:15,11.528,0
535,5/12/2024 22:30,10.846,0
536,5/12/2024 22:45,10.651,0
537,5/12/2024 23:00,10.553,0
538,5/12/2024 23:15,10.553,0
539,5/12/2024 23:30,10.553,0
540,5/12/2024 23:45,10.846,0
541,5/13/2024 0:00,10.944,0
542,5/13/2024 0:15,11.139,0
543,5/13/2024 0:30,11.431,0
544,5/13/2024 0:45,10.651,0
545,5/13/2024 1:00,10.553,0
546,5/13/2024 1:15,10.553,0
547,5/13/2024 1:30,10.455,0
548,5/13/2024 1:45,10.455,0
549,5/13/2024 2:00,10.455,0
550,5/13/2024 2:15,10.455,0
551,5/13/2024 2:30,10.455,0
552,5/13/2024 2:45,10.455,0
553,5/13/2024 3:00,10.455,0
554,5/13/2024 3:15,10.455,0
555,5/13/2024 3:30,10.455,0
556,5/13/2024 3:45,10.455,0
557,5/13/2024 4:00,10.455,0
558,5/13/2024 4:15,10.455,0
559,5/13/2024 4:30,10.553,0
560,5/13/2024 4:45,10.553,0
561,5/13/2024 5:00,10.846,0
562,5/13/2024 5:15,11.139,0
563,5/13/2024 5:30,11.334,8
564,5/13/2024 5:45,11.236,22
565,5/13/2024 6:00,11.334,41
566,5/13/2024 6:15,11.334,74
567,5/13/2024 6:30,11.334,116
568,5/13/2024 6:45,11.334,160
569,5/13/2024 7:00,11.334,224
570,5/13/2024 7:15,11.431,272
571,5/13/2024 7:30,11.431,384
572,5/13/2024 7:45,11.528,448
573,5/13/2024 8:00,11.528,480
574,5/13/2024 8:15,11.625,704
575,5/13/2024 8:30,11.722,896
576,5/13/2024 8:45,11.819,1152
577,5/13/2024 9:00,11.916,1344
578,5/13/2024 9:15,12.013,1600
579,5/13/2024 9:30,12.11,1984
580,5/13/2024 9:45,12.207,2048
581,5/13/2024 10:00,12.304,2560
582,5/13/2024 10:15,12.401,2688
583,5/13/2024 10:30,12.497,2944
584,5/13/2024 10:45,12.497,704
585,5/13/2024 11:00,12.497,1728
586,5/13/2024 11:15,12.497,2688
587,5/13/2024 11:30,12.497,3968
588,5/13/2024 11:45,12.401,2816
589,5/13/2024 12:00,12.401,2304
590,5/13/2024 12:15,12.401,3328
591,5/13/2024 12:30,12.304,3712
592,5/13/2024 12:45,12.401,3456
593,5/13/2024 13:00,11.819,2944
594,5/13/2024 13:15,11.625,3072
595,5/13/2024 13:30,11.528,2304
596,5/13/2024 13:45,11.625,2688
597,5/13/2024 14:00,11.625,2560
598,5/13/2024 14:15,11.625,2304
599,5/13/2024 14:30,11.528,1792
600,5/13/2024 14:45,11.431,1920
601,5/13/2024 15:00,11.528,1664
602,5/13/2024 15:15,11.334,1472
603,5/13/2024 15:30,11.139,1472
604,5/13/2024 15:45,11.139,1152
605,5/13/2024 16:00,11.139,1088
606,5/13/2024 16:15,11.041,992
607,5/13/2024 16:30,10.944,864
608,5/13/2024 16:45,10.944,864
609,5/13/2024 17:00,10.846,672
610,5/13/2024 17:15,10.846,576
611,5/13/2024 17:30,10.748,480
612,5/13/2024 17:45,10.748,448
613,5/13/2024 18:00,10.651,368
614,5/13/2024 18:15,10.553,216
615,5/13/2024 18:30,10.553,184
616,5/13/2024 18:45,10.553,160
617,5/13/2024 19:00,10.553,124
618,5/13/2024 19:15,10.553,70
619,5/13/2024 19:30,10.553,42
620,5/13/2024 19:45,10.455,23
621,5/13/2024 20:00,10.455,4
622,5/13/2024 20:15,10.455,0
623,5/13/2024 20:30,10.455,0
624,5/13/2024 20:45,10.455,0
625,5/13/2024 21:00,10.455,0
626,5/13/2024 21:15,10.455,0
627,5/13/2024 21:30,10.455,0
628,5/13/2024 21:45,10.553,0
629,5/13/2024 22:00,10.748,0
630,5/13/2024 22:15,11.236,0
631,5/13/2024 22:30,11.431,0
632,5/13/2024 22:45,11.722,0
633,5/13/2024 23:00,11.041,0
634,5/13/2024 23:15,11.041,0
635,5/13/2024 23:30,10.553,0
636,5/13/2024 23:45,10.553,0
637,5/14/2024 0:00,10.455,0
638,5/14/2024 0:15,10.455,0
639,5/14/2024 0:30,10.553,0
640,5/14/2024 0:45,10.357,0
641,5/14/2024 1:00,10.357,0
642,5/14/2024 1:15,10.161,0
643,5/14/2024 1:30,9.965,0
644,5/14/2024 1:45,9.866,0
645,5/14/2024 2:00,9.866,0
646,5/14/2024 2:15,9.768,0
647,5/14/2024 2:30,9.768,0
648,5/14/2024 2:45,9.768,0
649,5/14/2024 3:00,9.866,0
650,5/14/2024 3:15,9.866,0
651,5/14/2024 3:30,9.866,0
652,5/14/2024 3:45,9.965,0
653,5/14/2024 4:00,9.965,0
654,5/14/2024 4:15,9.866,0
655,5/14/2024 4:30,9.866,0
656,5/14/2024 4:45,9.965,0
657,5/14/2024 5:00,9.965,0
658,5/14/2024 5:15,10.063,0
659,5/14/2024 5:30,10.063,6
660,5/14/2024 5:45,10.161,23
661,5/14/2024 6:00,10.161,76
662,5/14/2024 6:15,10.259,109
663,5/14/2024 6:30,10.063,86
664,5/14/2024 6:45,10.259,114
665,5/14/2024 7:00,10.357,152
666,5/14/2024 7:15,10.357,272
667,5/14/2024 7:30,10.357,336
668,5/14/2024 7:45,10.357,232
669,5/14/2024 8:00,10.455,512
670,5/14/2024 8:15,10.553,608
671,5/14/2024 8:30,10.455,512
672,5/14/2024 8:45,10.455,608
673,5/14/2024 9:00,10.553,800
674,5/14/2024 9:15,10.553,800
675,5/14/2024 9:30,10.944,1664
676,5/14/2024 9:45,10.846,1920
677,5/14/2024 10:00,11.041,1536
678,5/14/2024 10:15,11.139,1728
679,5/14/2024 10:30,11.236,1920
680,5/14/2024 10:45,11.334,2944
681,5/14/2024 11:00,11.431,4096
682,5/14/2024 11:15,11.722,3328
683,5/14/2024 11:30,12.207,5120
684,5/14/2024 11:45,12.883,2304
685,5/14/2024 12:00,13.173,3072
686,5/14/2024 12:15,13.365,3072
687,5/14/2024 12:30,13.076,2944
688,5/14/2024 12:45,12.11,5120
689,5/14/2024 13:00,11.916,2816
690,5/14/2024 13:15,12.013,4352
691,5/14/2024 13:30,11.916,2688
692,5/14/2024 13:45,11.236,2816
693,5/14/2024 14:00,11.334,2176
694,5/14/2024 14:15,11.625,2176
695,5/14/2024 14:30,12.11,1728
696,5/14/2024 14:45,11.139,2176
697,5/14/2024 15:00,10.944,1792
698,5/14/2024 15:15,11.625,1792
699,5/14/2024 15:30,11.722,2048
700,5/14/2024 15:45,11.819,1344
701,5/14/2024 16:00,11.916,1472
702,5/14/2024 16:15,11.916,1152
703,5/14/2024 16:30,12.013,960
704,5/14/2024 16:45,11.625,864
705,5/14/2024 17:00,10.944,768
706,5/14/2024 17:15,10.553,672
707,5/14/2024 17:30,10.553,576
708,5/14/2024 17:45,9.373,480
709,5/14/2024 18:00,9.866,416
710,5/14/2024 18:15,9.472,304
711,5/14/2024 18:30,9.866,240
712,5/14/2024 18:45,9.768,192
713,5/14/2024 19:00,9.669,136
714,5/14/2024 19:15,9.866,83
715,5/14/2024 19:30,9.768,47
716,5/14/2024 19:45,9.373,22
717,5/14/2024 20:00,9.866,5
718,5/14/2024 20:15,9.866,0
719,5/14/2024 20:30,9.571,0
720,5/14/2024 20:45,9.472,0
721,5/14/2024 21:00,9.275,0
722,5/14/2024 21:15,9.077,0
723,5/14/2024 21:30,9.176,0
724,5/14/2024 21:45,9.965,0
725,5/14/2024 22:00,9.866,0
726,5/14/2024 22:15,9.965,0
727,5/14/2024 22:30,10.455,0
728,5/14/2024 22:45,10.944,0
729,5/14/2024 23:00,11.236,0
730,5/14/2024 23:15,11.625,0
731,5/14/2024 23:30,11.916,0
732,5/14/2024 23:45,11.916,0
733,5/15/2024 0:00,11.819,0
734,5/15/2024 0:15,11.334,0
735,5/15/2024 0:30,8.779,0
736,5/15/2024 0:45,8.581,0
737,5/15/2024 1:00,8.382,0
738,5/15/2024 1:15,9.571,0
739,5/15/2024 1:30,12.11,0
740,5/15/2024 1:45,12.013,0
741,5/15/2024 2:00,12.013,0
742,5/15/2024 2:15,11.528,0
743,5/15/2024 2:30,10.161,0
744,5/15/2024 2:45,9.669,0
745,5/15/2024 3:00,9.768,0
746,5/15/2024 3:15,9.768,0
747,5/15/2024 3:30,9.571,0
748,5/15/2024 3:45,9.669,0
749,5/15/2024 4:00,9.768,0
750,5/15/2024 4:15,9.866,0
751,5/15/2024 4:30,10.063,0
752,5/15/2024 4:45,10.259,0
753,5/15/2024 5:00,10.357,0
754,5/15/2024 5:15,10.455,1
755,5/15/2024 5:30,10.357,9
756,5/15/2024 5:45,10.161,24
757,5/15/2024 6:00,10.455,59
758,5/15/2024 6:15,10.553,76
759,5/15/2024 6:30,10.161,74
760,5/15/2024 6:45,9.669,113
761,5/15/2024 7:00,10.259,168
762,5/15/2024 7:15,10.357,216
763,5/15/2024 7:30,10.846,256
764,5/15/2024 7:45,10.944,368
765,5/15/2024 8:00,10.944,576
766,5/15/2024 8:15,10.748,672
767,5/15/2024 8:30,10.748,768
768,5/15/2024 8:45,10.651,704
769,5/15/2024 9:00,10.846,960
770,5/15/2024 9:15,10.944,1152
771,5/15/2024 9:30,11.236,1344
772,5/15/2024 9:45,11.041,1280
773,5/15/2024 10:00,10.846,1536
774,5/15/2024 10:15,10.846,1600
775,5/15/2024 10:30,11.041,2432
776,5/15/2024 10:45,10.944,2304
777,5/15/2024 11:00,10.944,1792
778,5/15/2024 11:15,10.944,1920
779,5/15/2024 11:30,11.139,2048
780,5/15/2024 11:45,11.139,2048
781,5/15/2024 12:00,11.334,2176
782,5/15/2024 12:15,11.334,2048
783,5/15/2024 12:30,11.431,1984
784,5/15/2024 12:45,11.431,1664
785,5/15/2024 13:00,11.431,1472
786,5/15/2024 13:15,11.722,1280
787,5/15/2024 13:30,11.916,1216
788,5/15/2024 13:45,11.722,1152
789,5/15/2024 14:00,11.139,1088
790,5/15/2024 14:15,10.357,1088
791,5/15/2024 14:30,10.259,1024
792,5/15/2024 14:45,10.259,704
793,5/15/2024 15:00,10.161,896
794,5/15/2024 15:15,9.866,992
795,5/15/2024 15:30,10.161,768
796,5/15/2024 15:45,10.063,800
797,5/15/2024 16:00,10.846,768
798,5/15/2024 16:15,11.334,608
799,5/15/2024 16:30,10.748,576
800,5/15/2024 16:45,9.866,480
801,5/15/2024 17:00,10.455,400
802,5/15/2024 17:15,10.748,320
803,5/15/2024 17:30,11.041,288
804,5/15/2024 17:45,10.846,272
805,5/15/2024 18:00,11.139,248
806,5/15/2024 18:15,10.748,184
807,5/15/2024 18:30,11.236,111
808,5/15/2024 18:45,11.431,81
809,5/15/2024 19:00,11.431,74
810,5/15/2024 19:15,11.334,52
811,5/15/2024 19:30,11.431,25
812,5/15/2024 19:45,11.528,7
813,5/15/2024 20:00,11.528,1
814,5/15/2024 20:15,11.528,0
815,5/15/2024 20:30,11.528,0
816,5/15/2024 20:45,11.528,0
817,5/15/2024 21:00,11.625,0
818,5/15/2024 21:15,11.334,0
819,5/15/2024 21:30,11.139,0
820,5/15/2024 21:45,11.139,0
821,5/15/2024 22:00,11.139,0
822,5/15/2024 22:15,11.139,0
823,5/15/2024 22:30,11.139,0
824,5/15/2024 22:45,11.139,0
825,5/15/2024 23:00,11.041,0
826,5/15/2024 23:15,11.041,0
827,5/15/2024 23:30,10.944,0
828,5/15/2024 23:45,10.944,0
829,5/16/2024 0:00,10.846,0
830,5/16/2024 0:15,10.651,0
831,5/16/2024 0:30,10.651,0
832,5/16/2024 0:45,10.651,0
833,5/16/2024 1:00,10.651,0
834,5/16/2024 1:15,10.553,0
835,5/16/2024 1:30,10.553,0
836,5/16/2024 1:45,10.553,0
837,5/16/2024 2:00,10.651,0
838,5/16/2024 2:15,10.748,0
839,5/16/2024 2:30,10.748,0
840,5/16/2024 2:45,10.748,0
841,5/16/2024 3:00,9.669,0
842,5/16/2024 3:15,9.373,0
843,5/16/2024 3:30,8.68,0
844,5/16/2024 3:45,8.68,0
845,5/16/2024 4:00,8.581,0
846,5/16/2024 4:15,8.581,0
847,5/16/2024 4:30,9.077,0
848,5/16/2024 4:45,9.077,0
849,5/16/2024 5:00,9.176,0
850,5/16/2024 5:15,9.373,0
851,5/16/2024 5:30,9.373,2
852,5/16/2024 5:45,9.472,1
853,5/16/2024 6:00,9.571,4
854,5/16/2024 6:15,9.275,27
855,5/16/2024 6:30,9.472,29
856,5/16/2024 6:45,9.373,32
857,5/16/2024 7:00,9.176,42
858,5/16/2024 7:15,9.373,98
859,5/16/2024 7:30,9.373,83
860,5/16/2024 7:45,9.472,75
861,5/16/2024 8:00,9.571,110
862,5/16/2024 8:15,9.669,168
863,5/16/2024 8:30,9.768,320
864,5/16/2024 8:45,9.768,352
865,5/16/2024 9:00,9.866,384
866,5/16/2024 9:15,10.063,512
867,5/16/2024 9:30,10.259,672
868,5/16/2024 9:45,10.455,1088
869,5/16/2024 10:00,10.553,1024
870,5/16/2024 10:15,10.651,1344
871,5/16/2024 10:30,10.748,1152
872,5/16/2024 10:45,10.846,1344
873,5/16/2024 11:00,11.139,2176
874,5/16/2024 11:15,11.139,1984
875,5/16/2024 11:30,11.236,2176
876,5/16/2024 11:45,11.236,2048
877,5/16/2024 12:00,11.431,2432
878,5/16/2024 12:15,11.334,2048
879,5/16/2024 12:30,11.625,2688
880,5/16/2024 12:45,11.431,2048
881,5/16/2024 13:00,11.334,1344
882,5/16/2024 13:15,11.236,1088
883,5/16/2024 13:30,11.334,1216
884,5/16/2024 13:45,11.334,1216
885,5/16/2024 14:00,11.431,1344
886,5/16/2024 14:15,11.625,1536
887,5/16/2024 14:30,11.625,1408
888,5/16/2024 14:45,11.722,1344
889,5/16/2024 15:00,11.916,1600
890,5/16/2024 15:15,11.819,1216
891,5/16/2024 15:30,11.722,960
892,5/16/2024 15:45,11.722,992
893,5/16/2024 16:00,11.722,1024
894,5/16/2024 16:15,11.722,1024
895,5/16/2024 16:30,11.722,1088
896,5/16/2024 16:45,11.625,480
897,5/16/2024 17:00,11.625,480
898,5/16/2024 17:15,11.625,448
899,5/16/2024 17:30,11.625,432
900,5/16/2024 17:45,11.625,400
901,5/16/2024 18:00,11.625,336
902,5/16/2024 18:15,11.625,256
903,5/16/2024 18:30,11.625,272
904,5/16/2024 18:45,11.528,128
905,5/16/2024 19:00,11.528,160
906,5/16/2024 19:15,11.528,83
907,5/16/2024 19:30,11.528,43
908,5/16/2024 19:45,11.528,17
909,5/16/2024 20:00,11.528,4
910,5/16/2024 20:15,11.722,0
911,5/16/2024 20:30,11.625,0
912,5/16/2024 20:45,11.625,0
913,5/16/2024 21:00,11.625,0
914,5/16/2024 21:15,11.625,0
915,5/16/2024 21:30,11.625,0
916,5/16/2024 21:45,11.625,0
917,5/16/2024 22:00,11.722,0
918,5/16/2024 22:15,11.722,0
919,5/16/2024 22:30,11.722,0
920,5/16/2024 22:45,11.722,0
921,5/16/2024 23:00,11.722,0
922,5/16/2024 23:15,11.625,0
923,5/16/2024 23:30,11.625,0
924,5/16/2024 23:45,11.625,0
925,5/17/2024 0:00,11.625,0
926,5/17/2024 0:15,11.722,0
927,5/17/2024 0:30,11.819,0
928,5/17/2024 0:45,11.819,0
929,5/17/2024 1:00,11.819,0
930,5/17/2024 1:15,11.819,0
931,5/17/2024 1:30,11.819,0
932,5/17/2024 1:45,11.819,0
933,5/17/2024 2:00,11.819,0
934,5/17/2024 2:15,11.819,0
935,5/17/2024 2:30,11.819,0
936,5/17/2024 2:45,11.819,0
937,5/17/2024 3:00,11.819,0
938,5/17/2024 3:15,11.722,0
939,5/17/2024 3:30,11.819,0
940,5/17/2024 3:45,11.819,0
941,5/17/2024 4:00,11.819,0
942,5/17/2024 4:15,11.819,0
943,5/17/2024 4:30,11.722,0
944,5/17/2024 4:45,11.722,0
945,5/17/2024 5:00,11.722,0
946,5/17/2024 5:15,11.819,2
947,5/17/2024 5:30,11.819,10
948,5/17/2024 5:45,11.819,21
949,5/17/2024 6:00,11.819,46
950,5/17/2024 6:15,11.819,45
951,5/17/2024 6:30,11.819,60
952,5/17/2024 6:45,11.819,55
953,5/17/2024 7:00,11.819,61
954,5/17/2024 7:15,11.819,98
955,5/17/2024 7:30,11.819,136
956,5/17/2024 7:45,11.819,224
957,5/17/2024 8:00,11.916,288
958,5/17/2024 8:15,11.916,368
959,5/17/2024 8:30,11.916,448
960,5/17/2024 8:45,11.916,480
961,5/17/2024 9:00,12.013,512
962,5/17/2024 9:15,12.013,608
963,5/17/2024 9:30,12.11,768
964,5/17/2024 9:45,12.207,1152
965,5/17/2024 10:00,12.304,960
966,5/17/2024 10:15,12.401,1344
967,5/17/2024 10:30,12.497,1920
968,5/17/2024 10:45,12.594,1728
969,5/17/2024 11:00,12.69,2176
970,5/17/2024 11:15,12.883,2048
971,5/17/2024 11:30,13.076,3584
972,5/17/2024 11:45,13.269,3072
973,5/17/2024 12:00,13.365,2560
974,5/17/2024 12:15,13.269,2432
975,5/17/2024 12:30,13.365,2048
976,5/17/2024 12:45,13.269,1728
977,5/17/2024 13:00,13.461,2304
978,5/17/2024 13:15,13.461,2048
979,5/17/2024 13:30,13.558,2048
980,5/17/2024 13:45,13.654,2048
981,5/17/2024 14:00,13.558,2048
982,5/17/2024 14:15,13.558,1920
983,5/17/2024 14:30,13.558,1536
984,5/17/2024 14:45,13.558,2048
985,5/17/2024 15:00,13.942,2688
986,5/17/2024 15:15,13.846,2816
987,5/17/2024 15:30,13.654,1536
988,5/17/2024 15:45,13.558,1408
989,5/17/2024 16:00,12.401,672
990,5/17/2024 16:15,12.497,1216
991,5/17/2024 16:30,12.401,960
992,5/17/2024 16:45,12.497,672
993,5/17/2024 17:00,12.304,608
994,5/17/2024 17:15,12.207,464
995,5/17/2024 17:30,12.69,464
996,5/17/2024 17:45,12.594,416
997,5/17/2024 18:00,12.69,200
998,5/17/2024 18:15,12.69,124
999,5/17/2024 18:30,12.69,200
1000,5/17/2024 18:45,12.883,176
1001,5/17/2024 19:00,12.98,100
1002,5/17/2024 19:15,12.304,61
1003,5/17/2024 19:30,12.69,31
1004,5/17/2024 19:45,12.883,16
1005,5/17/2024 20:00,12.883,2
1006,5/17/2024 20:15,12.787,0
1007,5/17/2024 20:30,12.883,0
1008,5/17/2024 20:45,12.98,0
1009,5/17/2024 21:00,12.883,0
1010,5/17/2024 21:15,12.98,0
1011,5/17/2024 21:30,12.98,0
1012,5/17/2024 21:45,13.076,0
1013,5/17/2024 22:00,13.173,0
1014,5/17/2024 22:15,13.076,0
1015,5/17/2024 22:30,13.076,0
1016,5/17/2024 22:45,13.076,0
1017,5/17/2024 23:00,13.076,0
1018,5/17/2024 23:15,13.076,0
1019,5/17/2024 23:30,13.076,0
1020,5/17/2024 23:45,13.076,0
1021,5/18/2024 0:00,13.076,0
1022,5/18/2024 0:15,13.076,0
1023,5/18/2024 0:30,13.076,0
1024,5/18/2024 0:45,13.076,0
1025,5/18/2024 1:00,13.076,0
1026,5/18/2024 1:15,13.076,0
1027,5/18/2024 1:30,13.076,0
1028,5/18/2024 1:45,13.076,0
1029,5/18/2024 2:00,12.98,0
1030,5/18/2024 2:15,13.076,0
1031,5/18/2024 2:30,13.076,0
1032,5/18/2024 2:45,13.076,0
1033,5/18/2024 3:00,13.076,0
1034,5/18/2024 3:15,13.076,0
1035,5/18/2024 3:30,13.076,0
1036,5/18/2024 3:45,13.076,0
1037,5/18/2024 4:00,13.076,0
1038,5/18/2024 4:15,13.076,0
1039,5/18/2024 4:30,13.076,0
1040,5/18/2024 4:45,13.076,0
1041,5/18/2024 5:00,13.076,0
1042,5/18/2024 5:15,12.98,0
1043,5/18/2024 5:30,12.98,4
1044,5/18/2024 5:45,12.98,9
1045,5/18/2024 6:00,13.076,26
1046,5/18/2024 6:15,13.076,55
1047,5/18/2024 6:30,13.076,65
1048,5/18/2024 6:45,13.076,89
1049,5/18/2024 7:00,13.076,96
1050,5/18/2024 7:15,13.076,105
1051,5/18/2024 7:30,13.076,114
1052,5/18/2024 7:45,13.076,111
1053,5/18/2024 8:00,13.076,192
1054,5/18/2024 8:15,13.076,256
1055,5/18/2024 8:30,13.076,248
1056,5/18/2024 8:45,13.076,256
1057,5/18/2024 9:00,13.173,368
1058,5/18/2024 9:15,13.173,368
1059,5/18/2024 9:30,13.173,232
1060,5/18/2024 9:45,13.173,232
1061,5/18/2024 10:00,13.173,336
1062,5/18/2024 10:15,13.269,448
1063,5/18/2024 10:30,13.269,320
1064,5/18/2024 10:45,13.269,320
1065,5/18/2024 11:00,13.269,320
1066,5/18/2024 11:15,13.269,368
1067,5/18/2024 11:30,13.269,368
1068,5/18/2024 11:45,13.269,512
1069,5/18/2024 12:00,13.269,464
1070,5/18/2024 12:15,13.269,480
1071,5/18/2024 12:30,13.173,400
1072,5/18/2024 12:45,13.269,512
1073,5/18/2024 13:00,13.461,1152
1074,5/18/2024 13:15,13.461,864
1075,5/18/2024 13:30,13.461,800
1076,5/18/2024 13:45,13.461,512
1077,5/18/2024 14:00,13.558,800
1078,5/18/2024 14:15,13.558,704
1079,5/18/2024 14:30,13.558,672
1080,5/18/2024 14:45,13.461,512
1081,5/18/2024 15:00,13.461,384
1082,5/18/2024 15:15,13.365,352
1083,5/18/2024 15:30,13.365,320
1084,5/18/2024 15:45,13.365,320
1085,5/18/2024 16:00,13.365,224
1086,5/18/2024 16:15,13.365,160
1087,5/18/2024 16:30,13.269,144
1088,5/18/2024 16:45,13.269,184
1089,5/18/2024 17:00,13.269,121
1090,5/18/2024 17:15,13.269,83
1091,5/18/2024 17:30,13.269,102
1092,5/18/2024 17:45,13.269,87
1093,5/18/2024 18:00,13.269,62
1094,5/18/2024 18:15,13.269,48
1095,5/18/2024 18:30,13.269,32
1096,5/18/2024 18:45,13.269,26
1097,5/18/2024 19:00,13.269,16
1098,5/18/2024 19:15,13.269,21
1099,5/18/2024 19:30,13.269,10
1100,5/18/2024 19:45,13.269,4
1101,5/18/2024 20:00,13.269,0
1102,5/18/2024 20:15,13.269,0
1103,5/18/2024 20:30,13.269,0
1104,5/18/2024 20:45,13.269,0
1105,5/18/2024 21:00,13.269,0
1106,5/18/2024 21:15,13.269,0
1107,5/18/2024 21:30,13.269,0
1108,5/18/2024 21:45,13.269,0
1109,5/18/2024 22:00,13.269,0
1110,5/18/2024 22:15,13.269,0
1111,5/18/2024 22:30,13.269,0
1112,5/18/2024 22:45,13.269,0
1113,5/18/2024 23:00,13.269,0
1114,5/18/2024 23:15,13.269,0
1115,5/18/2024 23:30,13.269,0
1116,5/18/2024 23:45,13.173,0
1117,5/19/2024 0:00,13.173,0
1118,5/19/2024 0:15,13.173,0
1119,5/19/2024 0:30,13.173,0
1120,5/19/2024 0:45,13.173,0
1121,5/19/2024 1:00,13.173,0
1122,5/19/2024 1:15,13.173,0
1123,5/19/2024 1:30,13.173,0
1124,5/19/2024 1:45,13.173,0
1125,5/19/2024 2:00,13.173,0
1126,5/19/2024 2:15,13.173,0
1127,5/19/2024 2:30,13.173,0
1128,5/19/2024 2:45,13.173,0
1129,5/19/2024 3:00,13.173,0
1130,5/19/2024 3:15,13.173,0
1131,5/19/2024 3:30,13.173,0
1132,5/19/2024 3:45,13.173,0
1133,5/19/2024 4:00,13.173,0
1134,5/19/2024 4:15,13.173,0
1135,5/19/2024 4:30,13.173,0
1136,5/19/2024 4:45,13.076,0
1137,5/19/2024 5:00,13.076,0
1138,5/19/2024 5:15,13.076,0
1139,5/19/2024 5:30,13.076,5
1140,5/19/2024 5:45,13.076,11
1141,5/19/2024 6:00,13.173,16
1142,5/19/2024 6:15,13.173,30
1143,5/19/2024 6:30,13.076,41
1144,5/19/2024 6:45,13.076,55
1145,5/19/2024 7:00,13.076,56
1146,5/19/2024 7:15,13.076,73
1147,5/19/2024 7:30,13.076,56
1148,5/19/2024 7:45,12.98,95
1149,5/19/2024 8:00,12.787,92
1150,5/19/2024 8:15,12.594,104
1151,5/19/2024 8:30,12.497,160
1152,5/19/2024 8:45,12.304,160
1153,5/19/2024 9:00,12.304,224
1154,5/19/2024 9:15,12.304,232
1155,5/19/2024 9:30,12.304,184
1156,5/19/2024 9:45,12.304,208
1157,5/19/2024 10:00,12.304,272
1158,5/19/2024 10:15,12.304,272
1159,5/19/2024 10:30,12.401,272
1160,5/19/2024 10:45,12.497,288
1161,5/19/2024 11:00,12.594,384
1162,5/19/2024 11:15,12.69,320
1163,5/19/2024 11:30,12.787,480
1164,5/19/2024 11:45,12.883,576
1165,5/19/2024 12:00,13.076,768
1166,5/19/2024 12:15,13.173,768
1167,5/19/2024 12:30,13.269,672
1168,5/19/2024 12:45,13.461,864
1169,5/19/2024 13:00,13.558,800
1170,5/19/2024 13:15,13.461,512
1171,5/19/2024 13:30,13.558,1088
1172,5/19/2024 13:45,13.558,608
1173,5/19/2024 14:00,13.654,1088
1174,5/19/2024 14:15,13.846,1600
1175,5/19/2024 14:30,13.846,1408
1176,5/19/2024 14:45,13.846,1216
1177,5/19/2024 15:00,13.846,864
1178,5/19/2024 15:15,13.654,768
1179,5/19/2024 15:30,13.654,1152
1180,5/19/2024 15:45,13.75,1920
1181,5/19/2024 16:00,13.461,576
1182,5/19/2024 16:15,13.654,1216
1183,5/19/2024 16:30,13.558,608
1184,5/19/2024 16:45,13.654,704
1185,5/19/2024 17:00,13.654,576
1186,5/19/2024 17:15,13.558,352
1187,5/19/2024 17:30,13.558,240
1188,5/19/2024 17:45,13.558,224
1189,5/19/2024 18:00,13.461,128
1190,5/19/2024 18:15,13.365,96
1191,5/19/2024 18:30,13.365,87
1192,5/19/2024 18:45,13.269,84
1193,5/19/2024 19:00,12.98,57
1194,5/19/2024 19:15,12.98,42
1195,5/19/2024 19:30,13.076,26
1196,5/19/2024 19:45,12.98,14
1197,5/19/2024 20:00,12.497,4
1198,5/19/2024 20:15,12.497,0
1199,5/19/2024 20:30,12.497,0
1200,5/19/2024 20:45,12.401,0
1201,5/19/2024 21:00,12.401,0
1202,5/19/2024 21:15,12.401,0
1203,5/19/2024 21:30,12.401,0
1204,5/19/2024 21:45,12.401,0
1205,5/19/2024 22:00,12.401,0
1206,5/19/2024 22:15,12.497,0
1207,5/19/2024 22:30,12.497,0
1208,5/19/2024 22:45,12.594,0
1209,5/19/2024 23:00,12.594,0
1210,5/19/2024 23:15,12.69,0
1211,5/19/2024 23:30,12.69,0
1212,5/19/2024 23:45,12.787,0
1213,5/20/2024 0:00,12.98,0
1214,5/20/2024 0:15,12.98,0
1215,5/20/2024 0:30,12.98,0
1216,5/20/2024 0:45,13.076,0
1217,5/20/2024 1:00,13.076,0
1218,5/20/2024 1:15,13.173,0
1219,5/20/2024 1:30,13.173,0
1220,5/20/2024 1:45,13.173,0
1221,5/20/2024 2:00,13.173,0
1222,5/20/2024 2:15,13.173,0
1223,5/20/2024 2:30,13.269,0
1224,5/20/2024 2:45,13.269,0
1225,5/20/2024 3:00,13.173,0
1226,5/20/2024 3:15,13.269,0
1227,5/20/2024 3:30,13.269,0
1228,5/20/2024 3:45,13.269,0
1229,5/20/2024 4:00,13.269,0
1230,5/20/2024 4:15,13.269,0
1231,5/20/2024 4:30,13.269,0
1232,5/20/2024 4:45,13.269,0
1233,5/20/2024 5:00,13.269,0
1234,5/20/2024 5:15,13.269,6
1235,5/20/2024 5:30,13.269,23
1236,5/20/2024 5:45,13.269,49
1237,5/20/2024 6:00,13.269,80
1238,5/20/2024 6:15,13.269,113
1239,5/20/2024 6:30,13.269,128
1240,5/20/2024 6:45,13.269,144
1241,5/20/2024 7:00,13.269,184
1242,5/20/2024 7:15,13.269,216
1243,5/20/2024 7:30,13.269,256
1244,5/20/2024 7:45,13.076,272
1245,5/20/2024 8:00,13.076,304
1246,5/20/2024 8:15,13.173,352
1247,5/20/2024 8:30,13.269,368
1248,5/20/2024 8:45,13.365,416
1249,5/20/2024 9:00,13.365,464
1250,5/20/2024 9:15,12.98,480
1251,5/20/2024 9:30,13.076,480
1252,5/20/2024 9:45,13.173,384
1253,5/20/2024 10:00,13.076,416
1254,5/20/2024 10:15,13.076,480
1255,5/20/2024 10:30,12.98,896
1256,5/20/2024 10:45,12.883,672
1257,5/20/2024 11:00,13.076,512
1258,5/20/2024 11:15,13.365,576
1259,5/20/2024 11:30,13.365,448
1260,5/20/2024 11:45,13.365,448
1261,5/20/2024 12:00,13.365,480
1262,5/20/2024 12:15,13.461,480
1263,5/20/2024 12:30,13.461,480
1264,5/20/2024 12:45,13.558,768
1265,5/20/2024 13:00,13.654,896
1266,5/20/2024 13:15,13.75,1152
1267,5/20/2024 13:30,13.942,1536
1268,5/20/2024 13:45,14.038,2304
1269,5/20/2024 14:00,13.942,1152
1270,5/20/2024 14:15,14.134,1728
1271,5/20/2024 14:30,14.038,1344
1272,5/20/2024 14:45,14.23,1280
1273,5/20/2024 15:00,14.421,2560
1274,5/20/2024 15:15,14.804,2944
1275,5/20/2024 15:30,14.709,2688
1276,5/20/2024 15:45,14.804,2176
1277,5/20/2024 16:00,14.709,2048
1278,5/20/2024 16:15,14.613,1792
1279,5/20/2024 16:30,14.325,1600
1280,5/20/2024 16:45,14.134,992
1281,5/20/2024 17:00,14.038,800
1282,5/20/2024 17:15,14.134,576
1283,5/20/2024 17:30,14.038,448
1284,5/20/2024 17:45,14.134,576
1285,5/20/2024 18:00,14.23,512
1286,5/20/2024 18:15,14.134,384
1287,5/20/2024 18:30,14.038,240
1288,5/20/2024 18:45,14.134,256
1289,5/20/2024 19:00,14.134,216
1290,5/20/2024 19:15,12.98,152
1291,5/20/2024 19:30,12.304,49
1292,5/20/2024 19:45,12.207,18
1293,5/20/2024 20:00,12.013,4
1294,5/20/2024 20:15,11.916,0
1295,5/20/2024 20:30,11.916,0
1296,5/20/2024 20:45,11.916,0
1297,5/20/2024 21:00,11.916,0
1298,5/20/2024 21:15,11.819,0
1299,5/20/2024 21:30,11.819,0
1300,5/20/2024 21:45,11.916,0
1301,5/20/2024 22:00,11.819,0
1302,5/20/2024 22:15,11.819,0
1303,5/20/2024 22:30,11.916,0
1304,5/20/2024 22:45,11.916,0
1305,5/20/2024 23:00,11.916,0
1306,5/20/2024 23:15,11.916,0
1307,5/20/2024 23:30,11.916,0
1308,5/20/2024 23:45,11.916,0
1309,5/21/2024 0:00,12.013,0
1310,5/21/2024 0:15,12.69,0
1311,5/21/2024 0:30,12.69,0
1312,5/21/2024 0:45,12.787,0
1313,5/21/2024 1:00,12.401,0
1314,5/21/2024 1:15,12.013,0
1315,5/21/2024 1:30,11.916,0
1316,5/21/2024 1:45,11.916,0
1317,5/21/2024 2:00,12.594,0
1318,5/21/2024 2:15,12.497,0
1319,5/21/2024 2:30,12.594,0
1320,5/21/2024 2:45,12.594,0
1321,5/21/2024 3:00,12.497,0
1322,5/21/2024 3:15,12.497,0
1323,5/21/2024 3:30,12.497,0
1324,5/21/2024 3:45,12.497,0
1325,5/21/2024 4:00,12.497,0
1326,5/21/2024 4:15,12.497,0
1327,5/21/2024 4:30,12.98,0
1328,5/21/2024 4:45,12.69,0
1329,5/21/2024 5:00,12.69,0
1330,5/21/2024 5:15,11.916,9
1331,5/21/2024 5:30,11.819,44
1332,5/21/2024 5:45,11.819,90
1333,5/21/2024 6:00,11.819,115
1334,5/21/2024 6:15,11.625,152
1335,5/21/2024 6:30,11.625,176
1336,5/21/2024 6:45,11.819,168
1337,5/21/2024 7:00,11.819,216
1338,5/21/2024 7:15,11.722,352
1339,5/21/2024 7:30,11.722,368
1340,5/21/2024 7:45,11.722,320
1341,5/21/2024 8:00,11.722,336
1342,5/21/2024 8:15,11.722,512
1343,5/21/2024 8:30,11.722,512
1344,5/21/2024 8:45,11.722,512
1345,5/21/2024 9:00,11.722,576
1346,5/21/2024 9:15,11.819,512
1347,5/21/2024 9:30,11.819,768
1348,5/21/2024 9:45,11.819,768
1349,5/21/2024 10:00,11.916,960
1350,5/21/2024 10:15,12.013,1152
1351,5/21/2024 10:30,12.013,992
1352,5/21/2024 10:45,12.207,1152
1353,5/21/2024 11:00,12.304,1216
1354,5/21/2024 11:15,12.304,1344
1355,5/21/2024 11:30,12.497,1408
1356,5/21/2024 11:45,12.401,1536
1357,5/21/2024 12:00,12.401,1728
1358,5/21/2024 12:15,12.401,1984
1359,5/21/2024 12:30,12.497,1920
1360,5/21/2024 12:45,12.594,2560
1361,5/21/2024 13:00,12.787,1856
1362,5/21/2024 13:15,12.883,2688
1363,5/21/2024 13:30,12.98,2432
1364,5/21/2024 13:45,12.98,1984
1365,5/21/2024 14:00,13.173,2304
1366,5/21/2024 14:15,13.365,2304
1367,5/21/2024 14:30,13.75,3200
1368,5/21/2024 14:45,13.942,2688
1369,5/21/2024 15:00,13.269,1856
1370,5/21/2024 15:15,13.173,2304
1371,5/21/2024 15:30,13.173,2816
1372,5/21/2024 15:45,12.883,2816
1373,5/21/2024 16:00,12.594,1344
1374,5/21/2024 16:15,13.173,1920
1375,5/21/2024 16:30,13.269,1024
1376,5/21/2024 16:45,13.654,1152
1377,5/21/2024 17:00,14.038,960
1378,5/21/2024 17:15,14.325,768
1379,5/21/2024 17:30,14.325,704
1380,5/21/2024 17:45,12.594,480
1381,5/21/2024 18:00,12.11,464
1382,5/21/2024 18:15,12.11,336
1383,5/21/2024 18:30,12.013,240
1384,5/21/2024 18:45,11.916,160
1385,5/21/2024 19:00,11.625,104
1386,5/21/2024 19:15,11.528,54
1387,5/21/2024 19:30,11.431,24
1388,5/21/2024 19:45,11.431,8
1389,5/21/2024 20:00,11.431,0
1390,5/21/2024 20:15,11.528,0
1391,5/21/2024 20:30,11.625,0
1392,5/21/2024 20:45,11.722,0
1393,5/21/2024 21:00,11.528,0
1394,5/21/2024 21:15,11.528,0
1395,5/21/2024 21:30,11.528,0
1396,5/21/2024 21:45,11.528,0
1397,5/21/2024 22:00,11.528,0
1398,5/21/2024 22:15,11.528,0
1399,5/21/2024 22:30,11.625,0
1400,5/21/2024 22:45,11.528,0
1401,5/21/2024 23:00,11.528,0
1402,5/21/2024 23:15,11.431,0
1403,5/21/2024 23:30,11.431,0
1404,5/21/2024 23:45,11.528,0
1405,5/22/2024 0:00,11.528,0
1406,5/22/2024 0:15,11.528,0
1407,5/22/2024 0:30,11.528,0
1408,5/22/2024 0:45,11.431,0
1409,5/22/2024 1:00,11.528,0
1410,5/22/2024 1:15,11.431,0
1411,5/22/2024 1:30,11.528,0
1412,5/22/2024 1:45,11.528,0
1413,5/22/2024 2:00,11.625,0
1414,5/22/2024 2:15,11.722,0
1415,5/22/2024 2:30,11.819,0
1416,5/22/2024 2:45,11.916,0
1417,5/22/2024 3:00,11.916,0
1418,5/22/2024 3:15,11.916,0
1419,5/22/2024 3:30,11.916,0
1420,5/22/2024 3:45,11.916,0
1421,5/22/2024 4:00,12.11,0
1422,5/22/2024 4:15,12.11,0
1423,5/22/2024 4:30,12.401,0
1424,5/22/2024 4:45,12.594,0
1425,5/22/2024 5:00,12.69,1
1426,5/22/2024 5:15,12.787,14
1427,5/22/2024 5:30,13.076,42
1428,5/22/2024 5:45,13.558,71
1429,5/22/2024 6:00,13.75,114
1430,5/22/2024 6:15,13.846,152
1431,5/22/2024 6:30,13.846,184
1432,5/22/2024 6:45,13.654,232
1433,5/22/2024 7:00,13.558,288
1434,5/22/2024 7:15,13.365,288
1435,5/22/2024 7:30,13.365,368
1436,5/22/2024 7:45,13.461,416
1437,5/22/2024 8:00,13.558,496
1438,5/22/2024 8:15,13.558,480
1439,5/22/2024 8:30,13.558,576
1440,5/22/2024 8:45,13.558,768
1441,5/22/2024 9:00,13.365,864
1442,5/22/2024 9:15,13.269,896
1443,5/22/2024 9:30,12.497,896
1444,5/22/2024 9:45,12.304,1152
1445,5/22/2024 10:00,12.594,1088
1446,5/22/2024 10:15,12.497,1344
1447,5/22/2024 10:30,12.304,1536
1448,5/22/2024 10:45,12.207,1216
1449,5/22/2024 11:00,12.207,1536
1450,5/22/2024 11:15,12.207,1472
1451,5/22/2024 11:30,12.207,1728
1452,5/22/2024 11:45,12.304,1728
1453,5/22/2024 12:00,12.304,1920
1454,5/22/2024 12:15,12.401,1728
1455,5/22/2024 12:30,12.497,2048
1456,5/22/2024 12:45,12.594,1920
1457,5/22/2024 13:00,12.787,2432
1458,5/22/2024 13:15,12.883,2304
1459,5/22/2024 13:30,12.98,2816
1460,5/22/2024 13:45,13.942,2688
1461,5/22/2024 14:00,14.134,2432
1462,5/22/2024 14:15,14.134,2688
1463,5/22/2024 14:30,14.134,1920
1464,5/22/2024 14:45,14.134,3200
1465,5/22/2024 15:00,14.134,2432
1466,5/22/2024 15:15,14.134,2304
1467,5/22/2024 15:30,14.038,2816
1468,5/22/2024 15:45,14.038,2432
1469,5/22/2024 16:00,14.038,1600
1470,5/22/2024 16:15,14.038,1920
1471,5/22/2024 16:30,14.134,2048
1472,5/22/2024 16:45,14.23,2304
1473,5/22/2024 17:00,14.517,1856
1474,5/22/2024 17:15,14.804,1600
1475,5/22/2024 17:30,15.187,1984
1476,5/22/2024 17:45,15.282,800
1477,5/22/2024 18:00,14.517,672
1478,5/22/2024 18:15,12.787,704
1479,5/22/2024 18:30,14.709,416
1480,5/22/2024 18:45,13.846,320
1481,5/22/2024 19:00,13.558,232
1482,5/22/2024 19:15,12.497,136
1483,5/22/2024 19:30,13.269,78
1484,5/22/2024 19:45,13.75,37
1485,5/22/2024 20:00,13.846,11
1486,5/22/2024 20:15,12.207,1
1487,5/22/2024 20:30,12.304,0
1488,5/22/2024 20:45,13.558,0
1489,5/22/2024 21:00,13.461,0
1490,5/22/2024 21:15,13.558,0
1491,5/22/2024 21:30,13.461,0
1492,5/22/2024 21:45,12.69,0
1493,5/22/2024 22:00,12.11,0
1494,5/22/2024 22:15,12.69,0
1495,5/22/2024 22:30,13.461,0
1496,5/22/2024 22:45,12.304,0
1497,5/22/2024 23:00,12.69,0
1498,5/22/2024 23:15,13.365,0
1499,5/22/2024 23:30,13.269,0
1500,5/22/2024 23:45,13.365,0
1501,5/23/2024 0:00,13.461,0
1502,5/23/2024 0:15,13.558,0
1503,5/23/2024 0:30,13.654,0
1504,5/23/2024 0:45,13.846,0
1505,5/23/2024 1:00,13.846,0
1506,5/23/2024 1:15,13.942,0
1507,5/23/2024 1:30,13.942,0
1508,5/23/2024 1:45,14.038,0
1509,5/23/2024 2:00,14.038,0
1510,5/23/2024 2:15,14.038,0
1511,5/23/2024 2:30,14.038,0
1512,5/23/2024 2:45,14.038,0
1513,5/23/2024 3:00,14.038,0
1514,5/23/2024 3:15,14.038,0
1515,5/23/2024 3:30,14.038,0
1516,5/23/2024 3:45,13.269,0
1517,5/23/2024 4:00,13.076,0
1518,5/23/2024 4:15,13.076,0
1519,5/23/2024 4:30,13.076,0
1520,5/23/2024 4:45,13.076,0
1521,5/23/2024 5:00,13.076,1
1522,5/23/2024 5:15,13.076,17
1523,5/23/2024 5:30,13.076,57
1524,5/23/2024 5:45,13.558,136
1525,5/23/2024 6:00,13.942,168
1526,5/23/2024 6:15,13.942,320
1527,5/23/2024 6:30,13.942,256
1528,5/23/2024 6:45,14.038,448
1529,5/23/2024 7:00,13.942,352
1530,5/23/2024 7:15,13.942,232
1531,5/23/2024 7:30,13.846,400
1532,5/23/2024 7:45,13.846,352
1533,5/23/2024 8:00,14.23,960
1534,5/23/2024 8:15,14.134,704
1535,5/23/2024 8:30,14.134,608
1536,5/23/2024 8:45,13.846,384
1537,5/23/2024 9:00,14.038,1088
1538,5/23/2024 9:15,14.038,704
1539,5/23/2024 9:30,13.75,1280
1540,5/23/2024 9:45,13.269,960
1541,5/23/2024 10:00,12.98,1792
1542,5/23/2024 10:15,12.883,1024
1543,5/23/2024 10:30,12.207,1024
1544,5/23/2024 10:45,11.916,864
1545,5/23/2024 11:00,11.819,800
1546,5/23/2024 11:15,12.11,768
1547,5/23/2024 11:30,13.461,864
1548,5/23/2024 11:45,13.846,992
1549,5/23/2024 12:00,13.846,1088
1550,5/23/2024 12:15,12.98,768
1551,5/23/2024 12:30,13.076,576
1552,5/23/2024 12:45,13.654,304
1553,5/23/2024 13:00,13.942,216
1554,5/23/2024 13:15,14.038,98
1555,5/23/2024 13:30,14.325,10
1556,5/23/2024 13:45,14.517,47
1557,5/23/2024 14:00,14.613,91
1558,5/23/2024 14:15,14.613,119
1559,5/23/2024 14:30,14.517,184
1560,5/23/2024 14:45,14.421,304
1561,5/23/2024 15:00,14.613,320
1562,5/23/2024 15:15,14.613,320
1563,5/23/2024 15:30,14.134,1728
1564,5/23/2024 15:45,13.846,864
1565,5/23/2024 16:00,13.846,992
1566,5/23/2024 16:15,14.134,2048
1567,5/23/2024 16:30,14.134,1664
1568,5/23/2024 16:45,13.846,1152
1569,5/23/2024 17:00,13.942,1536
1570,5/23/2024 17:15,14.038,1472
1571,5/23/2024 17:30,15.187,1024
1572,5/23/2024 17:45,15.569,672
1573,5/23/2024 18:00,15.473,768
1574,5/23/2024 18:15,14.996,704
1575,5/23/2024 18:30,15.091,336
1576,5/23/2024 18:45,15.282,304
1577,5/23/2024 19:00,15.378,208
1578,5/23/2024 19:15,15.378,128
1579,5/23/2024 19:30,15.378,100
1580,5/23/2024 19:45,15.187,39
1581,5/23/2024 20:00,15.282,13
1582,5/23/2024 20:15,15.282,1
1583,5/23/2024 20:30,14.996,0
1584,5/23/2024 20:45,14.709,0
1585,5/23/2024 21:00,13.558,0
1586,5/23/2024 21:15,14.038,0
1587,5/23/2024 21:30,14.517,0
1588,5/23/2024 21:45,14.517,0
1589,5/23/2024 22:00,14.517,0
1590,5/23/2024 22:15,14.517,0
1591,5/23/2024 22:30,14.613,0
1592,5/23/2024 22:45,14.517,0
1593,5/23/2024 23:00,14.517,0
1594,5/23/2024 23:15,14.804,0
1595,5/23/2024 23:30,12.69,0
1596,5/23/2024 23:45,11.722,0
1597,5/24/2024 0:00,10.259,0
1598,5/24/2024 0:15,11.431,0
1599,5/24/2024 0:30,14.038,0
1600,5/24/2024 0:45,14.23,0
1601,5/24/2024 1:00,14.23,0
1602,5/24/2024 1:15,14.325,0
1603,5/24/2024 1:30,14.421,0
1604,5/24/2024 1:45,14.517,0
1605,5/24/2024 2:00,14.517,0
1606,5/24/2024 2:15,14.517,0
1607,5/24/2024 2:30,14.613,0
1608,5/24/2024 2:45,14.613,0
1609,5/24/2024 3:00,14.613,0
1610,5/24/2024 3:15,14.613,0
1611,5/24/2024 3:30,14.709,0
1612,5/24/2024 3:45,14.421,0
1613,5/24/2024 4:00,14.23,0
1614,5/24/2024 4:15,14.23,0
1615,5/24/2024 4:30,14.325,0
1616,5/24/2024 4:45,14.325,0
1617,5/24/2024 5:00,14.325,1
1618,5/24/2024 5:15,14.325,16
1619,5/24/2024 5:30,14.325,48
1620,5/24/2024 5:45,14.325,87
1621,5/24/2024 6:00,14.325,144
1622,5/24/2024 6:15,14.421,200
1623,5/24/2024 6:30,14.421,256
1624,5/24/2024 6:45,14.517,304
1625,5/24/2024 7:00,14.613,368
1626,5/24/2024 7:15,14.613,432
1627,5/24/2024 7:30,14.613,512
1628,5/24/2024 7:45,14.613,672
1629,5/24/2024 8:00,14.709,576
1630,5/24/2024 8:15,14.804,704
1631,5/24/2024 8:30,14.996,768
1632,5/24/2024 8:45,15.091,768
1633,5/24/2024 9:00,15.187,1152
1634,5/24/2024 9:15,15.187,960
1635,5/24/2024 9:30,15.282,1088
1636,5/24/2024 9:45,15.282,1216
1637,5/24/2024 10:00,14.9,1536
1638,5/24/2024 10:15,14.038,1664
1639,5/24/2024 10:30,14.517,1408
1640,5/24/2024 10:45,14.709,1216
1641,5/24/2024 11:00,14.804,1536
1642,5/24/2024 11:15,14.9,1536
1643,5/24/2024 11:30,14.996,1856
1644,5/24/2024 11:45,15.473,2048
1645,5/24/2024 12:00,15.664,1984
1646,5/24/2024 12:15,15.76,1920
1647,5/24/2024 12:30,15.855,1792
1648,5/24/2024 12:45,15.855,1600
1649,5/24/2024 13:00,15.951,1792
1650,5/24/2024 13:15,15.951,1920
1651,5/24/2024 13:30,15.951,1920
1652,5/24/2024 13:45,16.046,1856
1653,5/24/2024 14:00,16.046,1856
1654,5/24/2024 14:15,16.046,1600
1655,5/24/2024 14:30,16.141,1856
1656,5/24/2024 14:45,16.237,1792
1657,5/24/2024 15:00,16.332,1792
1658,5/24/2024 15:15,16.618,1664
1659,5/24/2024 15:30,16.713,2048
1660,5/24/2024 15:45,16.808,1600
1661,5/24/2024 16:00,16.808,1920
1662,5/24/2024 16:15,16.808,1728
1663,5/24/2024 16:30,16.903,1472
1664,5/24/2024 16:45,16.903,1280
1665,5/24/2024 17:00,16.903,1152
1666,5/24/2024 17:15,16.999,1280
1667,5/24/2024 17:30,17.189,1280
1668,5/24/2024 17:45,17.189,864
1669,5/24/2024 18:00,16.999,672
1670,5/24/2024 18:15,16.903,256
1671,5/24/2024 18:30,17.284,200
1672,5/24/2024 18:45,17.379,224
1673,5/24/2024 19:00,17.379,99
1674,5/24/2024 19:15,17.665,90
1675,5/24/2024 19:30,17.379,42
1676,5/24/2024 19:45,16.903,21
1677,5/24/2024 20:00,16.713,9
1678,5/24/2024 20:15,16.523,1
1679,5/24/2024 20:30,16.618,0
1680,5/24/2024 20:45,17.094,0
1681,5/24/2024 21:00,16.999,0
1682,5/24/2024 21:15,16.141,0
1683,5/24/2024 21:30,16.046,0
1684,5/24/2024 21:45,15.951,0
1685,5/24/2024 22:00,15.951,0
1686,5/24/2024 22:15,15.855,0
1687,5/24/2024 22:30,15.187,0
1688,5/24/2024 22:45,15.091,0
1689,5/24/2024 23:00,14.996,0
1690,5/24/2024 23:15,14.804,0
1691,5/24/2024 23:30,14.804,0
1692,5/24/2024 23:45,14.804,0
1693,5/25/2024 0:00,14.9,0
1694,5/25/2024 0:15,14.9,0
1695,5/25/2024 0:30,14.9,0
1696,5/25/2024 0:45,14.804,0
1697,5/25/2024 1:00,14.709,0
1698,5/25/2024 1:15,12.98,0
1699,5/25/2024 1:30,14.038,0
1700,5/25/2024 1:45,14.613,0
1701,5/25/2024 2:00,14.613,0
1702,5/25/2024 2:15,14.613,0
1703,5/25/2024 2:30,14.709,0
1704,5/25/2024 2:45,14.804,0
1705,5/25/2024 3:00,14.9,0
1706,5/25/2024 3:15,14.996,0
1707,5/25/2024 3:30,15.091,0
1708,5/25/2024 3:45,15.091,0
1709,5/25/2024 4:00,15.091,0
1710,5/25/2024 4:15,15.187,0
1711,5/25/2024 4:30,15.187,0
1712,5/25/2024 4:45,15.282,0
1713,5/25/2024 5:00,15.378,1
1714,5/25/2024 5:15,15.282,14
1715,5/25/2024 5:30,15.282,41
1716,5/25/2024 5:45,15.282,77
1717,5/25/2024 6:00,15.282,121
1718,5/25/2024 6:15,15.282,176
1719,5/25/2024 6:30,15.282,248
1720,5/25/2024 6:45,15.378,288
1721,5/25/2024 7:00,15.378,448
1722,5/25/2024 7:15,15.378,496
1723,5/25/2024 7:30,15.473,672
1724,5/25/2024 7:45,15.569,608
1725,5/25/2024 8:00,15.664,608
1726,5/25/2024 8:15,15.76,992
1727,5/25/2024 8:30,15.569,1152
1728,5/25/2024 8:45,15.76,960
1729,5/25/2024 9:00,16.141,1344
1730,5/25/2024 9:15,16.332,1408
1731,5/25/2024 9:30,15.76,1280
1732,5/25/2024 9:45,14.709,1344
1733,5/25/2024 10:00,14.517,1600
1734,5/25/2024 10:15,14.613,1600
1735,5/25/2024 10:30,14.804,1920
1736,5/25/2024 10:45,14.709,1920
1737,5/25/2024 11:00,14.709,1728
1738,5/25/2024 11:15,14.613,2432
1739,5/25/2024 11:30,14.709,2304
1740,5/25/2024 11:45,14.804,1984
1741,5/25/2024 12:00,14.9,2048
1742,5/25/2024 12:15,14.9,2048
1743,5/25/2024 12:30,14.9,2048
1744,5/25/2024 12:45,14.9,2048
1745,5/25/2024 13:00,14.9,2176
1746,5/25/2024 13:15,14.421,1984
1747,5/25/2024 13:30,14.421,1984
1748,5/25/2024 13:45,14.709,2048
1749,5/25/2024 14:00,14.613,1856
1750,5/25/2024 14:15,14.709,2048
1751,5/25/2024 14:30,14.421,960
1752,5/25/2024 14:45,14.23,800
1753,5/25/2024 15:00,14.517,2304
1754,5/25/2024 15:15,14.709,2048
1755,5/25/2024 15:30,14.613,1920
1756,5/25/2024 15:45,14.613,1536
1757,5/25/2024 16:00,14.804,1856
1758,5/25/2024 16:15,15.187,1856
1759,5/25/2024 16:30,15.282,1152
1760,5/25/2024 16:45,14.996,864
1761,5/25/2024 17:00,14.9,864
1762,5/25/2024 17:15,14.9,960
1763,5/25/2024 17:30,14.996,1280
1764,5/25/2024 17:45,14.996,1152
1765,5/25/2024 18:00,14.804,1088
1766,5/25/2024 18:15,14.709,576
1767,5/25/2024 18:30,14.421,400
1768,5/25/2024 18:45,14.421,384
1769,5/25/2024 19:00,14.421,288
1770,5/25/2024 19:15,14.421,168
1771,5/25/2024 19:30,14.613,152
1772,5/25/2024 19:45,14.9,66
1773,5/25/2024 20:00,14.134,24
1774,5/25/2024 20:15,13.75,4
1775,5/25/2024 20:30,14.23,0
1776,5/25/2024 20:45,14.23,0
1777,5/25/2024 21:00,14.038,0
1778,5/25/2024 21:15,13.558,0
1779,5/25/2024 21:30,13.654,0
1780,5/25/2024 21:45,13.846,0
1781,5/25/2024 22:00,14.134,0
1782,5/25/2024 22:15,14.038,0
1783,5/25/2024 22:30,13.846,0
1784,5/25/2024 22:45,13.846,0
1785,5/25/2024 23:00,13.461,0
1786,5/25/2024 23:15,13.654,0
1787,5/25/2024 23:30,12.98,0
1788,5/25/2024 23:45,11.334,0
1789,5/26/2024 0:00,13.365,0
1790,5/26/2024 0:15,12.304,0
1791,5/26/2024 0:30,13.173,0
1792,5/26/2024 0:45,12.69,0
1793,5/26/2024 1:00,12.98,0
1794,5/26/2024 1:15,11.139,0
1795,5/26/2024 1:30,12.013,0
1796,5/26/2024 1:45,11.625,0
1797,5/26/2024 2:00,13.558,0
1798,5/26/2024 2:15,12.69,0
1799,5/26/2024 2:30,13.942,0
1800,5/26/2024 2:45,13.942,0
1801,5/26/2024 3:00,14.23,0
1802,5/26/2024 3:15,14.325,0
1803,5/26/2024 3:30,14.421,0
1804,5/26/2024 3:45,14.517,0
1805,5/26/2024 4:00,14.517,0
1806,5/26/2024 4:15,14.517,0
1807,5/26/2024 4:30,14.517,0
1808,5/26/2024 4:45,14.517,0
1809,5/26/2024 5:00,14.325,0
1810,5/26/2024 5:15,13.846,0
1811,5/26/2024 5:30,13.654,2
1812,5/26/2024 5:45,13.558,24
1813,5/26/2024 6:00,13.558,44
1814,5/26/2024 6:15,13.558,42
1815,5/26/2024 6:30,13.365,100
1816,5/26/2024 6:45,13.173,53
1817,5/26/2024 7:00,13.173,72
1818,5/26/2024 7:15,13.365,352
1819,5/26/2024 7:30,13.558,480
1820,5/26/2024 7:45,13.558,608
1821,5/26/2024 8:00,13.75,992
1822,5/26/2024 8:15,13.75,512
1823,5/26/2024 8:30,14.038,864
1824,5/26/2024 8:45,14.325,1152
1825,5/26/2024 9:00,14.421,1216
1826,5/26/2024 9:15,14.421,1408
1827,5/26/2024 9:30,14.325,1536
1828,5/26/2024 9:45,14.23,2048
1829,5/26/2024 10:00,14.325,4352
1830,5/26/2024 10:15,14.804,3200
1831,5/26/2024 10:30,14.9,2304
1832,5/26/2024 10:45,14.517,3200
1833,5/26/2024 11:00,14.613,2304
1834,5/26/2024 11:15,14.709,2176
1835,5/26/2024 11:30,14.804,2560
1836,5/26/2024 11:45,14.517,2048
1837,5/26/2024 12:00,13.942,2304
1838,5/26/2024 12:15,13.75,1152
1839,5/26/2024 12:30,14.134,992
1840,5/26/2024 12:45,14.421,2688
1841,5/26/2024 13:00,14.325,960
1842,5/26/2024 13:15,11.139,1152
1843,5/26/2024 13:30,10.748,576
1844,5/26/2024 13:45,10.846,1344
1845,5/26/2024 14:00,10.651,864
1846,5/26/2024 14:15,10.651,1088
1847,5/26/2024 14:30,10.846,1216
1848,5/26/2024 14:45,11.041,800
1849,5/26/2024 15:00,11.236,2304
1850,5/26/2024 15:15,11.431,1728
1851,5/26/2024 15:30,11.625,1408
1852,5/26/2024 15:45,11.625,1728
1853,5/26/2024 16:00,11.819,1472
1854,5/26/2024 16:15,12.11,1536
1855,5/26/2024 16:30,13.173,1344
1856,5/26/2024 16:45,13.846,1152
1857,5/26/2024 17:00,13.942,1280
1858,5/26/2024 17:15,13.942,1024
1859,5/26/2024 17:30,14.038,960
1860,5/26/2024 17:45,14.038,960
1861,5/26/2024 18:00,13.942,864
1862,5/26/2024 18:15,13.846,608
1863,5/26/2024 18:30,13.846,448
1864,5/26/2024 18:45,13.846,256
1865,5/26/2024 19:00,13.75,240
1866,5/26/2024 19:15,13.654,176
1867,5/26/2024 19:30,13.654,136
1868,5/26/2024 19:45,13.558,82
1869,5/26/2024 20:00,13.558,29
1870,5/26/2024 20:15,13.654,8
1871,5/26/2024 20:30,13.654,0
1872,5/26/2024 20:45,13.558,0
1873,5/26/2024 21:00,13.558,0
1874,5/26/2024 21:15,13.558,0
1875,5/26/2024 21:30,13.654,0
1876,5/26/2024 21:45,13.846,0
1877,5/26/2024 22:00,14.038,0
1878,5/26/2024 22:15,14.134,0
1879,5/26/2024 22:30,14.421,0
1880,5/26/2024 22:45,14.613,0
1881,5/26/2024 23:00,14.517,0
1882,5/26/2024 23:15,14.421,0
1883,5/26/2024 23:30,14.23,0
1884,5/26/2024 23:45,14.23,0
1885,5/27/2024 0:00,14.325,0
1886,5/27/2024 0:15,14.23,0
1887,5/27/2024 0:30,14.134,0
1888,5/27/2024 0:45,14.038,0
1889,5/27/2024 1:00,12.207,0
1890,5/27/2024 1:15,12.11,0
1891,5/27/2024 1:30,12.401,0
1892,5/27/2024 1:45,10.944,0
1893,5/27/2024 2:00,10.357,0
1894,5/27/2024 2:15,10.455,0
1895,5/27/2024 2:30,10.553,0
1896,5/27/2024 2:45,10.651,0
1897,5/27/2024 3:00,10.846,0
1898,5/27/2024 3:15,10.651,0
1899,5/27/2024 3:30,11.139,0
1900,5/27/2024 3:45,11.334,0
1901,5/27/2024 4:00,11.722,0
1902,5/27/2024 4:15,12.013,0
1903,5/27/2024 4:30,12.98,0
1904,5/27/2024 4:45,13.173,0
1905,5/27/2024 5:00,13.173,0
1906,5/27/2024 5:15,13.269,0
1907,5/27/2024 5:30,13.269,6
1908,5/27/2024 5:45,13.269,18
1909,5/27/2024 6:00,13.269,34
1910,5/27/2024 6:15,13.269,37
1911,5/27/2024 6:30,13.173,69
1912,5/27/2024 6:45,13.269,72
1913,5/27/2024 7:00,13.365,224
1914,5/27/2024 7:15,13.365,304
1915,5/27/2024 7:30,13.365,136
1916,5/27/2024 7:45,13.75,368
1917,5/27/2024 8:00,14.325,272
1918,5/27/2024 8:15,14.613,152
1919,5/27/2024 8:30,14.709,320
1920,5/27/2024 8:45,14.709,448
1921,5/27/2024 9:00,14.709,400
1922,5/27/2024 9:15,14.517,576
1923,5/27/2024 9:30,14.421,400
1924,5/27/2024 9:45,12.98,672
1925,5/27/2024 10:00,12.787,432
1926,5/27/2024 10:15,13.269,448
1927,5/27/2024 10:30,14.23,480
1928,5/27/2024 10:45,13.942,480
1929,5/27/2024 11:00,13.75,480
1930,5/27/2024 11:15,13.365,464
1931,5/27/2024 11:30,13.365,320
1932,5/27/2024 11:45,13.558,304
1933,5/27/2024 12:00,13.558,216
1934,5/27/2024 12:15,13.558,304
1935,5/27/2024 12:30,13.654,480
1936,5/27/2024 12:45,13.75,432
1937,5/27/2024 13:00,13.654,288
1938,5/27/2024 13:15,13.75,432
1939,5/27/2024 13:30,13.75,432
1940,5/27/2024 13:45,13.558,208
1941,5/27/2024 14:00,13.269,168
1942,5/27/2024 14:15,13.076,152
1943,5/27/2024 14:30,12.98,136
1944,5/27/2024 14:45,10.846,256
1945,5/27/2024 15:00,10.846,672
1946,5/27/2024 15:15,10.846,1216
1947,5/27/2024 15:30,10.846,1088
1948,5/27/2024 15:45,10.846,400
1949,5/27/2024 16:00,10.944,480
1950,5/27/2024 16:15,11.236,576
1951,5/27/2024 16:30,11.625,448
1952,5/27/2024 16:45,11.722,336
1953,5/27/2024 17:00,12.304,384
1954,5/27/2024 17:15,12.304,384
1955,5/27/2024 17:30,12.401,352
1956,5/27/2024 17:45,12.304,416
1957,5/27/2024 18:00,12.304,336
1958,5/27/2024 18:15,12.304,224
1959,5/27/2024 18:30,12.304,272
1960,5/27/2024 18:45,12.304,256
1961,5/27/2024 19:00,12.207,136
1962,5/27/2024 19:15,12.207,87
1963,5/27/2024 19:30,12.11,69
1964,5/27/2024 19:45,12.207,35
1965,5/27/2024 20:00,12.497,13
1966,5/27/2024 20:15,12.883,1
1967,5/27/2024 20:30,13.076,0
1968,5/27/2024 20:45,13.269,0
1969,5/27/2024 21:00,13.269,0
1970,5/27/2024 21:15,13.269,0
1971,5/27/2024 21:30,13.269,0
1972,5/27/2024 21:45,13.269,0
1973,5/27/2024 22:00,13.269,0
1974,5/27/2024 22:15,13.269,0
1975,5/27/2024 22:30,13.076,0
1976,5/27/2024 22:45,13.076,0
1977,5/27/2024 23:00,13.269,0
1978,5/27/2024 23:15,13.461,0
1979,5/27/2024 23:30,13.461,0
1980,5/27/2024 23:45,13.461,0
1981,5/28/2024 0:00,13.076,0
1982,5/28/2024 0:15,11.916,0
1983,5/28/2024 0:30,11.528,0
1984,5/28/2024 0:45,11.431,0
1985,5/28/2024 1:00,11.236,0
1986,5/28/2024 1:15,10.553,0
1987,5/28/2024 1:30,10.357,0
1988,5/28/2024 1:45,10.259,0
1989,5/28/2024 2:00,9.965,0
1990,5/28/2024 2:15,9.768,0
1991,5/28/2024 2:30,9.768,0
1992,5/28/2024 2:45,9.768,0
1993,5/28/2024 3:00,9.669,0
1994,5/28/2024 3:15,9.768,0
1995,5/28/2024 3:30,9.866,0
1996,5/28/2024 3:45,9.965,0
1997,5/28/2024 4:00,9.965,0
1998,5/28/2024 4:15,10.063,0
1999,5/28/2024 4:30,10.063,0
2000,5/28/2024 4:45,10.357,0
2001,5/28/2024 5:00,10.455,0
2002,5/28/2024 5:15,10.553,3
2003,5/28/2024 5:30,10.748,17
2004,5/28/2024 5:45,10.651,34
2005,5/28/2024 6:00,10.944,50
2006,5/28/2024 6:15,10.846,105
2007,5/28/2024 6:30,10.846,160
2008,5/28/2024 6:45,10.846,160
2009,5/28/2024 7:00,10.944,109
2010,5/28/2024 7:15,10.944,117
2011,5/28/2024 7:30,11.722,496
2012,5/28/2024 7:45,12.207,608
2013,5/28/2024 8:00,12.497,464
2014,5/28/2024 8:15,12.883,960
2015,5/28/2024 8:30,13.173,768
2016,5/28/2024 8:45,13.558,608
2017,5/28/2024 9:00,13.942,512
2018,5/28/2024 9:15,14.23,2176
2019,5/28/2024 9:30,14.517,1664
2020,5/28/2024 9:45,14.804,3072
2021,5/28/2024 10:00,15.091,2816
2022,5/28/2024 10:15,15.091,1600
2023,5/28/2024 10:30,15.187,1152
2024,5/28/2024 10:45,15.282,768
2025,5/28/2024 11:00,15.569,3328
2026,5/28/2024 11:15,15.76,4096
2027,5/28/2024 11:30,15.664,2560
2028,5/28/2024 11:45,14.804,2432
2029,5/28/2024 12:00,14.804,2048
2030,5/28/2024 12:15,14.9,2304
2031,5/28/2024 12:30,14.804,2944
2032,5/28/2024 12:45,14.421,1472
2033,5/28/2024 13:00,15.951,464
2034,5/28/2024 13:15,15.664,2304
2035,5/28/2024 13:30,15.187,608
2036,5/28/2024 13:45,14.9,704
2037,5/28/2024 14:00,12.69,512
2038,5/28/2024 14:15,12.401,368
2039,5/28/2024 14:30,12.69,1152
2040,5/28/2024 14:45,12.69,1280
2041,5/28/2024 15:00,11.334,288
2042,5/28/2024 15:15,10.063,272
2043,5/28/2024 15:30,11.334,1024
2044,5/28/2024 15:45,9.768,336
2045,5/28/2024 16:00,10.259,960
2046,5/28/2024 16:15,11.139,496
2047,5/28/2024 16:30,12.207,864
2048,5/28/2024 16:45,13.461,384
2049,5/28/2024 17:00,14.23,704
2050,5/28/2024 17:15,14.517,576
2051,5/28/2024 17:30,14.613,576
2052,5/28/2024 17:45,14.709,416
2053,5/28/2024 18:00,14.804,368
2054,5/28/2024 18:15,14.804,168
2055,5/28/2024 18:30,14.996,272
2056,5/28/2024 18:45,15.378,224
2057,5/28/2024 19:00,15.569,152
2058,5/28/2024 19:15,15.473,121
2059,5/28/2024 19:30,15.378,88
2060,5/28/2024 19:45,15.282,48
2061,5/28/2024 20:00,15.091,22
2062,5/28/2024 20:15,14.9,5
2063,5/28/2024 20:30,14.804,0
2064,5/28/2024 20:45,14.804,0
2065,5/28/2024 21:00,14.804,0
2066,5/28/2024 21:15,14.804,0
2067,5/28/2024 21:30,14.804,0
2068,5/28/2024 21:45,15.473,0
2069,5/28/2024 22:00,15.951,0
2070,5/28/2024 22:15,15.951,0
2071,5/28/2024 22:30,15.951,0
2072,5/28/2024 22:45,15.951,0
2073,5/28/2024 23:00,15.951,0
2074,5/28/2024 23:15,15.855,0
2075,5/28/2024 23:30,15.855,0
2076,5/28/2024 23:45,15.855,0
2077,5/29/2024 0:00,15.855,0
2078,5/29/2024 0:15,15.855,0
2079,5/29/2024 0:30,15.664,0
2080,5/29/2024 0:45,15.664,0
2081,5/29/2024 1:00,15.569,0
2082,5/29/2024 1:15,15.569,0
2083,5/29/2024 1:30,15.473,0
2084,5/29/2024 1:45,15.473,0
2085,5/29/2024 2:00,15.473,0
2086,5/29/2024 2:15,15.378,0
2087,5/29/2024 2:30,15.378,0
2088,5/29/2024 2:45,15.473,0
2089,5/29/2024 3:00,15.569,0
2090,5/29/2024 3:15,15.569,0
2091,5/29/2024 3:30,15.473,0
2092,5/29/2024 3:45,13.75,0
2093,5/29/2024 4:00,13.173,0
2094,5/29/2024 4:15,15.378,0
2095,5/29/2024 4:30,15.378,0
2096,5/29/2024 4:45,15.378,0
2097,5/29/2024 5:00,15.378,0
2098,5/29/2024 5:15,15.664,6
2099,5/29/2024 5:30,15.091,17
2100,5/29/2024 5:45,14.996,33
2101,5/29/2024 6:00,15.091,54
2102,5/29/2024 6:15,15.76,73
2103,5/29/2024 6:30,15.855,105
2104,5/29/2024 6:45,15.855,128
2105,5/29/2024 7:00,15.951,184
2106,5/29/2024 7:15,15.951,224
2107,5/29/2024 7:30,15.951,304
2108,5/29/2024 7:45,15.951,400
2109,5/29/2024 8:00,15.951,512
2110,5/29/2024 8:15,16.046,896
2111,5/29/2024 8:30,16.141,768
2112,5/29/2024 8:45,16.237,992
2113,5/29/2024 9:00,16.332,1600
2114,5/29/2024 9:15,16.713,1152
2115,5/29/2024 9:30,16.903,2432
2116,5/29/2024 9:45,16.999,2688
2117,5/29/2024 10:00,17.189,2816
2118,5/29/2024 10:15,17.284,3072
2119,5/29/2024 10:30,17.189,2560
2120,5/29/2024 10:45,16.999,4096
2121,5/29/2024 11:00,16.808,3840
2122,5/29/2024 11:15,16.903,2688
2123,5/29/2024 11:30,16.523,1024
2124,5/29/2024 11:45,16.046,512
2125,5/29/2024 12:00,16.523,4096
2126,5/29/2024 12:15,16.141,1024
2127,5/29/2024 12:30,16.237,3968
2128,5/29/2024 12:45,16.141,3072
2129,5/29/2024 13:00,15.76,3328
2130,5/29/2024 13:15,15.855,2816
2131,5/29/2024 13:30,15.76,672
2132,5/29/2024 13:45,16.046,2432
2133,5/29/2024 14:00,15.76,1152
2134,5/29/2024 14:15,15.282,1792
2135,5/29/2024 14:30,14.613,336
2136,5/29/2024 14:45,14.325,768
2137,5/29/2024 15:00,14.421,1600
2138,5/29/2024 15:15,14.9,1216
2139,5/29/2024 15:30,13.75,1088
2140,5/29/2024 15:45,13.654,992
2141,5/29/2024 16:00,12.69,896
2142,5/29/2024 16:15,12.11,248
2143,5/29/2024 16:30,12.69,272
2144,5/29/2024 16:45,12.883,576
2145,5/29/2024 17:00,12.013,512
2146,5/29/2024 17:15,11.819,480
2147,5/29/2024 17:30,11.041,480
2148,5/29/2024 17:45,11.139,368
2149,5/29/2024 18:00,13.076,320
2150,5/29/2024 18:15,13.654,272
2151,5/29/2024 18:30,14.134,224
2152,5/29/2024 18:45,14.517,81
2153,5/29/2024 19:00,14.421,144
2154,5/29/2024 19:15,14.517,72
2155,5/29/2024 19:30,14.613,53
2156,5/29/2024 19:45,14.804,35
2157,5/29/2024 20:00,14.804,18
2158,5/29/2024 20:15,14.9,4
2159,5/29/2024 20:30,14.9,0
2160,5/29/2024 20:45,14.613,0
2161,5/29/2024 21:00,14.804,0
2162,5/29/2024 21:15,14.9,0
2163,5/29/2024 21:30,14.996,0
2164,5/29/2024 21:45,14.9,0
2165,5/29/2024 22:00,14.996,0
2166,5/29/2024 22:15,14.996,0
2167,5/29/2024 22:30,14.804,0
2168,5/29/2024 22:45,14.613,0
2169,5/29/2024 23:00,14.613,0
2170,5/29/2024 23:15,14.709,0
2171,5/29/2024 23:30,14.709,0
2172,5/29/2024 23:45,14.709,0
2173,5/30/2024 0:00,14.804,0
2174,5/30/2024 0:15,14.996,0
2175,5/30/2024 0:30,14.996,0
2176,5/30/2024 0:45,14.9,0
2177,5/30/2024 1:00,14.9,0
2178,5/30/2024 1:15,14.709,0
2179,5/30/2024 1:30,14.613,0
2180,5/30/2024 1:45,14.613,0
2181,5/30/2024 2:00,13.365,0
2182,5/30/2024 2:15,12.98,0
2183,5/30/2024 2:30,12.787,0
2184,5/30/2024 2:45,12.304,0
2185,5/30/2024 3:00,11.139,0
2186,5/30/2024 3:15,12.304,0
2187,5/30/2024 3:30,11.334,0
2188,5/30/2024 3:45,10.553,0
2189,5/30/2024 4:00,10.259,0
2190,5/30/2024 4:15,10.161,0
2191,5/30/2024 4:30,9.866,0
2192,5/30/2024 4:45,9.768,0
2193,5/30/2024 5:00,9.866,0
2194,5/30/2024 5:15,9.965,4
2195,5/30/2024 5:30,9.965,17
2196,5/30/2024 5:45,10.161,17
2197,5/30/2024 6:00,10.748,14
2198,5/30/2024 6:15,10.944,5
2199,5/30/2024 6:30,11.139,6
2200,5/30/2024 6:45,11.431,14
2201,5/30/2024 7:00,11.722,26
2202,5/30/2024 7:15,12.11,29
2203,5/30/2024 7:30,12.401,26
2204,5/30/2024 7:45,12.883,27
2205,5/30/2024 8:00,13.269,38
2206,5/30/2024 8:15,13.461,57
2207,5/30/2024 8:30,13.654,62
2208,5/30/2024 8:45,13.846,67
2209,5/30/2024 9:00,14.23,62
2210,5/30/2024 9:15,14.325,86
2211,5/30/2024 9:30,14.421,128
2212,5/30/2024 9:45,14.517,176
2213,5/30/2024 10:00,14.421,102
2214,5/30/2024 10:15,14.421,98
2215,5/30/2024 10:30,14.325,98
2216,5/30/2024 10:45,14.421,136
2217,5/30/2024 11:00,14.517,128
2218,5/30/2024 11:15,14.613,168
2219,5/30/2024 11:30,14.804,272
2220,5/30/2024 11:45,14.804,224
2221,5/30/2024 12:00,14.9,272
2222,5/30/2024 12:15,14.996,184
2223,5/30/2024 12:30,14.996,400
2224,5/30/2024 12:45,15.091,320
2225,5/30/2024 13:00,15.091,272
2226,5/30/2024 13:15,15.187,232
2227,5/30/2024 13:30,15.187,192
2228,5/30/2024 13:45,15.187,144
2229,5/30/2024 14:00,15.091,184
2230,5/30/2024 14:15,15.091,176
2231,5/30/2024 14:30,14.996,128
2232,5/30/2024 14:45,14.9,160
2233,5/30/2024 15:00,14.804,184
2234,5/30/2024 15:15,14.804,208
2235,5/30/2024 15:30,14.804,232
2236,5/30/2024 15:45,14.804,240
2237,5/30/2024 16:00,14.9,288
2238,5/30/2024 16:15,14.9,240
2239,5/30/2024 16:30,14.9,176
2240,5/30/2024 16:45,14.9,120
2241,5/30/2024 17:00,14.9,144
2242,5/30/2024 17:15,14.9,152
2243,5/30/2024 17:30,14.9,136
2244,5/30/2024 17:45,14.996,168
2245,5/30/2024 18:00,14.9,97
2246,5/30/2024 18:15,14.996,118
2247,5/30/2024 18:30,14.9,73
2248,5/30/2024 18:45,14.996,44
2249,5/30/2024 19:00,14.996,38
2250,5/30/2024 19:15,14.9,25
2251,5/30/2024 19:30,14.9,25
2252,5/30/2024 19:45,14.9,14
2253,5/30/2024 20:00,14.9,5
2254,5/30/2024 20:15,14.9,1
2255,5/30/2024 20:30,14.9,0
2256,5/30/2024 20:45,14.9,0
2257,5/30/2024 21:00,14.9,0
2258,5/30/2024 21:15,14.9,0
2259,5/30/2024 21:30,14.9,0
2260,5/30/2024 21:45,14.9,0
2261,5/30/2024 22:00,14.9,0
2262,5/30/2024 22:15,14.9,0
2263,5/30/2024 22:30,14.9,0
2264,5/30/2024 22:45,14.9,0
2265,5/30/2024 23:00,14.9,0
2266,5/30/2024 23:15,14.9,0
2267,5/30/2024 23:30,14.9,0
2268,5/30/2024 23:45,14.9,0
2269,5/31/2024 0:00,14.9,0
2270,5/31/2024 0:15,14.9,0
2271,5/31/2024 0:30,14.9,0
2272,5/31/2024 0:45,14.613,0
2273,5/31/2024 1:00,14.517,0
2274,5/31/2024 1:15,14.421,0
2275,5/31/2024 1:30,14.325,0
2276,5/31/2024 1:45,14.421,0
2277,5/31/2024 2:00,14.325,0
2278,5/31/2024 2:15,14.23,0
2279,5/31/2024 2:30,14.23,0
2280,5/31/2024 2:45,14.134,0
2281,5/31/2024 3:00,14.134,0
2282,5/31/2024 3:15,14.134,0
2283,5/31/2024 3:30,14.134,0
2284,5/31/2024 3:45,14.134,0
2285,5/31/2024 4:00,14.23,0
2286,5/31/2024 4:15,14.23,0
2287,5/31/2024 4:30,14.23,0
2288,5/31/2024 4:45,14.23,0
2289,5/31/2024 5:00,14.23,0
2290,5/31/2024 5:15,14.23,4
2291,5/31/2024 5:30,14.23,12
2292,5/31/2024 5:45,14.23,22
2293,5/31/2024 6:00,14.325,34
2294,5/31/2024 6:15,14.23,39
2295,5/31/2024 6:30,14.325,77
2296,5/31/2024 6:45,14.325,49
2297,5/31/2024 7:00,14.325,81
2298,5/31/2024 7:15,14.325,85
2299,5/31/2024 7:30,14.23,128
2300,5/31/2024 7:45,14.325,168
2301,5/31/2024 8:00,14.325,272
2302,5/31/2024 8:15,14.325,432
2303,5/31/2024 8:30,14.421,400
2304,5/31/2024 8:45,14.421,496
2305,5/31/2024 9:00,14.517,608
2306,5/31/2024 9:15,14.613,864
2307,5/31/2024 9:30,14.804,960
2308,5/31/2024 9:45,14.9,1216
2309,5/31/2024 10:00,14.996,1344
2310,5/31/2024 10:15,14.996,1984
2311,5/31/2024 10:30,15.187,2048
2312,5/31/2024 10:45,15.282,2560
2313,5/31/2024 11:00,15.378,2944
2314,5/31/2024 11:15,15.378,3456
2315,5/31/2024 11:30,15.664,3456
2316,5/31/2024 11:45,15.569,3968
2317,5/31/2024 12:00,15.664,3968
2318,5/31/2024 12:15,15.76,4096
2319,5/31/2024 12:30,15.855,4096
2320,5/31/2024 12:45,15.855,4352
2321,5/31/2024 13:00,15.855,4096
2322,5/31/2024 13:15,15.951,4096
2323,5/31/2024 13:30,15.855,3840
2324,5/31/2024 13:45,15.187,992
2325,5/31/2024 14:00,15.664,3200
2326,5/31/2024 14:15,15.569,2304
2327,5/31/2024 14:30,15.473,3200
2328,5/31/2024 14:45,15.378,2560
2329,5/31/2024 15:00,15.282,2432
2330,5/31/2024 15:15,15.282,1856
2331,5/31/2024 15:30,15.187,1088
2332,5/31/2024 15:45,15.187,992
2333,5/31/2024 16:00,14.9,400
2334,5/31/2024 16:15,14.9,320
2335,5/31/2024 16:30,14.23,216
2336,5/31/2024 16:45,14.134,256
2337,5/31/2024 17:00,13.75,448
2338,5/31/2024 17:15,13.558,128
2339,5/31/2024 17:30,12.401,224
2340,5/31/2024 17:45,12.787,272
2341,5/31/2024 18:00,14.23,152
2342,5/31/2024 18:15,14.23,120
2343,5/31/2024 18:30,14.613,90
2344,5/31/2024 18:45,14.613,84
2345,5/31/2024 19:00,14.709,72
2346,5/31/2024 19:15,14.804,35
2347,5/31/2024 19:30,14.9,43
2348,5/31/2024 19:45,14.9,22
2349,5/31/2024 20:00,14.996,12
2350,5/31/2024 20:15,15.187,2
2351,5/31/2024 20:30,15.187,0
2352,5/31/2024 20:45,15.282,0
2353,5/31/2024 21:00,15.282,0
2354,5/31/2024 21:15,15.282,0
2355,5/31/2024 21:30,15.378,0
2356,5/31/2024 21:45,15.378,0
2357,5/31/2024 22:00,15.378,0
2358,5/31/2024 22:15,15.378,0
2359,5/31/2024 22:30,15.378,0
2360,5/31/2024 22:45,15.282,0
2361,5/31/2024 23:00,15.378,0
2362,5/31/2024 23:15,15.378,0
2363,5/31/2024 23:30,14.996,0
2364,5/31/2024 23:45,14.996,0
2365,6/1/2024 0:00,14.996,0
2366,6/1/2024 0:15,14.996,0
2367,6/1/2024 0:30,15.091,0
2368,6/1/2024 0:45,15.187,0
2369,6/1/2024 1:00,15.187,0
2370,6/1/2024 1:15,15.187,0
2371,6/1/2024 1:30,15.187,0
2372,6/1/2024 1:45,15.187,0
2373,6/1/2024 2:00,15.187,0
2374,6/1/2024 2:15,15.187,0
2375,6/1/2024 2:30,15.187,0
2376,6/1/2024 2:45,15.091,0
2377,6/1/2024 3:00,14.996,0
2378,6/1/2024 3:15,14.325,0
2379,6/1/2024 3:30,14.325,0
2380,6/1/2024 3:45,13.942,0
2381,6/1/2024 4:00,13.75,0
2382,6/1/2024 4:15,13.846,0
2383,6/1/2024 4:30,14.134,0
2384,6/1/2024 4:45,13.75,0
2385,6/1/2024 5:00,13.846,0
2386,6/1/2024 5:15,13.558,6
2387,6/1/2024 5:30,13.846,14
2388,6/1/2024 5:45,13.846,27
2389,6/1/2024 6:00,13.846,42
2390,6/1/2024 6:15,13.461,55
2391,6/1/2024 6:30,13.365,75
2392,6/1/2024 6:45,13.558,94
2393,6/1/2024 7:00,13.461,128
2394,6/1/2024 7:15,13.558,160
2395,6/1/2024 7:30,13.558,192
2396,6/1/2024 7:45,13.461,232
2397,6/1/2024 8:00,13.75,272
2398,6/1/2024 8:15,13.846,320
2399,6/1/2024 8:30,14.134,416
2400,6/1/2024 8:45,14.325,496
2401,6/1/2024 9:00,14.517,608
2402,6/1/2024 9:15,14.613,672
2403,6/1/2024 9:30,14.709,896
2404,6/1/2024 9:45,14.804,1024
2405,6/1/2024 10:00,14.996,1152
2406,6/1/2024 10:15,15.282,1472
2407,6/1/2024 10:30,15.378,1728
2408,6/1/2024 10:45,15.473,1920
2409,6/1/2024 11:00,15.473,2304
2410,6/1/2024 11:15,15.569,2432
2411,6/1/2024 11:30,15.855,2944
2412,6/1/2024 11:45,16.141,3072
2413,6/1/2024 12:00,16.237,3840
2414,6/1/2024 12:15,16.523,3840
2415,6/1/2024 12:30,16.903,3840
2416,6/1/2024 12:45,16.903,3968
2417,6/1/2024 13:00,16.903,4096
2418,6/1/2024 13:15,16.903,3968
2419,6/1/2024 13:30,16.999,3968
2420,6/1/2024 13:45,17.379,3968
2421,6/1/2024 14:00,16.903,3584
2422,6/1/2024 14:15,16.523,3200
2423,6/1/2024 14:30,16.618,3072
2424,6/1/2024 14:45,16.141,2688
2425,6/1/2024 15:00,15.664,2432
2426,6/1/2024 15:15,15.378,2176
2427,6/1/2024 15:30,14.9,1856
2428,6/1/2024 15:45,14.996,1472
2429,6/1/2024 16:00,14.996,1344
2430,6/1/2024 16:15,14.325,1024
2431,6/1/2024 16:30,13.558,864
2432,6/1/2024 16:45,13.75,672
2433,6/1/2024 17:00,13.75,512
2434,6/1/2024 17:15,12.594,432
2435,6/1/2024 17:30,12.401,368
2436,6/1/2024 17:45,12.207,288
2437,6/1/2024 18:00,12.11,224
2438,6/1/2024 18:15,12.013,168
2439,6/1/2024 18:30,11.916,128
2440,6/1/2024 18:45,11.819,75
2441,6/1/2024 19:00,11.916,91
2442,6/1/2024 19:15,11.916,66
2443,6/1/2024 19:30,11.916,41
2444,6/1/2024 19:45,11.916,21
2445,6/1/2024 20:00,11.819,8
2446,6/1/2024 20:15,11.819,1
2447,6/1/2024 20:30,11.625,0
2448,6/1/2024 20:45,11.431,0
2449,6/1/2024 21:00,11.334,0
2450,6/1/2024 21:15,11.236,0
2451,6/1/2024 21:30,11.236,0
2452,6/1/2024 21:45,11.334,0
2453,6/1/2024 22:00,11.528,0
2454,6/1/2024 22:15,11.528,0
2455,6/1/2024 22:30,11.625,0
2456,6/1/2024 22:45,11.722,0
2457,6/1/2024 23:00,11.722,0
2458,6/1/2024 23:15,11.722,0
2459,6/1/2024 23:30,11.722,0
2460,6/1/2024 23:45,11.528,0
2461,6/2/2024 0:00,11.625,0
2462,6/2/2024 0:15,11.819,0
2463,6/2/2024 0:30,11.819,0
2464,6/2/2024 0:45,11.819,0
2465,6/2/2024 1:00,11.819,0
2466,6/2/2024 1:15,11.916,0
2467,6/2/2024 1:30,12.497,0
2468,6/2/2024 1:45,12.98,0
2469,6/2/2024 2:00,13.654,0
2470,6/2/2024 2:15,13.846,0
2471,6/2/2024 2:30,12.401,0
2472,6/2/2024 2:45,11.625,0
2473,6/2/2024 3:00,11.528,0
2474,6/2/2024 3:15,11.334,0
2475,6/2/2024 3:30,11.236,0
2476,6/2/2024 3:45,11.041,0
2477,6/2/2024 4:00,10.944,0
2478,6/2/2024 4:15,10.748,0
2479,6/2/2024 4:30,10.651,0
2480,6/2/2024 4:45,10.553,0
2481,6/2/2024 5:00,10.553,2
2482,6/2/2024 5:15,10.748,13
2483,6/2/2024 5:30,10.944,29
2484,6/2/2024 5:45,11.041,48
2485,6/2/2024 6:00,11.041,72
2486,6/2/2024 6:15,11.236,95
2487,6/2/2024 6:30,11.625,127
2488,6/2/2024 6:45,11.819,152
2489,6/2/2024 7:00,11.236,184
2490,6/2/2024 7:15,10.944,232
2491,6/2/2024 7:30,12.013,288
2492,6/2/2024 7:45,12.304,304
2493,6/2/2024 8:00,12.497,352
2494,6/2/2024 8:15,12.69,432
2495,6/2/2024 8:30,12.883,496
2496,6/2/2024 8:45,13.173,576
2497,6/2/2024 9:00,11.916,768
2498,6/2/2024 9:15,11.722,992
2499,6/2/2024 9:30,11.528,992
2500,6/2/2024 9:45,12.98,1152
2501,6/2/2024 10:00,13.75,1280
2502,6/2/2024 10:15,13.942,1600
2503,6/2/2024 10:30,14.038,2048
2504,6/2/2024 10:45,14.134,1600
2505,6/2/2024 11:00,14.23,2304
2506,6/2/2024 11:15,14.325,2688
2507,6/2/2024 11:30,14.517,2432
2508,6/2/2024 11:45,14.517,2432
2509,6/2/2024 12:00,14.421,4608
2510,6/2/2024 12:15,14.613,4096
2511,6/2/2024 12:30,14.709,4608
2512,6/2/2024 12:45,14.996,3840
2513,6/2/2024 13:00,15.282,3072
2514,6/2/2024 13:15,14.9,2816
2515,6/2/2024 13:30,14.996,2048
2516,6/2/2024 13:45,15.378,1536
2517,6/2/2024 14:00,15.569,1728
2518,6/2/2024 14:15,15.951,2816
2519,6/2/2024 14:30,16.618,4608
2520,6/2/2024 14:45,16.618,2688
2521,6/2/2024 15:00,16.618,3072
2522,6/2/2024 15:15,16.427,3456
2523,6/2/2024 15:30,16.046,2816
2524,6/2/2024 15:45,15.664,2560
2525,6/2/2024 16:00,15.378,1664
2526,6/2/2024 16:15,15.091,1152
2527,6/2/2024 16:30,14.996,1600
2528,6/2/2024 16:45,14.613,1536
2529,6/2/2024 17:00,14.134,1024
2530,6/2/2024 17:15,13.75,896
2531,6/2/2024 17:30,13.365,672
2532,6/2/2024 17:45,12.883,512
2533,6/2/2024 18:00,12.883,400
2534,6/2/2024 18:15,12.497,320
2535,6/2/2024 18:30,12.401,192
2536,6/2/2024 18:45,12.304,200
2537,6/2/2024 19:00,12.013,74
2538,6/2/2024 19:15,11.916,68
2539,6/2/2024 19:30,11.722,39
2540,6/2/2024 19:45,11.819,26
2541,6/2/2024 20:00,11.722,8
2542,6/2/2024 20:15,11.722,2
2543,6/2/2024 20:30,11.722,0
2544,6/2/2024 20:45,11.722,0
2545,6/2/2024 21:00,11.722,0
2546,6/2/2024 21:15,11.625,0
2547,6/2/2024 21:30,11.722,0
2548,6/2/2024 21:45,11.819,0
2549,6/2/2024 22:00,12.013,0
2550,6/2/2024 22:15,12.11,0
2551,6/2/2024 22:30,12.207,0
2552,6/2/2024 22:45,12.11,0
2553,6/2/2024 23:00,12.207,0
2554,6/2/2024 23:15,12.207,0
2555,6/2/2024 23:30,12.401,0
2556,6/2/2024 23:45,12.497,0
2557,6/3/2024 0:00,12.594,0
2558,6/3/2024 0:15,12.594,0
2559,6/3/2024 0:30,12.69,0
2560,6/3/2024 0:45,12.883,0
2561,6/3/2024 1:00,12.883,0
2562,6/3/2024 1:15,12.883,0
2563,6/3/2024 1:30,12.883,0
2564,6/3/2024 1:45,12.98,0
2565,6/3/2024 2:00,12.98,0
2566,6/3/2024 2:15,13.365,0
2567,6/3/2024 2:30,13.942,0
2568,6/3/2024 2:45,14.517,0
2569,6/3/2024 3:00,14.517,0
2570,6/3/2024 3:15,14.613,0
2571,6/3/2024 3:30,14.709,0
2572,6/3/2024 3:45,14.709,0
2573,6/3/2024 4:00,15.091,0
2574,6/3/2024 4:15,15.187,0
2575,6/3/2024 4:30,15.091,0
2576,6/3/2024 4:45,14.996,0
2577,6/3/2024 5:00,14.709,0
2578,6/3/2024 5:15,14.804,7
2579,6/3/2024 5:30,14.9,20
2580,6/3/2024 5:45,14.9,42
2581,6/3/2024 6:00,14.804,57
2582,6/3/2024 6:15,14.709,74
2583,6/3/2024 6:30,14.613,90
2584,6/3/2024 6:45,14.421,92
2585,6/3/2024 7:00,14.325,103
2586,6/3/2024 7:15,14.421,128
2587,6/3/2024 7:30,14.134,184
2588,6/3/2024 7:45,12.69,176
2589,6/3/2024 8:00,11.916,232
2590,6/3/2024 8:15,11.431,208
2591,6/3/2024 8:30,11.236,232
2592,6/3/2024 8:45,11.819,272
2593,6/3/2024 9:00,11.334,272
2594,6/3/2024 9:15,11.819,400
2595,6/3/2024 9:30,11.722,480
2596,6/3/2024 9:45,11.819,576
2597,6/3/2024 10:00,12.304,896
2598,6/3/2024 10:15,12.497,960
2599,6/3/2024 10:30,12.787,1152
2600,6/3/2024 10:45,13.173,1344
2601,6/3/2024 11:00,13.365,1536
2602,6/3/2024 11:15,13.75,1728
2603,6/3/2024 11:30,14.134,2432
2604,6/3/2024 11:45,14.134,2176
2605,6/3/2024 12:00,14.421,2688
2606,6/3/2024 12:15,14.613,2048
2607,6/3/2024 12:30,14.996,3840
2608,6/3/2024 12:45,15.282,2304
2609,6/3/2024 13:00,15.76,2816
2610,6/3/2024 13:15,16.332,2944
2611,6/3/2024 13:30,16.427,5120
2612,6/3/2024 13:45,16.427,2944
2613,6/3/2024 14:00,15.664,5120
2614,6/3/2024 14:15,15.569,6144
2615,6/3/2024 14:30,15.569,2432
2616,6/3/2024 14:45,15.569,2688
2617,6/3/2024 15:00,15.473,4864
2618,6/3/2024 15:15,15.378,3584
2619,6/3/2024 15:30,15.282,2048
2620,6/3/2024 15:45,15.187,2432
2621,6/3/2024 16:00,15.187,2816
2622,6/3/2024 16:15,15.282,1920
2623,6/3/2024 16:30,15.76,2048
2624,6/3/2024 16:45,15.76,1728
2625,6/3/2024 17:00,15.76,1472
2626,6/3/2024 17:15,15.76,1216
2627,6/3/2024 17:30,15.664,800
2628,6/3/2024 17:45,14.804,608
2629,6/3/2024 18:00,14.9,480
2630,6/3/2024 18:15,15.187,416
2631,6/3/2024 18:30,15.282,288
2632,6/3/2024 18:45,15.282,208
2633,6/3/2024 19:00,14.996,136
2634,6/3/2024 19:15,14.9,108
2635,6/3/2024 19:30,13.75,80
2636,6/3/2024 19:45,13.173,48
2637,6/3/2024 20:00,12.98,24
2638,6/3/2024 20:15,12.69,5
2639,6/3/2024 20:30,12.594,0
2640,6/3/2024 20:45,12.594,0
2641,6/3/2024 21:00,12.594,0
2642,6/3/2024 21:15,12.497,0
2643,6/3/2024 21:30,12.497,0
2644,6/3/2024 21:45,12.594,0
2645,6/3/2024 22:00,12.69,0
2646,6/3/2024 22:15,12.883,0
2647,6/3/2024 22:30,12.98,0
2648,6/3/2024 22:45,12.98,0
2649,6/3/2024 23:00,13.173,0
2650,6/3/2024 23:15,13.269,0
2651,6/3/2024 23:30,13.461,0
2652,6/3/2024 23:45,13.558,0
2653,6/4/2024 0:00,13.75,0
2654,6/4/2024 0:15,13.846,0
2655,6/4/2024 0:30,14.038,0
2656,6/4/2024 0:45,14.134,0
2657,6/4/2024 1:00,14.134,0
2658,6/4/2024 1:15,13.942,0
2659,6/4/2024 1:30,13.942,0
2660,6/4/2024 1:45,14.038,0
2661,6/4/2024 2:00,13.942,0
2662,6/4/2024 2:15,14.134,0
2663,6/4/2024 2:30,14.23,0
2664,6/4/2024 2:45,14.421,0
2665,6/4/2024 3:00,14.613,0
2666,6/4/2024 3:15,14.613,0
2667,6/4/2024 3:30,15.282,0
2668,6/4/2024 3:45,15.473,0
2669,6/4/2024 4:00,15.473,0
2670,6/4/2024 4:15,15.664,0
2671,6/4/2024 4:30,15.664,0
2672,6/4/2024 4:45,15.664,0
2673,6/4/2024 5:00,15.473,5
2674,6/4/2024 5:15,15.473,24
2675,6/4/2024 5:30,15.473,58
2676,6/4/2024 5:45,15.378,82
2677,6/4/2024 6:00,15.378,123
2678,6/4/2024 6:15,15.378,176
2679,6/4/2024 6:30,15.282,208
2680,6/4/2024 6:45,15.282,232
2681,6/4/2024 7:00,15.282,384
2682,6/4/2024 7:15,15.187,216
2683,6/4/2024 7:30,15.282,416
2684,6/4/2024 7:45,15.282,304
2685,6/4/2024 8:00,15.282,608
2686,6/4/2024 8:15,15.187,272
2687,6/4/2024 8:30,14.996,448
2688,6/4/2024 8:45,14.038,464
2689,6/4/2024 9:00,13.269,608
2690,6/4/2024 9:15,13.076,608
2691,6/4/2024 9:30,13.076,704
2692,6/4/2024 9:45,13.269,896
2693,6/4/2024 10:00,13.75,992
2694,6/4/2024 10:15,12.401,960
2695,6/4/2024 10:30,12.594,1152
2696,6/4/2024 10:45,13.076,1280
2697,6/4/2024 11:00,13.461,1344
2698,6/4/2024 11:15,13.365,1536
2699,6/4/2024 11:30,13.846,1792
2700,6/4/2024 11:45,15.091,2048
2701,6/4/2024 12:00,15.951,1792
2702,6/4/2024 12:15,16.046,2688
2703,6/4/2024 12:30,16.237,2176
2704,6/4/2024 12:45,16.427,1920
2705,6/4/2024 13:00,16.523,3200
2706,6/4/2024 13:15,16.618,3072
2707,6/4/2024 13:30,16.808,2432
2708,6/4/2024 13:45,16.903,3328
2709,6/4/2024 14:00,16.999,2304
2710,6/4/2024 14:15,16.523,2048
2711,6/4/2024 14:30,16.523,2816
2712,6/4/2024 14:45,16.523,3328
2713,6/4/2024 15:00,16.046,1792
2714,6/4/2024 15:15,16.141,2304
2715,6/4/2024 15:30,16.332,2176
2716,6/4/2024 15:45,16.332,2944
2717,6/4/2024 16:00,16.332,2176
2718,6/4/2024 16:15,16.523,3072
2719,6/4/2024 16:30,16.523,2304
2720,6/4/2024 16:45,16.332,1792
2721,6/4/2024 17:00,16.237,2304
2722,6/4/2024 17:15,16.141,1408
2723,6/4/2024 17:30,16.046,1088
2724,6/4/2024 17:45,15.951,800
2725,6/4/2024 18:00,15.951,864
2726,6/4/2024 18:15,15.855,576
2727,6/4/2024 18:30,15.378,384
2728,6/4/2024 18:45,15.569,216
2729,6/4/2024 19:00,15.76,168
2730,6/4/2024 19:15,15.855,124
2731,6/4/2024 19:30,15.76,86
2732,6/4/2024 19:45,15.76,40
2733,6/4/2024 20:00,15.664,21
2734,6/4/2024 20:15,13.173,5
2735,6/4/2024 20:30,12.497,0
2736,6/4/2024 20:45,12.11,0
2737,6/4/2024 21:00,12.013,0
2738,6/4/2024 21:15,11.625,0
2739,6/4/2024 21:30,11.431,0
2740,6/4/2024 21:45,11.334,0
2741,6/4/2024 22:00,11.139,0
2742,6/4/2024 22:15,11.041,0
2743,6/4/2024 22:30,10.944,0
2744,6/4/2024 22:45,10.748,0
2745,6/4/2024 23:00,10.846,0
2746,6/4/2024 23:15,11.528,0
2747,6/4/2024 23:30,12.013,0
2748,6/4/2024 23:45,12.401,0
2749,6/5/2024 0:00,12.98,0
2750,6/5/2024 0:15,13.654,0
2751,6/5/2024 0:30,13.461,0
2752,6/5/2024 0:45,14.23,0
2753,6/5/2024 1:00,14.517,0
2754,6/5/2024 1:15,14.325,0
2755,6/5/2024 1:30,14.134,0
2756,6/5/2024 1:45,14.038,0
2757,6/5/2024 2:00,13.942,0
2758,6/5/2024 2:15,13.942,0
2759,6/5/2024 2:30,13.942,0
2760,6/5/2024 2:45,13.846,0
2761,6/5/2024 3:00,13.846,0
2762,6/5/2024 3:15,13.846,0
2763,6/5/2024 3:30,14.325,0
2764,6/5/2024 3:45,14.325,0
2765,6/5/2024 4:00,14.325,0
2766,6/5/2024 4:15,14.709,0
2767,6/5/2024 4:30,15.378,0
2768,6/5/2024 4:45,15.282,0
2769,6/5/2024 5:00,15.473,7
2770,6/5/2024 5:15,15.473,45
2771,6/5/2024 5:30,15.569,95
2772,6/5/2024 5:45,15.569,144
2773,6/5/2024 6:00,15.664,160
2774,6/5/2024 6:15,15.664,176
2775,6/5/2024 6:30,15.76,136
2776,6/5/2024 6:45,15.473,160
2777,6/5/2024 7:00,15.187,448
2778,6/5/2024 7:15,15.282,272
2779,6/5/2024 7:30,15.473,432
2780,6/5/2024 7:45,15.664,576
2781,6/5/2024 8:00,15.378,512
2782,6/5/2024 8:15,15.473,480
2783,6/5/2024 8:30,15.187,432
2784,6/5/2024 8:45,14.804,576
2785,6/5/2024 9:00,14.996,672
2786,6/5/2024 9:15,15.187,672
2787,6/5/2024 9:30,15.282,672
2788,6/5/2024 9:45,13.461,960
2789,6/5/2024 10:00,12.883,768
2790,6/5/2024 10:15,11.625,1344
2791,6/5/2024 10:30,14.038,576
2792,6/5/2024 10:45,14.804,432
2793,6/5/2024 11:00,12.883,432
2794,6/5/2024 11:15,13.75,1152
2795,6/5/2024 11:30,14.421,672
2796,6/5/2024 11:45,15.76,1536
2797,6/5/2024 12:00,16.237,1152
2798,6/5/2024 12:15,16.618,1856
2799,6/5/2024 12:30,16.713,864
2800,6/5/2024 12:45,16.999,1728
2801,6/5/2024 13:00,16.618,1152
2802,6/5/2024 13:15,16.999,1536
2803,6/5/2024 13:30,16.332,1024
2804,6/5/2024 13:45,16.332,1280
2805,6/5/2024 14:00,16.808,2304
2806,6/5/2024 14:15,16.713,2688
2807,6/5/2024 14:30,16.618,2816
2808,6/5/2024 14:45,15.951,1600
2809,6/5/2024 15:00,16.237,2560
2810,6/5/2024 15:15,16.237,3328
2811,6/5/2024 15:30,16.141,3200
2812,6/5/2024 15:45,16.046,2432
2813,6/5/2024 16:00,16.141,2560
2814,6/5/2024 16:15,15.76,3456
2815,6/5/2024 16:30,15.951,1728
2816,6/5/2024 16:45,15.473,448
2817,6/5/2024 17:00,16.141,288
2818,6/5/2024 17:15,16.046,127
2819,6/5/2024 17:30,16.141,73
2820,6/5/2024 17:45,16.332,77
2821,6/5/2024 18:00,16.141,62
2822,6/5/2024 18:15,16.046,81
2823,6/5/2024 18:30,16.141,58
2824,6/5/2024 18:45,16.237,82
2825,6/5/2024 19:00,16.141,73
2826,6/5/2024 19:15,16.141,68
2827,6/5/2024 19:30,16.141,40
2828,6/5/2024 19:45,15.664,14
2829,6/5/2024 20:00,15.664,3
2830,6/5/2024 20:15,15.473,0
2831,6/5/2024 20:30,15.282,0
2832,6/5/2024 20:45,14.613,0
2833,6/5/2024 21:00,14.613,0
2834,6/5/2024 21:15,14.613,0
2835,6/5/2024 21:30,14.421,0
2836,6/5/2024 21:45,12.883,0
2837,6/5/2024 22:00,12.013,0
2838,6/5/2024 22:15,11.625,0
2839,6/5/2024 22:30,11.625,0
2840,6/5/2024 22:45,11.722,0
2841,6/5/2024 23:00,11.722,0
2842,6/5/2024 23:15,11.916,0
2843,6/5/2024 23:30,11.722,0
2844,6/5/2024 23:45,11.819,0
2845,6/6/2024 0:00,11.722,0
2846,6/6/2024 0:15,12.594,0
2847,6/6/2024 0:30,13.846,0
2848,6/6/2024 0:45,14.23,0
2849,6/6/2024 1:00,14.613,0
2850,6/6/2024 1:15,15.187,0
2851,6/6/2024 1:30,15.282,0
2852,6/6/2024 1:45,14.613,0
2853,6/6/2024 2:00,13.461,0
2854,6/6/2024 2:15,13.269,0
2855,6/6/2024 2:30,12.98,0
2856,6/6/2024 2:45,13.173,0
2857,6/6/2024 3:00,13.461,0
2858,6/6/2024 3:15,13.654,0
2859,6/6/2024 3:30,13.942,0
2860,6/6/2024 3:45,14.517,0
2861,6/6/2024 4:00,15.282,0
2862,6/6/2024 4:15,15.282,0
2863,6/6/2024 4:30,14.996,0
2864,6/6/2024 4:45,14.996,0
2865,6/6/2024 5:00,15.187,9
2866,6/6/2024 5:15,15.187,20
2867,6/6/2024 5:30,15.569,61
2868,6/6/2024 5:45,15.855,144
2869,6/6/2024 6:00,15.951,224
2870,6/6/2024 6:15,15.855,152
2871,6/6/2024 6:30,15.855,200
2872,6/6/2024 6:45,15.855,368
2873,6/6/2024 7:00,15.855,320
2874,6/6/2024 7:15,15.951,480
2875,6/6/2024 7:30,15.76,232
2876,6/6/2024 7:45,15.473,368
2877,6/6/2024 8:00,15.091,272
2878,6/6/2024 8:15,14.996,256
2879,6/6/2024 8:30,14.996,288
2880,6/6/2024 8:45,15.187,432
2881,6/6/2024 9:00,14.709,288
2882,6/6/2024 9:15,14.325,400
2883,6/6/2024 9:30,14.134,320
2884,6/6/2024 9:45,14.134,480
2885,6/6/2024 10:00,13.942,416
2886,6/6/2024 10:15,13.846,464
2887,6/6/2024 10:30,13.846,608
2888,6/6/2024 10:45,13.846,608
2889,6/6/2024 11:00,13.75,672
2890,6/6/2024 11:15,13.654,800
2891,6/6/2024 11:30,13.365,480
2892,6/6/2024 11:45,13.076,672
2893,6/6/2024 12:00,13.076,704
2894,6/6/2024 12:15,13.654,1408
2895,6/6/2024 12:30,13.461,960
2896,6/6/2024 12:45,13.076,512
2897,6/6/2024 13:00,12.401,800
2898,6/6/2024 13:15,13.173,480
2899,6/6/2024 13:30,13.942,2432
2900,6/6/2024 13:45,14.038,1216
2901,6/6/2024 14:00,14.421,896
2902,6/6/2024 14:15,14.9,1152
2903,6/6/2024 14:30,14.709,992
2904,6/6/2024 14:45,14.613,800
2905,6/6/2024 15:00,14.709,800
2906,6/6/2024 15:15,14.613,608
2907,6/6/2024 15:30,14.804,1472
2908,6/6/2024 15:45,14.996,2688
2909,6/6/2024 16:00,14.804,1408
2910,6/6/2024 16:15,14.613,800
2911,6/6/2024 16:30,14.421,480
2912,6/6/2024 16:45,14.517,992
2913,6/6/2024 17:00,14.613,800
2914,6/6/2024 17:15,14.9,2944
2915,6/6/2024 17:30,14.709,1408
2916,6/6/2024 17:45,14.613,464
2917,6/6/2024 18:00,14.804,336
2918,6/6/2024 18:15,14.996,480
2919,6/6/2024 18:30,15.282,224
2920,6/6/2024 18:45,14.613,160
2921,6/6/2024 19:00,13.75,122
2922,6/6/2024 19:15,13.461,102
2923,6/6/2024 19:30,13.461,68
2924,6/6/2024 19:45,13.461,42
2925,6/6/2024 20:00,13.365,12
2926,6/6/2024 20:15,13.558,1
2927,6/6/2024 20:30,13.75,0
2928,6/6/2024 20:45,13.654,0
2929,6/6/2024 21:00,13.75,0
2930,6/6/2024 21:15,13.75,0
2931,6/6/2024 21:30,13.846,0
2932,6/6/2024 21:45,14.038,0
2933,6/6/2024 22:00,14.038,0
2934,6/6/2024 22:15,14.23,0
2935,6/6/2024 22:30,14.23,0
2936,6/6/2024 22:45,12.69,0
2937,6/6/2024 23:00,12.497,0
2938,6/6/2024 23:15,12.013,0
2939,6/6/2024 23:30,11.819,0
2940,6/6/2024 23:45,11.625,0
2941,6/7/2024 0:00,11.236,0
2942,6/7/2024 0:15,11.236,0
2943,6/7/2024 0:30,11.236,0
2944,6/7/2024 0:45,11.334,0
2945,6/7/2024 1:00,11.916,0
2946,6/7/2024 1:15,12.013,0
2947,6/7/2024 1:30,12.11,0
2948,6/7/2024 1:45,12.304,0
2949,6/7/2024 2:00,12.69,0
2950,6/7/2024 2:15,12.883,0
2951,6/7/2024 2:30,13.173,0
2952,6/7/2024 2:45,13.365,0
2953,6/7/2024 3:00,13.558,0
2954,6/7/2024 3:15,13.558,0
2955,6/7/2024 3:30,13.654,0
2956,6/7/2024 3:45,13.942,0
2957,6/7/2024 4:00,14.23,0
2958,6/7/2024 4:15,14.325,0
2959,6/7/2024 4:30,14.421,0
2960,6/7/2024 4:45,14.421,0
2961,6/7/2024 5:00,14.421,1
2962,6/7/2024 5:15,14.421,11
2963,6/7/2024 5:30,14.517,36
2964,6/7/2024 5:45,14.517,80
2965,6/7/2024 6:00,14.517,152
2966,6/7/2024 6:15,14.517,184
2967,6/7/2024 6:30,14.613,336
2968,6/7/2024 6:45,14.709,416
2969,6/7/2024 7:00,14.804,464
2970,6/7/2024 7:15,14.9,480
2971,6/7/2024 7:30,14.9,480
2972,6/7/2024 7:45,15.091,672
2973,6/7/2024 8:00,15.091,576
2974,6/7/2024 8:15,15.664,576
2975,6/7/2024 8:30,15.76,496
2976,6/7/2024 8:45,15.473,672
2977,6/7/2024 9:00,15.378,768
2978,6/7/2024 9:15,15.282,608
2979,6/7/2024 9:30,15.282,480
2980,6/7/2024 9:45,15.282,496
2981,6/7/2024 10:00,15.282,400
2982,6/7/2024 10:15,15.378,464
2983,6/7/2024 10:30,15.378,368
2984,6/7/2024 10:45,15.473,480
2985,6/7/2024 11:00,15.473,480
2986,6/7/2024 11:15,14.9,480
2987,6/7/2024 11:30,14.421,576
2988,6/7/2024 11:45,14.325,704
2989,6/7/2024 12:00,14.23,608
2990,6/7/2024 12:15,14.038,672
2991,6/7/2024 12:30,13.654,448
2992,6/7/2024 12:45,13.558,1600
2993,6/7/2024 13:00,13.654,1472
2994,6/7/2024 13:15,13.846,1408
2995,6/7/2024 13:30,14.134,1408
2996,6/7/2024 13:45,14.134,1472
2997,6/7/2024 14:00,14.038,480
2998,6/7/2024 14:15,14.134,496
2999,6/7/2024 14:30,14.517,1600
3000,6/7/2024 14:45,14.517,1728
3001,6/7/2024 15:00,14.421,1088
3002,6/7/2024 15:15,14.325,368
3003,6/7/2024 15:30,14.517,256
3004,6/7/2024 15:45,14.709,224
3005,6/7/2024 16:00,15.091,800
3006,6/7/2024 16:15,15.664,2048
3007,6/7/2024 16:30,15.664,1152
3008,6/7/2024 16:45,15.76,1536
3009,6/7/2024 17:00,15.664,1344
3010,6/7/2024 17:15,15.664,992
3011,6/7/2024 17:30,15.569,1088
3012,6/7/2024 17:45,15.378,1344
3013,6/7/2024 18:00,15.187,768
3014,6/7/2024 18:15,15.091,768
3015,6/7/2024 18:30,14.996,216
3016,6/7/2024 18:45,14.9,448
3017,6/7/2024 19:00,14.804,272
3018,6/7/2024 19:15,14.804,110
3019,6/7/2024 19:30,14.709,17
3020,6/7/2024 19:45,14.996,2
3021,6/7/2024 20:00,15.091,5
3022,6/7/2024 20:15,15.282,1
3023,6/7/2024 20:30,15.282,0
3024,6/7/2024 20:45,15.091,0
3025,6/7/2024 21:00,15.091,0
3026,6/7/2024 21:15,14.996,0
3027,6/7/2024 21:30,15.091,0
3028,6/7/2024 21:45,15.187,0
3029,6/7/2024 22:00,15.282,0
3030,6/7/2024 22:15,15.473,0
3031,6/7/2024 22:30,15.664,0
3032,6/7/2024 22:45,15.569,0
3033,6/7/2024 23:00,14.23,0
3034,6/7/2024 23:15,12.497,0
3035,6/7/2024 23:30,12.11,0
3036,6/7/2024 23:45,12.207,0
3037,6/8/2024 0:00,12.304,0
3038,6/8/2024 0:15,12.013,0
3039,6/8/2024 0:30,11.819,0
3040,6/8/2024 0:45,11.819,0
3041,6/8/2024 1:00,12.013,0
3042,6/8/2024 1:15,12.207,0
3043,6/8/2024 1:30,12.304,0
3044,6/8/2024 1:45,12.401,0
3045,6/8/2024 2:00,13.365,0
3046,6/8/2024 2:15,13.461,0
3047,6/8/2024 2:30,13.365,0
3048,6/8/2024 2:45,13.558,0
3049,6/8/2024 3:00,14.517,0
3050,6/8/2024 3:15,15.569,0
3051,6/8/2024 3:30,15.855,0
3052,6/8/2024 3:45,15.855,0
3053,6/8/2024 4:00,15.569,0
3054,6/8/2024 4:15,15.473,0
3055,6/8/2024 4:30,15.378,0
3056,6/8/2024 4:45,15.282,0
3057,6/8/2024 5:00,15.378,4
3058,6/8/2024 5:15,15.473,20
3059,6/8/2024 5:30,15.569,43
3060,6/8/2024 5:45,15.664,68
3061,6/8/2024 6:00,15.664,114
3062,6/8/2024 6:15,15.664,160
3063,6/8/2024 6:30,15.664,248
3064,6/8/2024 6:45,15.76,336
3065,6/8/2024 7:00,15.855,432
3066,6/8/2024 7:15,15.855,432
3067,6/8/2024 7:30,15.951,896
3068,6/8/2024 7:45,15.951,608
3069,6/8/2024 8:00,16.046,608
3070,6/8/2024 8:15,16.141,768
3071,6/8/2024 8:30,16.141,1024
3072,6/8/2024 8:45,16.237,960
3073,6/8/2024 9:00,16.332,800
3074,6/8/2024 9:15,16.427,1344
3075,6/8/2024 9:30,16.523,1408
3076,6/8/2024 9:45,16.618,1344
3077,6/8/2024 10:00,16.713,1152
3078,6/8/2024 10:15,16.808,1216
3079,6/8/2024 10:30,16.903,1728
3080,6/8/2024 10:45,16.903,512
3081,6/8/2024 11:00,16.999,1472
3082,6/8/2024 11:15,16.999,1728
3083,6/8/2024 11:30,17.094,1536
3084,6/8/2024 11:45,16.903,1408
3085,6/8/2024 12:00,16.903,1920
3086,6/8/2024 12:15,16.808,272
3087,6/8/2024 12:30,16.713,272
3088,6/8/2024 12:45,16.713,480
3089,6/8/2024 13:00,16.808,336
3090,6/8/2024 13:15,16.808,480
3091,6/8/2024 13:30,17.094,1408
3092,6/8/2024 13:45,17.094,1472
3093,6/8/2024 14:00,17.189,1344
3094,6/8/2024 14:15,17.189,1408
3095,6/8/2024 14:30,17.284,1664
3096,6/8/2024 14:45,16.999,336
3097,6/8/2024 15:00,16.903,176
3098,6/8/2024 15:15,16.903,100
3099,6/8/2024 15:30,16.999,192
3100,6/8/2024 15:45,17.284,1472
3101,6/8/2024 16:00,17.189,896
3102,6/8/2024 16:15,17.094,336
3103,6/8/2024 16:30,17.094,320
3104,6/8/2024 16:45,17.094,352
3105,6/8/2024 17:00,17.189,480
3106,6/8/2024 17:15,17.189,272
3107,6/8/2024 17:30,17.284,768
3108,6/8/2024 17:45,17.284,704
3109,6/8/2024 18:00,17.284,704
3110,6/8/2024 18:15,17.284,576
3111,6/8/2024 18:30,17.189,432
3112,6/8/2024 18:45,17.189,352
3113,6/8/2024 19:00,17.094,232
3114,6/8/2024 19:15,17.094,176
3115,6/8/2024 19:30,17.094,99
3116,6/8/2024 19:45,17.094,48
3117,6/8/2024 20:00,16.999,23
3118,6/8/2024 20:15,16.999,10
3119,6/8/2024 20:30,16.999,1
3120,6/8/2024 20:45,16.999,0
3121,6/8/2024 21:00,16.999,0
3122,6/8/2024 21:15,16.903,0
3123,6/8/2024 21:30,16.903,0
3124,6/8/2024 21:45,16.903,0
3125,6/8/2024 22:00,16.903,0
3126,6/8/2024 22:15,16.903,0
3127,6/8/2024 22:30,16.903,0
3128,6/8/2024 22:45,16.903,0
3129,6/8/2024 23:00,16.903,0
3130,6/8/2024 23:15,16.903,0
3131,6/8/2024 23:30,16.903,0
3132,6/8/2024 23:45,16.999,0
3133,6/9/2024 0:00,17.094,0
3134,6/9/2024 0:15,16.999,0
3135,6/9/2024 0:30,16.999,0
3136,6/9/2024 0:45,16.523,0
3137,6/9/2024 1:00,16.999,0
3138,6/9/2024 1:15,16.999,0
3139,6/9/2024 1:30,16.999,0
3140,6/9/2024 1:45,16.999,0
3141,6/9/2024 2:00,16.999,0
3142,6/9/2024 2:15,16.999,0
3143,6/9/2024 2:30,16.999,0
3144,6/9/2024 2:45,16.999,0
3145,6/9/2024 3:00,16.999,0
3146,6/9/2024 3:15,16.999,0
3147,6/9/2024 3:30,16.999,0
3148,6/9/2024 3:45,16.999,0
3149,6/9/2024 4:00,16.999,0
3150,6/9/2024 4:15,16.999,0
3151,6/9/2024 4:30,16.999,0
3152,6/9/2024 4:45,16.999,0
3153,6/9/2024 5:00,16.903,0
3154,6/9/2024 5:15,16.999,4
3155,6/9/2024 5:30,16.903,18
3156,6/9/2024 5:45,16.999,45
3157,6/9/2024 6:00,16.999,56
3158,6/9/2024 6:15,16.999,70
3159,6/9/2024 6:30,16.999,107
3160,6/9/2024 6:45,16.903,107
3161,6/9/2024 7:00,16.903,117
3162,6/9/2024 7:15,16.903,98
3163,6/9/2024 7:30,16.903,87
3164,6/9/2024 7:45,16.903,136
3165,6/9/2024 8:00,16.903,168
3166,6/9/2024 8:15,16.903,272
3167,6/9/2024 8:30,16.903,208
3168,6/9/2024 8:45,16.903,97
3169,6/9/2024 9:00,16.903,136
3170,6/9/2024 9:15,16.903,144
3171,6/9/2024 9:30,16.999,400
3172,6/9/2024 9:45,16.903,152
3173,6/9/2024 10:00,16.903,200
3174,6/9/2024 10:15,16.903,184
3175,6/9/2024 10:30,16.903,73
3176,6/9/2024 10:45,16.903,176
3177,6/9/2024 11:00,16.903,248
3178,6/9/2024 11:15,16.903,123
3179,6/9/2024 11:30,16.903,136
3180,6/9/2024 11:45,16.808,144
3181,6/9/2024 12:00,16.427,33
3182,6/9/2024 12:15,16.808,91
3183,6/9/2024 12:30,16.713,74
3184,6/9/2024 12:45,16.523,14
3185,6/9/2024 13:00,16.618,50
3186,6/9/2024 13:15,16.618,55
3187,6/9/2024 13:30,16.618,80
3188,6/9/2024 13:45,15.473,104
3189,6/9/2024 14:00,16.427,272
3190,6/9/2024 14:15,14.9,256
3191,6/9/2024 14:30,15.855,496
3192,6/9/2024 14:45,16.046,1344
3193,6/9/2024 15:00,16.332,1152
3194,6/9/2024 15:15,16.237,864
3195,6/9/2024 15:30,16.427,992
3196,6/9/2024 15:45,16.427,1024
3197,6/9/2024 16:00,16.523,1024
3198,6/9/2024 16:15,16.427,1280
3199,6/9/2024 16:30,16.713,960
3200,6/9/2024 16:45,16.808,896
3201,6/9/2024 17:00,16.808,336
3202,6/9/2024 17:15,16.999,768
3203,6/9/2024 17:30,16.999,768
3204,6/9/2024 17:45,17.189,224
3205,6/9/2024 18:00,17.379,480
3206,6/9/2024 18:15,17.379,496
3207,6/9/2024 18:30,17.094,320
3208,6/9/2024 18:45,17.094,304
3209,6/9/2024 19:00,17.094,216
3210,6/9/2024 19:15,16.999,184
3211,6/9/2024 19:30,16.903,106
3212,6/9/2024 19:45,16.713,49
3213,6/9/2024 20:00,16.713,30
3214,6/9/2024 20:15,16.618,12
3215,6/9/2024 20:30,16.618,2
3216,6/9/2024 20:45,16.713,0
3217,6/9/2024 21:00,16.713,0
3218,6/9/2024 21:15,16.713,0
3219,6/9/2024 21:30,16.713,0
3220,6/9/2024 21:45,16.808,0
3221,6/9/2024 22:00,16.903,0
3222,6/9/2024 22:15,16.903,0
3223,6/9/2024 22:30,16.903,0
3224,6/9/2024 22:45,16.999,0
3225,6/9/2024 23:00,16.999,0
3226,6/9/2024 23:15,17.094,0
3227,6/9/2024 23:30,17.094,0
3228,6/9/2024 23:45,17.094,0
3229,6/10/2024 0:00,16.999,0
3230,6/10/2024 0:15,16.999,0
3231,6/10/2024 0:30,15.187,0
3232,6/10/2024 0:45,16.332,0
3233,6/10/2024 1:00,16.713,0
3234,6/10/2024 1:15,16.808,0
3235,6/10/2024 1:30,16.903,0
3236,6/10/2024 1:45,15.282,0
3237,6/10/2024 2:00,13.076,0
3238,6/10/2024 2:15,13.461,0
3239,6/10/2024 2:30,16.713,0
3240,6/10/2024 2:45,12.401,0
3241,6/10/2024 3:00,15.091,0
3242,6/10/2024 3:15,15.76,0
3243,6/10/2024 3:30,16.523,0
3244,6/10/2024 3:45,16.618,0
3245,6/10/2024 4:00,16.618,0
3246,6/10/2024 4:15,16.618,0
3247,6/10/2024 4:30,16.618,0
3248,6/10/2024 4:45,16.427,0
3249,6/10/2024 5:00,16.427,1
3250,6/10/2024 5:15,16.523,8
3251,6/10/2024 5:30,16.427,21
3252,6/10/2024 5:45,16.523,39
3253,6/10/2024 6:00,16.523,73
3254,6/10/2024 6:15,16.523,104
3255,6/10/2024 6:30,16.523,160
3256,6/10/2024 6:45,16.523,192
3257,6/10/2024 7:00,16.523,288
3258,6/10/2024 7:15,16.618,288
3259,6/10/2024 7:30,16.618,368
3260,6/10/2024 7:45,16.713,512
3261,6/10/2024 8:00,16.808,576
3262,6/10/2024 8:15,16.903,608
3263,6/10/2024 8:30,16.999,672
3264,6/10/2024 8:45,17.094,1600
3265,6/10/2024 9:00,17.094,1536
3266,6/10/2024 9:15,17.189,2176
3267,6/10/2024 9:30,17.284,2688
3268,6/10/2024 9:45,17.379,1536
3269,6/10/2024 10:00,17.475,1408
3270,6/10/2024 10:15,17.475,1536
3271,6/10/2024 10:30,17.475,1664
3272,6/10/2024 10:45,17.57,1728
3273,6/10/2024 11:00,17.57,1728
3274,6/10/2024 11:15,17.665,1792
3275,6/10/2024 11:30,17.665,2048
3276,6/10/2024 11:45,17.475,1920
3277,6/10/2024 12:00,17.379,1792
3278,6/10/2024 12:15,16.618,1600
3279,6/10/2024 12:30,16.427,448
3280,6/10/2024 12:45,16.523,1536
3281,6/10/2024 13:00,16.523,1408
3282,6/10/2024 13:15,16.618,1024
3283,6/10/2024 13:30,16.141,1472
3284,6/10/2024 13:45,15.664,1728
3285,6/10/2024 14:00,15.855,464
3286,6/10/2024 14:15,16.046,384
3287,6/10/2024 14:30,16.523,1344
3288,6/10/2024 14:45,16.332,464
3289,6/10/2024 15:00,16.332,672
3290,6/10/2024 15:15,16.141,336
3291,6/10/2024 15:30,16.046,1344
3292,6/10/2024 15:45,15.187,384
3293,6/10/2024 16:00,14.421,896
3294,6/10/2024 16:15,14.325,256
3295,6/10/2024 16:30,14.613,256
3296,6/10/2024 16:45,14.804,240
3297,6/10/2024 17:00,14.804,256
3298,6/10/2024 17:15,14.996,864
3299,6/10/2024 17:30,14.996,272
3300,6/10/2024 17:45,15.187,248
3301,6/10/2024 18:00,15.378,176
3302,6/10/2024 18:15,15.473,108
3303,6/10/2024 18:30,15.569,136
3304,6/10/2024 18:45,15.76,352
3305,6/10/2024 19:00,15.951,152
3306,6/10/2024 19:15,16.046,168
3307,6/10/2024 19:30,16.046,116
3308,6/10/2024 19:45,16.237,72
3309,6/10/2024 20:00,16.523,38
3310,6/10/2024 20:15,16.618,15
3311,6/10/2024 20:30,16.523,2
3312,6/10/2024 20:45,16.618,0
3313,6/10/2024 21:00,16.713,0
3314,6/10/2024 21:15,16.999,0
3315,6/10/2024 21:30,17.379,0
3316,6/10/2024 21:45,17.57,0
3317,6/10/2024 22:00,17.57,0
3318,6/10/2024 22:15,17.665,0
3319,6/10/2024 22:30,17.665,0
3320,6/10/2024 22:45,17.665,0
3321,6/10/2024 23:00,17.76,0
3322,6/10/2024 23:15,17.76,0
3323,6/10/2024 23:30,17.76,0
3324,6/10/2024 23:45,17.76,0
3325,6/11/2024 0:00,17.855,0
3326,6/11/2024 0:15,17.855,0
3327,6/11/2024 0:30,17.855,0
3328,6/11/2024 0:45,17.855,0
3329,6/11/2024 1:00,17.284,0
3330,6/11/2024 1:15,15.569,0
3331,6/11/2024 1:30,15.76,0
3332,6/11/2024 1:45,16.046,0
3333,6/11/2024 2:00,16.903,0
3334,6/11/2024 2:15,15.951,0
3335,6/11/2024 2:30,15.855,0
3336,6/11/2024 2:45,16.141,0
3337,6/11/2024 3:00,16.141,0
3338,6/11/2024 3:15,15.76,0
3339,6/11/2024 3:30,15.282,0
3340,6/11/2024 3:45,14.613,0
3341,6/11/2024 4:00,15.664,0
3342,6/11/2024 4:15,16.427,0
3343,6/11/2024 4:30,16.808,0
3344,6/11/2024 4:45,16.808,0
3345,6/11/2024 5:00,16.808,1
3346,6/11/2024 5:15,16.808,6
3347,6/11/2024 5:30,16.808,18
3348,6/11/2024 5:45,16.808,32
3349,6/11/2024 6:00,16.903,52
3350,6/11/2024 6:15,16.903,73
3351,6/11/2024 6:30,16.903,115
3352,6/11/2024 6:45,16.999,136
3353,6/11/2024 7:00,17.094,184
3354,6/11/2024 7:15,17.094,232
3355,6/11/2024 7:30,17.094,304
3356,6/11/2024 7:45,17.094,368
3357,6/11/2024 8:00,17.094,368
3358,6/11/2024 8:15,17.189,768
3359,6/11/2024 8:30,17.284,1024
3360,6/11/2024 8:45,17.379,960
3361,6/11/2024 9:00,17.475,896
3362,6/11/2024 9:15,17.57,1024
3363,6/11/2024 9:30,17.76,672
3364,6/11/2024 9:45,17.855,896
3365,6/11/2024 10:00,17.855,1536
3366,6/11/2024 10:15,17.855,1216
3367,6/11/2024 10:30,17.95,2048
3368,6/11/2024 10:45,18.045,2688
3369,6/11/2024 11:00,17.57,768
3370,6/11/2024 11:15,17.855,1536
3371,6/11/2024 11:30,17.855,1216
3372,6/11/2024 11:45,18.045,1088
3373,6/11/2024 12:00,18.236,2048
3374,6/11/2024 12:15,18.236,1600
3375,6/11/2024 12:30,18.331,1728
3376,6/11/2024 12:45,18.426,1728
3377,6/11/2024 13:00,18.426,1856
3378,6/11/2024 13:15,18.331,1600
3379,6/11/2024 13:30,17.95,1472
3380,6/11/2024 13:45,16.332,1472
3381,6/11/2024 14:00,16.332,1344
3382,6/11/2024 14:15,16.332,1344
3383,6/11/2024 14:30,16.618,1152
3384,6/11/2024 14:45,16.903,1088
3385,6/11/2024 15:00,15.951,992
3386,6/11/2024 15:15,15.76,864
3387,6/11/2024 15:30,14.038,864
3388,6/11/2024 15:45,14.038,768
3389,6/11/2024 16:00,14.325,768
3390,6/11/2024 16:15,14.996,256
3391,6/11/2024 16:30,15.282,200
3392,6/11/2024 16:45,14.134,384
3393,6/11/2024 17:00,14.23,480
3394,6/11/2024 17:15,14.421,216
3395,6/11/2024 17:30,16.141,240
3396,6/11/2024 17:45,16.523,480
3397,6/11/2024 18:00,16.523,160
3398,6/11/2024 18:15,15.282,224
3399,6/11/2024 18:30,16.046,184
3400,6/11/2024 18:45,15.951,128
3401,6/11/2024 19:00,16.427,73
3402,6/11/2024 19:15,16.427,61
3403,6/11/2024 19:30,16.523,55
3404,6/11/2024 19:45,16.523,36
3405,6/11/2024 20:00,16.523,26
3406,6/11/2024 20:15,16.523,8
3407,6/11/2024 20:30,16.523,2
3408,6/11/2024 20:45,16.523,0
3409,6/11/2024 21:00,16.523,0
3410,6/11/2024 21:15,16.523,0
3411,6/11/2024 21:30,16.427,0
3412,6/11/2024 21:45,16.427,0
3413,6/11/2024 22:00,16.427,0
3414,6/11/2024 22:15,16.427,0
3415,6/11/2024 22:30,16.523,0
3416,6/11/2024 22:45,16.523,0
3417,6/11/2024 23:00,16.523,0
3418,6/11/2024 23:15,16.523,0
3419,6/11/2024 23:30,16.523,0
3420,6/11/2024 23:45,16.523,0
3421,6/12/2024 0:00,16.523,0
3422,6/12/2024 0:15,16.523,0
3423,6/12/2024 0:30,16.523,0
3424,6/12/2024 0:45,16.523,0
3425,6/12/2024 1:00,16.523,0
3426,6/12/2024 1:15,16.523,0
3427,6/12/2024 1:30,16.523,0
3428,6/12/2024 1:45,16.427,0
3429,6/12/2024 2:00,16.427,0
3430,6/12/2024 2:15,16.427,0
3431,6/12/2024 2:30,16.427,0
3432,6/12/2024 2:45,15.569,0
3433,6/12/2024 3:00,14.23,0
3434,6/12/2024 3:15,13.75,0
3435,6/12/2024 3:30,13.75,0
3436,6/12/2024 3:45,13.461,0
3437,6/12/2024 4:00,13.173,0
3438,6/12/2024 4:15,13.461,0
3439,6/12/2024 4:30,13.461,0
3440,6/12/2024 4:45,13.461,0
3441,6/12/2024 5:00,13.269,0
3442,6/12/2024 5:15,15.378,4
3443,6/12/2024 5:30,16.713,12
3444,6/12/2024 5:45,16.808,25
3445,6/12/2024 6:00,16.808,34
3446,6/12/2024 6:15,16.903,68
3447,6/12/2024 6:30,16.903,115
3448,6/12/2024 6:45,16.903,110
3449,6/12/2024 7:00,16.999,168
3450,6/12/2024 7:15,16.999,200
3451,6/12/2024 7:30,16.999,98
3452,6/12/2024 7:45,16.999,336
3453,6/12/2024 8:00,17.189,384
3454,6/12/2024 8:15,17.284,464
3455,6/12/2024 8:30,17.284,576
3456,6/12/2024 8:45,17.094,608
3457,6/12/2024 9:00,16.903,512
3458,6/12/2024 9:15,17.284,992
3459,6/12/2024 9:30,17.379,864
3460,6/12/2024 9:45,17.379,1280
3461,6/12/2024 10:00,17.284,1088
3462,6/12/2024 10:15,17.379,1536
3463,6/12/2024 10:30,17.57,1472
3464,6/12/2024 10:45,17.57,1920
3465,6/12/2024 11:00,17.665,1664
3466,6/12/2024 11:15,17.475,1600
3467,6/12/2024 11:30,17.57,1536
3468,6/12/2024 11:45,17.855,2560
3469,6/12/2024 12:00,17.57,1408
3470,6/12/2024 12:15,17.475,608
3471,6/12/2024 12:30,17.665,1728
3472,6/12/2024 12:45,17.284,2176
3473,6/12/2024 13:00,17.57,2304
3474,6/12/2024 13:15,17.284,864
3475,6/12/2024 13:30,17.475,2304
3476,6/12/2024 13:45,17.665,2304
3477,6/12/2024 14:00,17.665,1600
3478,6/12/2024 14:15,17.379,1536
3479,6/12/2024 14:30,17.475,1536
3480,6/12/2024 14:45,17.284,1088
3481,6/12/2024 15:00,17.189,1088
3482,6/12/2024 15:15,17.094,960
3483,6/12/2024 15:30,15.473,336
3484,6/12/2024 15:45,15.091,272
3485,6/12/2024 16:00,15.664,896
3486,6/12/2024 16:15,15.569,336
3487,6/12/2024 16:30,14.9,576
3488,6/12/2024 16:45,14.9,608
3489,6/12/2024 17:00,14.709,248
3490,6/12/2024 17:15,13.654,100
3491,6/12/2024 17:30,13.75,168
3492,6/12/2024 17:45,13.846,320
3493,6/12/2024 18:00,13.846,288
3494,6/12/2024 18:15,13.846,136
3495,6/12/2024 18:30,13.942,160
3496,6/12/2024 18:45,14.23,160
3497,6/12/2024 19:00,14.325,108
3498,6/12/2024 19:15,15.282,114
3499,6/12/2024 19:30,15.187,80
3500,6/12/2024 19:45,15.951,39
3501,6/12/2024 20:00,16.427,20
3502,6/12/2024 20:15,16.237,7
3503,6/12/2024 20:30,16.332,1
3504,6/12/2024 20:45,16.141,0
3505,6/12/2024 21:00,16.332,0
3506,6/12/2024 21:15,16.332,0
3507,6/12/2024 21:30,16.237,0
3508,6/12/2024 21:45,15.378,0
3509,6/12/2024 22:00,15.664,0
3510,6/12/2024 22:15,15.76,0
3511,6/12/2024 22:30,16.141,0
3512,6/12/2024 22:45,15.951,0
3513,6/12/2024 23:00,15.855,0
3514,6/12/2024 23:15,16.618,0
3515,6/12/2024 23:30,16.427,0
3516,6/12/2024 23:45,16.808,0
3517,6/13/2024 0:00,16.903,0
3518,6/13/2024 0:15,16.713,0
3519,6/13/2024 0:30,16.903,0
3520,6/13/2024 0:45,17.665,0
3521,6/13/2024 1:00,17.76,0
3522,6/13/2024 1:15,17.665,0
3523,6/13/2024 1:30,17.76,0
3524,6/13/2024 1:45,17.57,0
3525,6/13/2024 2:00,17.475,0
3526,6/13/2024 2:15,17.475,0
3527,6/13/2024 2:30,17.475,0
3528,6/13/2024 2:45,17.57,0
3529,6/13/2024 3:00,17.665,0
3530,6/13/2024 3:15,17.76,0
3531,6/13/2024 3:30,17.475,0
3532,6/13/2024 3:45,17.379,0
3533,6/13/2024 4:00,14.804,0
3534,6/13/2024 4:15,14.804,0
3535,6/13/2024 4:30,17.379,0
3536,6/13/2024 4:45,17.379,0
3537,6/13/2024 5:00,16.808,0
3538,6/13/2024 5:15,17.189,4
3539,6/13/2024 5:30,16.237,11
3540,6/13/2024 5:45,16.141,21
3541,6/13/2024 6:00,17.284,33
3542,6/13/2024 6:15,17.284,47
3543,6/13/2024 6:30,17.379,64
3544,6/13/2024 6:45,17.379,93
3545,6/13/2024 7:00,17.379,123
3546,6/13/2024 7:15,17.475,136
3547,6/13/2024 7:30,17.475,192
3548,6/13/2024 7:45,17.57,216
3549,6/13/2024 8:00,17.57,320
3550,6/13/2024 8:15,17.57,320
3551,6/13/2024 8:30,17.57,384
3552,6/13/2024 8:45,17.475,416
3553,6/13/2024 9:00,17.475,608
3554,6/13/2024 9:15,17.475,576
3555,6/13/2024 9:30,17.284,960
3556,6/13/2024 9:45,17.284,992
3557,6/13/2024 10:00,17.284,1024
3558,6/13/2024 10:15,17.284,1024
3559,6/13/2024 10:30,17.379,1920
3560,6/13/2024 10:45,17.379,1344
3561,6/13/2024 11:00,17.76,1728
3562,6/13/2024 11:15,17.855,1536
3563,6/13/2024 11:30,18.331,1728
3564,6/13/2024 11:45,18.426,1536
3565,6/13/2024 12:00,18.426,2816
3566,6/13/2024 12:15,18.236,2176
3567,6/13/2024 12:30,18.236,2304
3568,6/13/2024 12:45,18.14,1536
3569,6/13/2024 13:00,18.14,2432
3570,6/13/2024 13:15,18.14,2304
3571,6/13/2024 13:30,18.331,2304
3572,6/13/2024 13:45,18.14,2176
3573,6/13/2024 14:00,17.95,1792
3574,6/13/2024 14:15,17.95,1600
3575,6/13/2024 14:30,18.236,1664
3576,6/13/2024 14:45,18.14,1536
3577,6/13/2024 15:00,17.95,1344
3578,6/13/2024 15:15,18.045,1216
3579,6/13/2024 15:30,18.045,1152
3580,6/13/2024 15:45,18.045,896
3581,6/13/2024 16:00,17.95,864
3582,6/13/2024 16:15,17.855,672
3583,6/13/2024 16:30,17.57,512
3584,6/13/2024 16:45,17.094,480
3585,6/13/2024 17:00,15.951,416
3586,6/13/2024 17:15,16.046,400
3587,6/13/2024 17:30,16.427,288
3588,6/13/2024 17:45,15.473,224
3589,6/13/2024 18:00,14.804,123
3590,6/13/2024 18:15,14.804,136
3591,6/13/2024 18:30,15.473,224
3592,6/13/2024 18:45,15.664,144
3593,6/13/2024 19:00,15.76,101
3594,6/13/2024 19:15,15.282,74
3595,6/13/2024 19:30,15.569,46
3596,6/13/2024 19:45,15.473,24
3597,6/13/2024 20:00,15.855,16
3598,6/13/2024 20:15,15.473,6
3599,6/13/2024 20:30,15.76,0
3600,6/13/2024 20:45,16.332,0
3601,6/13/2024 21:00,16.332,0
3602,6/13/2024 21:15,16.332,0
3603,6/13/2024 21:30,15.951,0
3604,6/13/2024 21:45,15.951,0
3605,6/13/2024 22:00,16.332,0
3606,6/13/2024 22:15,16.332,0
3607,6/13/2024 22:30,16.427,0
3608,6/13/2024 22:45,16.332,0
3609,6/13/2024 23:00,14.613,0
3610,6/13/2024 23:15,15.76,0
3611,6/13/2024 23:30,15.855,0
3612,6/13/2024 23:45,15.76,0
3613,6/14/2024 0:00,15.855,0
3614,6/14/2024 0:15,16.237,0
3615,6/14/2024 0:30,16.332,0
3616,6/14/2024 0:45,16.237,0
3617,6/14/2024 1:00,15.569,0
3618,6/14/2024 1:15,16.618,0
3619,6/14/2024 1:30,16.808,0
3620,6/14/2024 1:45,13.173,0
3621,6/14/2024 2:00,17.284,0
3622,6/14/2024 2:15,17.379,0
3623,6/14/2024 2:30,17.475,0
3624,6/14/2024 2:45,17.379,0
3625,6/14/2024 3:00,16.903,0
3626,6/14/2024 3:15,16.808,0
3627,6/14/2024 3:30,16.808,0
3628,6/14/2024 3:45,16.808,0
3629,6/14/2024 4:00,16.713,0
3630,6/14/2024 4:15,16.808,0
3631,6/14/2024 4:30,12.304,0
3632,6/14/2024 4:45,10.455,0
3633,6/14/2024 5:00,9.965,0
3634,6/14/2024 5:15,9.571,6
3635,6/14/2024 5:30,9.275,16
3636,6/14/2024 5:45,9.176,28
3637,6/14/2024 6:00,9.077,43
3638,6/14/2024 6:15,9.176,53
3639,6/14/2024 6:30,10.944,64
3640,6/14/2024 6:45,14.517,79
3641,6/14/2024 7:00,15.473,108
3642,6/14/2024 7:15,15.951,144
3643,6/14/2024 7:30,16.523,176
3644,6/14/2024 7:45,16.046,208
3645,6/14/2024 8:00,16.903,240
3646,6/14/2024 8:15,16.903,352
3647,6/14/2024 8:30,16.523,416
3648,6/14/2024 8:45,15.664,384
3649,6/14/2024 9:00,15.187,480
3650,6/14/2024 9:15,14.9,608
3651,6/14/2024 9:30,14.421,800
3652,6/14/2024 9:45,13.75,992
3653,6/14/2024 10:00,13.942,672
3654,6/14/2024 10:15,13.461,1024
3655,6/14/2024 10:30,13.461,896
3656,6/14/2024 10:45,13.846,1152
3657,6/14/2024 11:00,14.709,2048
3658,6/14/2024 11:15,15.187,992
3659,6/14/2024 11:30,15.951,1088
3660,6/14/2024 11:45,15.569,768
3661,6/14/2024 12:00,16.237,1600
3662,6/14/2024 12:15,16.237,992
3663,6/14/2024 12:30,16.618,1920
3664,6/14/2024 12:45,16.713,1600
3665,6/14/2024 13:00,16.903,1152
3666,6/14/2024 13:15,16.713,368
3667,6/14/2024 13:30,17.189,39
3668,6/14/2024 13:45,17.189,51
3669,6/14/2024 14:00,16.903,43
3670,6/14/2024 14:15,16.808,32
3671,6/14/2024 14:30,16.141,41
3672,6/14/2024 14:45,16.808,70
3673,6/14/2024 15:00,16.903,208
3674,6/14/2024 15:15,16.141,232
3675,6/14/2024 15:30,13.942,200
3676,6/14/2024 15:45,11.236,304
3677,6/14/2024 16:00,10.455,1216
3678,6/14/2024 16:15,10.553,512
3679,6/14/2024 16:30,12.594,400
3680,6/14/2024 16:45,14.038,232
3681,6/14/2024 17:00,14.996,176
3682,6/14/2024 17:15,15.282,184
3683,6/14/2024 17:30,11.528,105
3684,6/14/2024 17:45,9.768,108
3685,6/14/2024 18:00,9.275,68
3686,6/14/2024 18:15,8.978,27
3687,6/14/2024 18:30,8.779,20
3688,6/14/2024 18:45,8.779,15
3689,6/14/2024 19:00,8.879,16
3690,6/14/2024 19:15,8.879,11
3691,6/14/2024 19:30,9.373,10
3692,6/14/2024 19:45,10.063,7
3693,6/14/2024 20:00,11.334,3
3694,6/14/2024 20:15,12.787,0
3695,6/14/2024 20:30,13.846,0
3696,6/14/2024 20:45,14.9,0
3697,6/14/2024 21:00,14.996,0
3698,6/14/2024 21:15,14.996,0
3699,6/14/2024 21:30,14.996,0
3700,6/14/2024 21:45,15.187,0
3701,6/14/2024 22:00,15.187,0
3702,6/14/2024 22:15,14.709,0
3703,6/14/2024 22:30,14.613,0
3704,6/14/2024 22:45,14.325,0
3705,6/14/2024 23:00,14.038,0
3706,6/14/2024 23:15,13.846,0
3707,6/14/2024 23:30,13.558,0
3708,6/14/2024 23:45,13.365,0
3709,6/15/2024 0:00,13.269,0
3710,6/15/2024 0:15,13.269,0
3711,6/15/2024 0:30,13.365,0
3712,6/15/2024 0:45,13.461,0
3713,6/15/2024 1:00,13.654,0
3714,6/15/2024 1:15,14.038,0
3715,6/15/2024 1:30,14.709,0
3716,6/15/2024 1:45,15.282,0
3717,6/15/2024 2:00,15.664,0
3718,6/15/2024 2:15,15.76,0
3719,6/15/2024 2:30,15.951,0
3720,6/15/2024 2:45,16.046,0
3721,6/15/2024 3:00,16.141,0
3722,6/15/2024 3:15,15.378,0
3723,6/15/2024 3:30,16.046,0
3724,6/15/2024 3:45,13.942,0
3725,6/15/2024 4:00,13.654,0
3726,6/15/2024 4:15,13.654,0
3727,6/15/2024 4:30,12.013,0
3728,6/15/2024 4:45,10.651,0
3729,6/15/2024 5:00,10.063,0
3730,6/15/2024 5:15,9.866,1
3731,6/15/2024 5:30,9.768,12
3732,6/15/2024 5:45,9.768,8
3733,6/15/2024 6:00,10.651,10
3734,6/15/2024 6:15,10.748,16
3735,6/15/2024 6:30,12.69,14
3736,6/15/2024 6:45,13.558,17
3737,6/15/2024 7:00,14.23,25
3738,6/15/2024 7:15,14.23,99
3739,6/15/2024 7:30,14.421,128
3740,6/15/2024 7:45,14.613,160
3741,6/15/2024 8:00,14.709,168
3742,6/15/2024 8:15,14.804,160
3743,6/15/2024 8:30,14.996,240
3744,6/15/2024 8:45,15.187,336
3745,6/15/2024 9:00,15.378,352
3746,6/15/2024 9:15,15.473,448
3747,6/15/2024 9:30,15.664,432
3748,6/15/2024 9:45,15.76,384
3749,6/15/2024 10:00,15.569,896
3750,6/15/2024 10:15,15.664,512
3751,6/15/2024 10:30,16.046,1280
3752,6/15/2024 10:45,15.951,464
3753,6/15/2024 11:00,15.855,608
3754,6/15/2024 11:15,15.951,704
3755,6/15/2024 11:30,16.332,1728
3756,6/15/2024 11:45,16.237,576
3757,6/15/2024 12:00,16.618,672
3758,6/15/2024 12:15,16.808,1728
3759,6/15/2024 12:30,16.903,1600
3760,6/15/2024 12:45,16.903,2560
3761,6/15/2024 13:00,16.999,1856
3762,6/15/2024 13:15,16.999,3456
3763,6/15/2024 13:30,17.094,2560
3764,6/15/2024 13:45,17.189,1984
3765,6/15/2024 14:00,17.284,1728
3766,6/15/2024 14:15,17.284,2048
3767,6/15/2024 14:30,17.284,2048
3768,6/15/2024 14:45,17.284,2432
3769,6/15/2024 15:00,17.189,1536
3770,6/15/2024 15:15,16.427,1152
3771,6/15/2024 15:30,16.237,1472
3772,6/15/2024 15:45,16.141,1152
3773,6/15/2024 16:00,15.951,1088
3774,6/15/2024 16:15,15.855,864
3775,6/15/2024 16:30,15.664,1024
3776,6/15/2024 16:45,15.569,576
3777,6/15/2024 17:00,15.378,576
3778,6/15/2024 17:15,15.091,448
3779,6/15/2024 17:30,14.9,320
3780,6/15/2024 17:45,14.804,272
3781,6/15/2024 18:00,14.9,224
3782,6/15/2024 18:15,14.996,176
3783,6/15/2024 18:30,15.187,144
3784,6/15/2024 18:45,15.282,107
3785,6/15/2024 19:00,15.378,79
3786,6/15/2024 19:15,15.569,59
3787,6/15/2024 19:30,15.664,39
3788,6/15/2024 19:45,15.855,24
3789,6/15/2024 20:00,16.046,14
3790,6/15/2024 20:15,16.332,6
3791,6/15/2024 20:30,16.523,0
3792,6/15/2024 20:45,16.618,0
3793,6/15/2024 21:00,16.808,0
3794,6/15/2024 21:15,16.713,0
3795,6/15/2024 21:30,16.808,0
3796,6/15/2024 21:45,16.999,0
3797,6/15/2024 22:00,17.094,0
3798,6/15/2024 22:15,17.094,0
3799,6/15/2024 22:30,17.189,0
3800,6/15/2024 22:45,17.189,0
3801,6/15/2024 23:00,17.189,0
3802,6/15/2024 23:15,17.189,0
3803,6/15/2024 23:30,17.189,0
3804,6/15/2024 23:45,17.189,0
3805,6/16/2024 0:00,17.094,0
3806,6/16/2024 0:15,17.094,0
3807,6/16/2024 0:30,17.094,0
3808,6/16/2024 0:45,17.189,0
3809,6/16/2024 1:00,17.189,0
3810,6/16/2024 1:15,17.094,0
3811,6/16/2024 1:30,17.094,0
3812,6/16/2024 1:45,16.999,0
3813,6/16/2024 2:00,17.094,0
3814,6/16/2024 2:15,17.094,0
3815,6/16/2024 2:30,17.189,0
3816,6/16/2024 2:45,17.284,0
3817,6/16/2024 3:00,17.284,0
3818,6/16/2024 3:15,17.379,0
3819,6/16/2024 3:30,17.379,0
3820,6/16/2024 3:45,17.379,0
3821,6/16/2024 4:00,17.379,0
3822,6/16/2024 4:15,17.379,0
3823,6/16/2024 4:30,17.284,0
3824,6/16/2024 4:45,17.284,0
3825,6/16/2024 5:00,17.284,1
3826,6/16/2024 5:15,17.189,6
3827,6/16/2024 5:30,17.189,13
3828,6/16/2024 5:45,17.189,21
3829,6/16/2024 6:00,17.094,35
3830,6/16/2024 6:15,17.094,46
3831,6/16/2024 6:30,16.903,57
3832,6/16/2024 6:45,16.999,88
3833,6/16/2024 7:00,16.999,110
3834,6/16/2024 7:15,16.999,136
3835,6/16/2024 7:30,16.999,176
3836,6/16/2024 7:45,17.094,192
3837,6/16/2024 8:00,17.094,232
3838,6/16/2024 8:15,17.094,232
3839,6/16/2024 8:30,17.189,304
3840,6/16/2024 8:45,17.284,336
3841,6/16/2024 9:00,16.903,384
3842,6/16/2024 9:15,17.379,496
3843,6/16/2024 9:30,17.379,496
3844,6/16/2024 9:45,17.475,512
3845,6/16/2024 10:00,17.665,672
3846,6/16/2024 10:15,17.76,864
3847,6/16/2024 10:30,17.855,1088
3848,6/16/2024 10:45,17.95,992
3849,6/16/2024 11:00,18.14,1088
3850,6/16/2024 11:15,18.236,1472
3851,6/16/2024 11:30,18.426,1472
3852,6/16/2024 11:45,18.521,1920
3853,6/16/2024 12:00,18.616,2304
3854,6/16/2024 12:15,18.521,1664
3855,6/16/2024 12:30,18.331,1728
3856,6/16/2024 12:45,18.331,2176
3857,6/16/2024 13:00,18.331,2688
3858,6/16/2024 13:15,18.14,2304
3859,6/16/2024 13:30,18.331,2688
3860,6/16/2024 13:45,18.331,2048
3861,6/16/2024 14:00,18.14,2048
3862,6/16/2024 14:15,18.14,1920
3863,6/16/2024 14:30,18.045,1856
3864,6/16/2024 14:45,18.045,1984
3865,6/16/2024 15:00,18.045,1856
3866,6/16/2024 15:15,18.045,1728
3867,6/16/2024 15:30,18.14,1920
3868,6/16/2024 15:45,18.045,2304
3869,6/16/2024 16:00,17.855,1088
3870,6/16/2024 16:15,17.76,992
3871,6/16/2024 16:30,17.284,704
3872,6/16/2024 16:45,17.284,768
3873,6/16/2024 17:00,17.189,608
3874,6/16/2024 17:15,17.094,400
3875,6/16/2024 17:30,17.189,448
3876,6/16/2024 17:45,17.094,352
3877,6/16/2024 18:00,16.903,256
3878,6/16/2024 18:15,16.713,128
3879,6/16/2024 18:30,16.713,168
3880,6/16/2024 18:45,16.808,113
3881,6/16/2024 19:00,16.713,85
3882,6/16/2024 19:15,16.903,66
3883,6/16/2024 19:30,15.76,39
3884,6/16/2024 19:45,15.282,19
3885,6/16/2024 20:00,15.091,12
3886,6/16/2024 20:15,14.134,3
3887,6/16/2024 20:30,14.038,0
3888,6/16/2024 20:45,14.134,0
3889,6/16/2024 21:00,14.421,0
3890,6/16/2024 21:15,14.325,0
3891,6/16/2024 21:30,14.421,0
3892,6/16/2024 21:45,14.421,0
3893,6/16/2024 22:00,14.709,0
3894,6/16/2024 22:15,14.996,0
3895,6/16/2024 22:30,15.76,0
3896,6/16/2024 22:45,15.76,0
3897,6/16/2024 23:00,16.046,0
3898,6/16/2024 23:15,16.141,0
3899,6/16/2024 23:30,16.141,0
3900,6/16/2024 23:45,16.237,0
3901,6/17/2024 0:00,16.237,0
3902,6/17/2024 0:15,16.237,0
3903,6/17/2024 0:30,15.855,0
3904,6/17/2024 0:45,15.951,0
3905,6/17/2024 1:00,16.141,0
3906,6/17/2024 1:15,16.332,0
3907,6/17/2024 1:30,16.332,0
3908,6/17/2024 1:45,16.332,0
3909,6/17/2024 2:00,16.332,0
3910,6/17/2024 2:15,16.332,0
3911,6/17/2024 2:30,16.332,0
3912,6/17/2024 2:45,16.332,0
3913,6/17/2024 3:00,16.713,0
3914,6/17/2024 3:15,16.808,0
3915,6/17/2024 3:30,16.999,0
3916,6/17/2024 3:45,16.903,0
3917,6/17/2024 4:00,16.903,0
3918,6/17/2024 4:15,16.618,0
3919,6/17/2024 4:30,14.325,0
3920,6/17/2024 4:45,14.421,0
3921,6/17/2024 5:00,16.332,1
3922,6/17/2024 5:15,16.523,8
3923,6/17/2024 5:30,16.999,19
3924,6/17/2024 5:45,17.189,27
3925,6/17/2024 6:00,16.808,41
3926,6/17/2024 6:15,16.808,50
3927,6/17/2024 6:30,16.903,54
3928,6/17/2024 6:45,13.461,73
3929,6/17/2024 7:00,11.041,72
3930,6/17/2024 7:15,10.161,112
3931,6/17/2024 7:30,9.275,160
3932,6/17/2024 7:45,9.077,192
3933,6/17/2024 8:00,8.879,184
3934,6/17/2024 8:15,8.779,216
3935,6/17/2024 8:30,8.879,248
3936,6/17/2024 8:45,8.879,240
3937,6/17/2024 9:00,9.077,248
3938,6/17/2024 9:15,10.553,432
3939,6/17/2024 9:30,10.161,416
3940,6/17/2024 9:45,10.651,384
3941,6/17/2024 10:00,10.455,480
3942,6/17/2024 10:15,10.846,496
3943,6/17/2024 10:30,10.455,608
3944,6/17/2024 10:45,9.866,672
3945,6/17/2024 11:00,10.455,768
3946,6/17/2024 11:15,15.664,960
3947,6/17/2024 11:30,15.76,1536
3948,6/17/2024 11:45,15.855,1280
3949,6/17/2024 12:00,15.855,1344
3950,6/17/2024 12:15,15.664,2048
3951,6/17/2024 12:30,15.664,1344
3952,6/17/2024 12:45,15.569,2304
3953,6/17/2024 13:00,15.951,2432
3954,6/17/2024 13:15,15.664,2816
3955,6/17/2024 13:30,14.421,1344
3956,6/17/2024 13:45,13.461,800
3957,6/17/2024 14:00,12.883,768
3958,6/17/2024 14:15,12.11,672
3959,6/17/2024 14:30,11.916,400
3960,6/17/2024 14:45,11.528,384
3961,6/17/2024 15:00,11.334,512
3962,6/17/2024 15:15,10.357,1152
3963,6/17/2024 15:30,9.669,768
3964,6/17/2024 15:45,9.275,448
3965,6/17/2024 16:00,9.373,672
3966,6/17/2024 16:15,9.373,1600
3967,6/17/2024 16:30,8.978,576
3968,6/17/2024 16:45,8.779,960
3969,6/17/2024 17:00,8.68,704
3970,6/17/2024 17:15,8.581,512
3971,6/17/2024 17:30,8.481,480
3972,6/17/2024 17:45,8.481,400
3973,6/17/2024 18:00,8.382,320
3974,6/17/2024 18:15,8.382,256
3975,6/17/2024 18:30,8.382,208
3976,6/17/2024 18:45,8.382,160
3977,6/17/2024 19:00,8.282,123
3978,6/17/2024 19:15,8.182,90
3979,6/17/2024 19:30,8.182,43
3980,6/17/2024 19:45,8.382,30
3981,6/17/2024 20:00,8.581,14
3982,6/17/2024 20:15,8.481,3
3983,6/17/2024 20:30,8.481,0
3984,6/17/2024 20:45,8.581,0
3985,6/17/2024 21:00,8.779,0
3986,6/17/2024 21:15,9.176,0
3987,6/17/2024 21:30,9.866,0
3988,6/17/2024 21:45,10.651,0
3989,6/17/2024 22:00,11.334,0
3990,6/17/2024 22:15,11.625,0
3991,6/17/2024 22:30,11.819,0
3992,6/17/2024 22:45,11.916,0
3993,6/17/2024 23:00,12.013,0
3994,6/17/2024 23:15,12.11,0
3995,6/17/2024 23:30,12.207,0
3996,6/17/2024 23:45,12.11,0
3997,6/18/2024 0:00,11.334,0
3998,6/18/2024 0:15,11.334,0
3999,6/18/2024 0:30,11.334,0
4000,6/18/2024 0:45,11.236,0
4001,6/18/2024 1:00,11.139,0
4002,6/18/2024 1:15,10.651,0
4003,6/18/2024 1:30,10.748,0
4004,6/18/2024 1:45,10.651,0
4005,6/18/2024 2:00,10.651,0
4006,6/18/2024 2:15,10.651,0
4007,6/18/2024 2:30,10.651,0
4008,6/18/2024 2:45,10.651,0
4009,6/18/2024 3:00,10.651,0
4010,6/18/2024 3:15,11.431,0
4011,6/18/2024 3:30,12.69,0
4012,6/18/2024 3:45,13.076,0
4013,6/18/2024 4:00,13.365,0
4014,6/18/2024 4:15,12.013,0
4015,6/18/2024 4:30,10.455,0
4016,6/18/2024 4:45,10.455,0
4017,6/18/2024 5:00,10.553,2
4018,6/18/2024 5:15,10.259,9
4019,6/18/2024 5:30,9.571,19
4020,6/18/2024 5:45,9.472,30
4021,6/18/2024 6:00,9.571,51
4022,6/18/2024 6:15,9.768,45
4023,6/18/2024 6:30,10.944,50
4024,6/18/2024 6:45,10.944,84
4025,6/18/2024 7:00,10.161,121
4026,6/18/2024 7:15,10.063,192
4027,6/18/2024 7:30,9.866,208
4028,6/18/2024 7:45,10.357,216
4029,6/18/2024 8:00,11.236,272
4030,6/18/2024 8:15,11.625,232
4031,6/18/2024 8:30,9.768,272
4032,6/18/2024 8:45,9.571,304
4033,6/18/2024 9:00,9.571,384
4034,6/18/2024 9:15,9.571,352
4035,6/18/2024 9:30,9.768,496
4036,6/18/2024 9:45,9.965,576
4037,6/18/2024 10:00,10.357,672
4038,6/18/2024 10:15,10.357,864
4039,6/18/2024 10:30,10.553,960
4040,6/18/2024 10:45,10.357,1152
4041,6/18/2024 11:00,10.553,1280
4042,6/18/2024 11:15,10.651,1536
4043,6/18/2024 11:30,11.334,1408
4044,6/18/2024 11:45,11.528,1728
4045,6/18/2024 12:00,12.013,1728
4046,6/18/2024 12:15,12.497,2048
4047,6/18/2024 12:30,13.076,2048
4048,6/18/2024 12:45,13.558,2816
4049,6/18/2024 13:00,13.654,1856
4050,6/18/2024 13:15,13.654,2688
4051,6/18/2024 13:30,13.654,1728
4052,6/18/2024 13:45,13.654,1984
4053,6/18/2024 14:00,13.75,1536
4054,6/18/2024 14:15,13.846,2304
4055,6/18/2024 14:30,13.942,2176
4056,6/18/2024 14:45,13.846,1920
4057,6/18/2024 15:00,13.654,2688
4058,6/18/2024 15:15,12.497,1536
4059,6/18/2024 15:30,12.401,1600
4060,6/18/2024 15:45,12.304,1600
4061,6/18/2024 16:00,12.401,2048
4062,6/18/2024 16:15,12.69,1152
4063,6/18/2024 16:30,12.98,1472
4064,6/18/2024 16:45,12.883,960
4065,6/18/2024 17:00,12.304,960
4066,6/18/2024 17:15,11.431,512
4067,6/18/2024 17:30,11.041,480
4068,6/18/2024 17:45,11.236,512
4069,6/18/2024 18:00,11.431,272
4070,6/18/2024 18:15,11.528,272
4071,6/18/2024 18:30,11.139,144
4072,6/18/2024 18:45,11.041,144
4073,6/18/2024 19:00,10.846,120
4074,6/18/2024 19:15,10.748,71
4075,6/18/2024 19:30,10.455,56
4076,6/18/2024 19:45,9.866,38
4077,6/18/2024 20:00,9.768,19
4078,6/18/2024 20:15,9.768,6
4079,6/18/2024 20:30,9.866,1
4080,6/18/2024 20:45,9.669,0
4081,6/18/2024 21:00,9.571,0
4082,6/18/2024 21:15,9.571,0
4083,6/18/2024 21:30,9.472,0
4084,6/18/2024 21:45,9.472,0
4085,6/18/2024 22:00,9.768,0
4086,6/18/2024 22:15,10.063,0
4087,6/18/2024 22:30,10.357,0
4088,6/18/2024 22:45,10.748,0
4089,6/18/2024 23:00,11.431,0
4090,6/18/2024 23:15,11.916,0
4091,6/18/2024 23:30,12.401,0
4092,6/18/2024 23:45,12.787,0
4093,6/19/2024 0:00,12.98,0
4094,6/19/2024 0:15,13.269,0
4095,6/19/2024 0:30,13.461,0
4096,6/19/2024 0:45,13.461,0
4097,6/19/2024 1:00,13.558,0
4098,6/19/2024 1:15,13.558,0
4099,6/19/2024 1:30,13.558,0
4100,6/19/2024 1:45,12.401,0
4101,6/19/2024 2:00,12.013,0
4102,6/19/2024 2:15,11.819,0
4103,6/19/2024 2:30,11.625,0
4104,6/19/2024 2:45,11.528,0
4105,6/19/2024 3:00,11.334,0
4106,6/19/2024 3:15,11.236,0
4107,6/19/2024 3:30,11.236,0
4108,6/19/2024 3:45,12.013,0
4109,6/19/2024 4:00,12.69,0
4110,6/19/2024 4:15,12.787,0
4111,6/19/2024 4:30,12.69,0
4112,6/19/2024 4:45,11.528,0
4113,6/19/2024 5:00,10.748,3
4114,6/19/2024 5:15,9.571,20
4115,6/19/2024 5:30,9.176,47
4116,6/19/2024 5:45,9.176,68
4117,6/19/2024 6:00,11.722,66
4118,6/19/2024 6:15,13.269,70
4119,6/19/2024 6:30,13.173,103
4120,6/19/2024 6:45,12.883,121
4121,6/19/2024 7:00,12.594,192
4122,6/19/2024 7:15,10.944,200
4123,6/19/2024 7:30,12.98,232
4124,6/19/2024 7:45,13.269,200
4125,6/19/2024 8:00,13.461,240
4126,6/19/2024 8:15,13.558,288
4127,6/19/2024 8:30,11.334,352
4128,6/19/2024 8:45,9.965,320
4129,6/19/2024 9:00,9.669,400
4130,6/19/2024 9:15,9.571,448
4131,6/19/2024 9:30,9.472,480
4132,6/19/2024 9:45,12.883,512
4133,6/19/2024 10:00,13.942,704
4134,6/19/2024 10:15,14.038,576
4135,6/19/2024 10:30,13.558,608
4136,6/19/2024 10:45,13.75,768
4137,6/19/2024 11:00,13.942,1152
4138,6/19/2024 11:15,13.942,992
4139,6/19/2024 11:30,14.325,1152
4140,6/19/2024 11:45,14.613,1280
4141,6/19/2024 12:00,14.996,1152
4142,6/19/2024 12:15,15.378,1600
4143,6/19/2024 12:30,15.569,1600
4144,6/19/2024 12:45,15.664,1600
4145,6/19/2024 13:00,15.855,1536
4146,6/19/2024 13:15,15.855,1600
4147,6/19/2024 13:30,15.951,2304
4148,6/19/2024 13:45,15.951,1664
4149,6/19/2024 14:00,16.046,1920
4150,6/19/2024 14:15,15.855,1920
4151,6/19/2024 14:30,15.473,1344
4152,6/19/2024 14:45,15.091,1152
4153,6/19/2024 15:00,14.9,1152
4154,6/19/2024 15:15,14.421,1088
4155,6/19/2024 15:30,14.134,896
4156,6/19/2024 15:45,13.461,672
4157,6/19/2024 16:00,13.558,1216
4158,6/19/2024 16:15,13.654,1216
4159,6/19/2024 16:30,13.75,2048
4160,6/19/2024 16:45,13.654,1344
4161,6/19/2024 17:00,13.75,1088
4162,6/19/2024 17:15,13.846,672
4163,6/19/2024 17:30,13.75,416
4164,6/19/2024 17:45,13.75,144
4165,6/19/2024 18:00,14.325,119
4166,6/19/2024 18:15,14.038,128
4167,6/19/2024 18:30,13.846,128
4168,6/19/2024 18:45,13.654,105
4169,6/19/2024 19:00,13.461,89
4170,6/19/2024 19:15,11.139,75
4171,6/19/2024 19:30,11.139,51
4172,6/19/2024 19:45,10.846,23
4173,6/19/2024 20:00,10.748,7
4174,6/19/2024 20:15,10.553,2
4175,6/19/2024 20:30,10.161,0
4176,6/19/2024 20:45,9.866,0
4177,6/19/2024 21:00,9.571,0
4178,6/19/2024 21:15,9.275,0
4179,6/19/2024 21:30,9.176,0
4180,6/19/2024 21:45,9.077,0
4181,6/19/2024 22:00,9.077,0
4182,6/19/2024 22:15,9.176,0
4183,6/19/2024 22:30,9.669,0
4184,6/19/2024 22:45,10.553,0
4185,6/19/2024 23:00,11.139,0
4186,6/19/2024 23:15,11.722,0
4187,6/19/2024 23:30,12.497,0
4188,6/19/2024 23:45,13.173,0
4189,6/20/2024 0:00,13.365,0
4190,6/20/2024 0:15,13.461,0
4191,6/20/2024 0:30,13.558,0
4192,6/20/2024 0:45,13.558,0
4193,6/20/2024 1:00,13.558,0
4194,6/20/2024 1:15,13.558,0
4195,6/20/2024 1:30,13.558,0
4196,6/20/2024 1:45,13.654,0
4197,6/20/2024 2:00,13.846,0
4198,6/20/2024 2:15,13.846,0
4199,6/20/2024 2:30,13.846,0
4200,6/20/2024 2:45,13.846,0
4201,6/20/2024 3:00,13.846,0
4202,6/20/2024 3:15,13.269,0
4203,6/20/2024 3:30,13.076,0
4204,6/20/2024 3:45,12.98,0
4205,6/20/2024 4:00,12.883,0
4206,6/20/2024 4:15,12.787,0
4207,6/20/2024 4:30,13.75,0
4208,6/20/2024 4:45,14.9,0
4209,6/20/2024 5:00,15.091,1
4210,6/20/2024 5:15,15.091,9
4211,6/20/2024 5:30,15.091,24
4212,6/20/2024 5:45,14.804,42
4213,6/20/2024 6:00,13.846,56
4214,6/20/2024 6:15,10.944,92
4215,6/20/2024 6:30,12.594,126
4216,6/20/2024 6:45,15.282,160
4217,6/20/2024 7:00,14.996,176
4218,6/20/2024 7:15,14.9,184
4219,6/20/2024 7:30,15.569,240
4220,6/20/2024 7:45,15.76,256
4221,6/20/2024 8:00,14.134,288
4222,6/20/2024 8:15,13.75,288
4223,6/20/2024 8:30,13.942,288
4224,6/20/2024 8:45,13.942,336
4225,6/20/2024 9:00,13.269,432
4226,6/20/2024 9:15,12.11,416
4227,6/20/2024 9:30,11.916,304
4228,6/20/2024 9:45,11.916,432
4229,6/20/2024 10:00,12.98,432
4230,6/20/2024 10:15,13.365,272
4231,6/20/2024 10:30,12.69,512
4232,6/20/2024 10:45,11.819,608
4233,6/20/2024 11:00,12.207,512
4234,6/20/2024 11:15,12.594,896
4235,6/20/2024 11:30,13.846,800
4236,6/20/2024 11:45,12.883,800
4237,6/20/2024 12:00,14.709,608
4238,6/20/2024 12:15,14.996,512
4239,6/20/2024 12:30,15.473,704
4240,6/20/2024 12:45,15.76,896
4241,6/20/2024 13:00,16.046,896
4242,6/20/2024 13:15,16.332,896
4243,6/20/2024 13:30,16.523,1536
4244,6/20/2024 13:45,16.618,1280
4245,6/20/2024 14:00,16.903,1408
4246,6/20/2024 14:15,17.189,1536
4247,6/20/2024 14:30,17.284,1472
4248,6/20/2024 14:45,17.094,1408
4249,6/20/2024 15:00,15.091,1600
4250,6/20/2024 15:15,14.613,1728
4251,6/20/2024 15:30,14.804,1536
4252,6/20/2024 15:45,14.804,304
4253,6/20/2024 16:00,15.187,1216
4254,6/20/2024 16:15,15.187,1408
4255,6/20/2024 16:30,15.282,768
4256,6/20/2024 16:45,15.378,768
4257,6/20/2024 17:00,15.378,672
4258,6/20/2024 17:15,15.76,512
4259,6/20/2024 17:30,16.523,704
4260,6/20/2024 17:45,16.903,288
4261,6/20/2024 18:00,16.713,200
4262,6/20/2024 18:15,15.282,232
4263,6/20/2024 18:30,14.613,160
4264,6/20/2024 18:45,12.401,119
4265,6/20/2024 19:00,16.713,128
4266,6/20/2024 19:15,13.076,64
4267,6/20/2024 19:30,13.461,23
4268,6/20/2024 19:45,12.497,10
4269,6/20/2024 20:00,13.942,4
4270,6/20/2024 20:15,14.996,0
4271,6/20/2024 20:30,14.325,0
4272,6/20/2024 20:45,15.664,0
4273,6/20/2024 21:00,15.855,0
4274,6/20/2024 21:15,16.523,0
4275,6/20/2024 21:30,16.713,0
4276,6/20/2024 21:45,16.618,0
4277,6/20/2024 22:00,16.523,0
4278,6/20/2024 22:15,16.618,0
4279,6/20/2024 22:30,16.618,0
4280,6/20/2024 22:45,16.713,0
4281,6/20/2024 23:00,16.713,0
4282,6/20/2024 23:15,16.713,0
4283,6/20/2024 23:30,16.808,0
4284,6/20/2024 23:45,16.808,0
4285,6/21/2024 0:00,16.808,0
4286,6/21/2024 0:15,16.808,0
4287,6/21/2024 0:30,16.808,0
4288,6/21/2024 0:45,16.808,0
4289,6/21/2024 1:00,16.523,0
4290,6/21/2024 1:15,16.713,0
4291,6/21/2024 1:30,16.999,0
4292,6/21/2024 1:45,16.903,0
4293,6/21/2024 2:00,16.618,0
4294,6/21/2024 2:15,16.523,0
4295,6/21/2024 2:30,16.427,0
4296,6/21/2024 2:45,16.427,0
4297,6/21/2024 3:00,17.189,0
4298,6/21/2024 3:15,17.76,0
4299,6/21/2024 3:30,18.045,0
4300,6/21/2024 3:45,17.95,0
4301,6/21/2024 4:00,17.665,0
4302,6/21/2024 4:15,17.284,0
4303,6/21/2024 4:30,17.094,0
4304,6/21/2024 4:45,17.094,0
4305,6/21/2024 5:00,17.094,1
4306,6/21/2024 5:15,17.284,12
4307,6/21/2024 5:30,17.284,34
4308,6/21/2024 5:45,17.284,67
4309,6/21/2024 6:00,17.379,89
4310,6/21/2024 6:15,17.379,101
4311,6/21/2024 6:30,17.284,98
4312,6/21/2024 6:45,17.189,144
4313,6/21/2024 7:00,17.284,192
4314,6/21/2024 7:15,17.284,184
4315,6/21/2024 7:30,17.284,184
4316,6/21/2024 7:45,17.189,240
4317,6/21/2024 8:00,17.189,224
4318,6/21/2024 8:15,17.284,248
4319,6/21/2024 8:30,17.284,256
4320,6/21/2024 8:45,17.284,256
4321,6/21/2024 9:00,17.379,272
4322,6/21/2024 9:15,17.379,304
4323,6/21/2024 9:30,16.713,320
4324,6/21/2024 9:45,16.903,336
4325,6/21/2024 10:00,17.094,400
4326,6/21/2024 10:15,17.189,400
4327,6/21/2024 10:30,17.094,448
4328,6/21/2024 10:45,16.523,432
4329,6/21/2024 11:00,16.237,480
4330,6/21/2024 11:15,15.951,480
4331,6/21/2024 11:30,15.76,480
4332,6/21/2024 11:45,15.569,352
4333,6/21/2024 12:00,15.569,464
4334,6/21/2024 12:15,15.76,512
4335,6/21/2024 12:30,15.76,608
4336,6/21/2024 12:45,15.473,672
4337,6/21/2024 13:00,15.378,704
4338,6/21/2024 13:15,15.282,768
4339,6/21/2024 13:30,15.378,864
4340,6/21/2024 13:45,15.473,800
4341,6/21/2024 14:00,15.76,864
4342,6/21/2024 14:15,16.332,1152
4343,6/21/2024 14:30,17.475,1536
4344,6/21/2024 14:45,17.95,1152
4345,6/21/2024 15:00,18.426,1344
4346,6/21/2024 15:15,18.711,1920
4347,6/21/2024 15:30,18.996,1472
4348,6/21/2024 15:45,19.187,1728
4349,6/21/2024 16:00,18.521,896
4350,6/21/2024 16:15,18.521,1344
4351,6/21/2024 16:30,18.616,1472
4352,6/21/2024 16:45,18.521,896
4353,6/21/2024 17:00,18.521,480
4354,6/21/2024 17:15,18.711,672
4355,6/21/2024 17:30,18.711,400
4356,6/21/2024 17:45,18.711,208
4357,6/21/2024 18:00,18.711,288
4358,6/21/2024 18:15,18.426,144
4359,6/21/2024 18:30,18.331,152
4360,6/21/2024 18:45,18.331,98
4361,6/21/2024 19:00,18.236,69
4362,6/21/2024 19:15,18.236,76
4363,6/21/2024 19:30,18.236,37
4364,6/21/2024 19:45,18.14,4
4365,6/21/2024 20:00,17.95,0
4366,6/21/2024 20:15,17.95,0
4367,6/21/2024 20:30,17.95,0
4368,6/21/2024 20:45,17.57,0
4369,6/21/2024 21:00,16.999,0
4370,6/21/2024 21:15,16.713,0
4371,6/21/2024 21:30,16.523,0
4372,6/21/2024 21:45,16.332,0
4373,6/21/2024 22:00,16.141,0
4374,6/21/2024 22:15,15.951,0
4375,6/21/2024 22:30,15.951,0
4376,6/21/2024 22:45,16.237,0
4377,6/21/2024 23:00,16.332,0
4378,6/21/2024 23:15,16.141,0
4379,6/21/2024 23:30,16.141,0
4380,6/21/2024 23:45,16.046,0
4381,6/22/2024 0:00,16.046,0
4382,6/22/2024 0:15,16.046,0
4383,6/22/2024 0:30,16.046,0
4384,6/22/2024 0:45,15.951,0
4385,6/22/2024 1:00,16.046,0
4386,6/22/2024 1:15,16.237,0
4387,6/22/2024 1:30,15.76,0
4388,6/22/2024 1:45,15.664,0
4389,6/22/2024 2:00,15.664,0
4390,6/22/2024 2:15,16.713,0
4391,6/22/2024 2:30,16.618,0
4392,6/22/2024 2:45,17.57,0
4393,6/22/2024 3:00,17.665,0
4394,6/22/2024 3:15,17.665,0
4395,6/22/2024 3:30,17.665,0
4396,6/22/2024 3:45,17.665,0
4397,6/22/2024 4:00,17.665,0
4398,6/22/2024 4:15,17.57,0
4399,6/22/2024 4:30,17.094,0
4400,6/22/2024 4:45,17.094,0
4401,6/22/2024 5:00,17.189,0
4402,6/22/2024 5:15,17.189,6
4403,6/22/2024 5:30,17.475,12
4404,6/22/2024 5:45,17.665,28
4405,6/22/2024 6:00,17.95,36
4406,6/22/2024 6:15,18.045,28
4407,6/22/2024 6:30,18.236,58
4408,6/22/2024 6:45,18.236,65
4409,6/22/2024 7:00,18.236,56
4410,6/22/2024 7:15,18.236,61
4411,6/22/2024 7:30,17.665,55
4412,6/22/2024 7:45,17.475,128
4413,6/22/2024 8:00,17.475,97
4414,6/22/2024 8:15,17.475,96
4415,6/22/2024 8:30,17.475,103
4416,6/22/2024 8:45,17.379,112
4417,6/22/2024 9:00,17.475,152
4418,6/22/2024 9:15,17.379,224
4419,6/22/2024 9:30,16.808,86
4420,6/22/2024 9:45,16.618,118
4421,6/22/2024 10:00,16.523,240
4422,6/22/2024 10:15,14.9,864
4423,6/22/2024 10:30,14.709,960
4424,6/22/2024 10:45,14.804,800
4425,6/22/2024 11:00,14.709,512
4426,6/22/2024 11:15,14.517,512
4427,6/22/2024 11:30,14.517,480
4428,6/22/2024 11:45,14.421,368
4429,6/22/2024 12:00,14.517,480
4430,6/22/2024 12:15,14.421,304
4431,6/22/2024 12:30,14.325,288
4432,6/22/2024 12:45,14.325,304
4433,6/22/2024 13:00,14.325,288
4434,6/22/2024 13:15,14.134,272
4435,6/22/2024 13:30,14.134,432
4436,6/22/2024 13:45,14.134,288
4437,6/22/2024 14:00,14.134,304
4438,6/22/2024 14:15,14.325,248
4439,6/22/2024 14:30,14.325,368
4440,6/22/2024 14:45,14.325,256
4441,6/22/2024 15:00,14.325,232
4442,6/22/2024 15:15,14.517,184
4443,6/22/2024 15:30,14.709,256
4444,6/22/2024 15:45,14.996,288
4445,6/22/2024 16:00,15.187,464
4446,6/22/2024 16:15,15.282,304
4447,6/22/2024 16:30,15.378,432
4448,6/22/2024 16:45,15.569,496
4449,6/22/2024 17:00,15.664,336
4450,6/22/2024 17:15,15.76,272
4451,6/22/2024 17:30,16.332,192
4452,6/22/2024 17:45,16.523,304
4453,6/22/2024 18:00,16.427,144
4454,6/22/2024 18:15,16.903,352
4455,6/22/2024 18:30,17.284,208
4456,6/22/2024 18:45,17.475,85
4457,6/22/2024 19:00,17.57,81
4458,6/22/2024 19:15,17.57,27
4459,6/22/2024 19:30,17.665,22
4460,6/22/2024 19:45,17.665,14
4461,6/22/2024 20:00,17.57,4
4462,6/22/2024 20:15,17.284,0
4463,6/22/2024 20:30,17.284,0
4464,6/22/2024 20:45,17.189,0
4465,6/22/2024 21:00,17.284,0
4466,6/22/2024 21:15,17.284,0
4467,6/22/2024 21:30,17.379,0
4468,6/22/2024 21:45,17.284,0
4469,6/22/2024 22:00,17.094,0
4470,6/22/2024 22:15,16.046,0
4471,6/22/2024 22:30,14.517,0
4472,6/22/2024 22:45,13.269,0
4473,6/22/2024 23:00,13.076,0
4474,6/22/2024 23:15,13.461,0
4475,6/22/2024 23:30,13.365,0
4476,6/22/2024 23:45,13.173,0
4477,6/23/2024 0:00,12.98,0
4478,6/23/2024 0:15,12.787,0
4479,6/23/2024 0:30,12.207,0
4480,6/23/2024 0:45,12.883,0
4481,6/23/2024 1:00,13.461,0
4482,6/23/2024 1:15,13.654,0
4483,6/23/2024 1:30,13.75,0
4484,6/23/2024 1:45,13.558,0
4485,6/23/2024 2:00,13.558,0
4486,6/23/2024 2:15,13.365,0
4487,6/23/2024 2:30,13.942,0
4488,6/23/2024 2:45,15.855,0
4489,6/23/2024 3:00,16.713,0
4490,6/23/2024 3:15,16.523,0
4491,6/23/2024 3:30,16.808,0
4492,6/23/2024 3:45,16.523,0
4493,6/23/2024 4:00,16.237,0
4494,6/23/2024 4:15,15.951,0
4495,6/23/2024 4:30,15.855,0
4496,6/23/2024 4:45,15.76,0
4497,6/23/2024 5:00,15.76,0
4498,6/23/2024 5:15,15.76,10
4499,6/23/2024 5:30,15.855,19
4500,6/23/2024 5:45,16.046,55
4501,6/23/2024 6:00,16.046,42
4502,6/23/2024 6:15,16.046,66
4503,6/23/2024 6:30,16.046,61
4504,6/23/2024 6:45,16.141,38
4505,6/23/2024 7:00,16.141,34
4506,6/23/2024 7:15,16.141,94
4507,6/23/2024 7:30,16.332,256
4508,6/23/2024 7:45,16.332,144
4509,6/23/2024 8:00,16.332,200
4510,6/23/2024 8:15,16.332,126
4511,6/23/2024 8:30,16.427,352
4512,6/23/2024 8:45,16.427,352
4513,6/23/2024 9:00,16.427,304
4514,6/23/2024 9:15,16.427,184
4515,6/23/2024 9:30,16.427,256
4516,6/23/2024 9:45,16.523,400
4517,6/23/2024 10:00,16.523,272
4518,6/23/2024 10:15,14.517,192
4519,6/23/2024 10:30,13.75,224
4520,6/23/2024 10:45,13.558,160
4521,6/23/2024 11:00,13.846,256
4522,6/23/2024 11:15,13.558,232
4523,6/23/2024 11:30,13.365,368
4524,6/23/2024 11:45,12.787,216
4525,6/23/2024 12:00,12.787,400
4526,6/23/2024 12:15,12.401,288
4527,6/23/2024 12:30,12.207,256
4528,6/23/2024 12:45,12.98,384
4529,6/23/2024 13:00,13.269,416
4530,6/23/2024 13:15,13.654,272
4531,6/23/2024 13:30,13.654,248
4532,6/23/2024 13:45,14.325,864
4533,6/23/2024 14:00,14.613,864
4534,6/23/2024 14:15,15.282,896
4535,6/23/2024 14:30,15.569,960
4536,6/23/2024 14:45,16.523,864
4537,6/23/2024 15:00,16.808,800
4538,6/23/2024 15:15,17.094,960
4539,6/23/2024 15:30,17.189,352
4540,6/23/2024 15:45,17.284,480
4541,6/23/2024 16:00,17.379,576
4542,6/23/2024 16:15,17.57,1024
4543,6/23/2024 16:30,17.284,384
4544,6/23/2024 16:45,17.284,352
4545,6/23/2024 17:00,16.999,304
4546,6/23/2024 17:15,16.903,232
4547,6/23/2024 17:30,16.999,256
4548,6/23/2024 17:45,17.094,256
4549,6/23/2024 18:00,16.427,224
4550,6/23/2024 18:15,16.427,216
4551,6/23/2024 18:30,16.523,144
4552,6/23/2024 18:45,16.523,128
4553,6/23/2024 19:00,16.523,70
4554,6/23/2024 19:15,16.523,44
4555,6/23/2024 19:30,16.808,37
4556,6/23/2024 19:45,16.808,48
4557,6/23/2024 20:00,16.903,20
4558,6/23/2024 20:15,16.999,3
4559,6/23/2024 20:30,16.999,0
4560,6/23/2024 20:45,15.569,0
4561,6/23/2024 21:00,14.23,0
4562,6/23/2024 21:15,15.951,0
4563,6/23/2024 21:30,13.076,0
4564,6/23/2024 21:45,12.497,0
4565,6/23/2024 22:00,12.401,0
4566,6/23/2024 22:15,12.883,0
4567,6/23/2024 22:30,14.038,0
4568,6/23/2024 22:45,12.401,0
4569,6/23/2024 23:00,12.207,0
4570,6/23/2024 23:15,12.304,0
4571,6/23/2024 23:30,11.916,0
4572,6/23/2024 23:45,11.819,0
4573,6/24/2024 0:00,11.625,0
4574,6/24/2024 0:15,11.236,0
4575,6/24/2024 0:30,11.236,0
4576,6/24/2024 0:45,11.041,0
4577,6/24/2024 1:00,11.041,0
4578,6/24/2024 1:15,11.041,0
4579,6/24/2024 1:30,11.041,0
4580,6/24/2024 1:45,11.139,0
4581,6/24/2024 2:00,11.528,0
4582,6/24/2024 2:15,11.916,0
4583,6/24/2024 2:30,12.497,0
4584,6/24/2024 2:45,14.804,0
4585,6/24/2024 3:00,12.98,0
4586,6/24/2024 3:15,12.883,0
4587,6/24/2024 3:30,13.076,0
4588,6/24/2024 3:45,12.787,0
4589,6/24/2024 4:00,12.594,0
4590,6/24/2024 4:15,12.401,0
4591,6/24/2024 4:30,12.401,0
4592,6/24/2024 4:45,12.497,0
4593,6/24/2024 5:00,12.69,1
4594,6/24/2024 5:15,13.076,9
4595,6/24/2024 5:30,13.076,35
4596,6/24/2024 5:45,13.365,57
4597,6/24/2024 6:00,14.038,120
4598,6/24/2024 6:15,14.23,160
4599,6/24/2024 6:30,14.517,232
4600,6/24/2024 6:45,14.9,224
4601,6/24/2024 7:00,15.855,400
4602,6/24/2024 7:15,15.855,400
4603,6/24/2024 7:30,15.951,432
4604,6/24/2024 7:45,16.141,864
4605,6/24/2024 8:00,16.332,416
4606,6/24/2024 8:15,16.237,704
4607,6/24/2024 8:30,16.618,896
4608,6/24/2024 8:45,17.094,864
4609,6/24/2024 9:00,17.284,1280
4610,6/24/2024 9:15,17.379,1024
4611,6/24/2024 9:30,17.284,480
4612,6/24/2024 9:45,17.379,1536
4613,6/24/2024 10:00,17.57,896
4614,6/24/2024 10:15,17.475,1216
4615,6/24/2024 10:30,17.57,1536
4616,6/24/2024 10:45,17.57,496
4617,6/24/2024 11:00,16.141,1344
4618,6/24/2024 11:15,15.951,400
4619,6/24/2024 11:30,15.664,1344
4620,6/24/2024 11:45,15.664,672
4621,6/24/2024 12:00,15.76,960
4622,6/24/2024 12:15,15.76,1536
4623,6/24/2024 12:30,15.569,352
4624,6/24/2024 12:45,15.855,1344
4625,6/24/2024 13:00,15.76,256
4626,6/24/2024 13:15,15.664,400
4627,6/24/2024 13:30,15.76,512
4628,6/24/2024 13:45,15.76,512
4629,6/24/2024 14:00,15.569,304
4630,6/24/2024 14:15,15.76,384
4631,6/24/2024 14:30,15.855,992
4632,6/24/2024 14:45,15.951,304
4633,6/24/2024 15:00,16.141,704
4634,6/24/2024 15:15,16.141,768
4635,6/24/2024 15:30,16.141,864
4636,6/24/2024 15:45,16.237,768
4637,6/24/2024 16:00,16.141,800
4638,6/24/2024 16:15,16.332,960
4639,6/24/2024 16:30,16.141,216
4640,6/24/2024 16:45,16.237,432
4641,6/24/2024 17:00,16.237,608
4642,6/24/2024 17:15,16.237,576
4643,6/24/2024 17:30,16.141,240
4644,6/24/2024 17:45,16.141,232
4645,6/24/2024 18:00,16.141,144
4646,6/24/2024 18:15,16.046,432
4647,6/24/2024 18:30,16.141,176
4648,6/24/2024 18:45,16.332,200
4649,6/24/2024 19:00,16.141,136
4650,6/24/2024 19:15,16.237,47
4651,6/24/2024 19:30,16.046,53
4652,6/24/2024 19:45,16.237,32
4653,6/24/2024 20:00,16.332,15
4654,6/24/2024 20:15,16.332,7
4655,6/24/2024 20:30,16.332,1
4656,6/24/2024 20:45,16.332,0
4657,6/24/2024 21:00,16.332,0
4658,6/24/2024 21:15,16.618,0
4659,6/24/2024 21:30,16.713,0
4660,6/24/2024 21:45,16.903,0
4661,6/24/2024 22:00,17.094,0
4662,6/24/2024 22:15,16.999,0
4663,6/24/2024 22:30,16.999,0
4664,6/24/2024 22:45,16.999,0
4665,6/24/2024 23:00,16.903,0
4666,6/24/2024 23:15,16.903,0
4667,6/24/2024 23:30,16.903,0
4668,6/24/2024 23:45,16.903,0
4669,6/25/2024 0:00,16.903,0
4670,6/25/2024 0:15,16.903,0
4671,6/25/2024 0:30,16.903,0
4672,6/25/2024 0:45,16.808,0
4673,6/25/2024 1:00,16.903,0
4674,6/25/2024 1:15,16.808,0
4675,6/25/2024 1:30,16.808,0
4676,6/25/2024 1:45,16.808,0
4677,6/25/2024 2:00,16.808,0
4678,6/25/2024 2:15,16.713,0
4679,6/25/2024 2:30,16.713,0
4680,6/25/2024 2:45,16.713,0
4681,6/25/2024 3:00,16.618,0
4682,6/25/2024 3:15,16.618,0
4683,6/25/2024 3:30,16.618,0
4684,6/25/2024 3:45,16.618,0
4685,6/25/2024 4:00,16.618,0
4686,6/25/2024 4:15,16.618,0
4687,6/25/2024 4:30,16.618,0
4688,6/25/2024 4:45,16.618,0
4689,6/25/2024 5:00,16.618,1
4690,6/25/2024 5:15,16.618,9
4691,6/25/2024 5:30,16.713,26
4692,6/25/2024 5:45,16.713,46
4693,6/25/2024 6:00,16.713,84
4694,6/25/2024 6:15,16.713,128
4695,6/25/2024 6:30,16.713,160
4696,6/25/2024 6:45,16.713,272
4697,6/25/2024 7:00,16.808,272
4698,6/25/2024 7:15,16.808,416
4699,6/25/2024 7:30,16.903,448
4700,6/25/2024 7:45,16.999,704
4701,6/25/2024 8:00,16.999,576
4702,6/25/2024 8:15,17.094,800
4703,6/25/2024 8:30,17.284,1408
4704,6/25/2024 8:45,17.379,1408
4705,6/25/2024 9:00,17.475,1728
4706,6/25/2024 9:15,17.57,1152
4707,6/25/2024 9:30,17.665,2176
4708,6/25/2024 9:45,17.855,2176
4709,6/25/2024 10:00,17.95,1536
4710,6/25/2024 10:15,17.855,2816
4711,6/25/2024 10:30,17.95,1920
4712,6/25/2024 10:45,17.95,2048
4713,6/25/2024 11:00,17.95,1920
4714,6/25/2024 11:15,17.855,1856
4715,6/25/2024 11:30,17.855,2304
4716,6/25/2024 11:45,17.76,1728
4717,6/25/2024 12:00,17.76,1792
4718,6/25/2024 12:15,17.76,1216
4719,6/25/2024 12:30,17.76,1536
4720,6/25/2024 12:45,17.665,1664
4721,6/25/2024 13:00,17.57,1600
4722,6/25/2024 13:15,17.57,1536
4723,6/25/2024 13:30,17.475,1408
4724,6/25/2024 13:45,17.57,1408
4725,6/25/2024 14:00,17.475,1216
4726,6/25/2024 14:15,17.475,1152
4727,6/25/2024 14:30,17.284,1024
4728,6/25/2024 14:45,16.713,1152
4729,6/25/2024 15:00,17.094,992
4730,6/25/2024 15:15,17.379,960
4731,6/25/2024 15:30,17.094,864
4732,6/25/2024 15:45,16.999,896
4733,6/25/2024 16:00,16.999,768
4734,6/25/2024 16:15,17.094,704
4735,6/25/2024 16:30,17.189,608
4736,6/25/2024 16:45,17.094,608
4737,6/25/2024 17:00,17.189,576
4738,6/25/2024 17:15,17.189,576
4739,6/25/2024 17:30,17.189,480
4740,6/25/2024 17:45,17.189,432
4741,6/25/2024 18:00,17.189,336
4742,6/25/2024 18:15,17.189,288
4743,6/25/2024 18:30,17.379,216
4744,6/25/2024 18:45,17.475,232
4745,6/25/2024 19:00,17.475,184
4746,6/25/2024 19:15,17.57,200
4747,6/25/2024 19:30,17.665,144
4748,6/25/2024 19:45,17.665,80
4749,6/25/2024 20:00,17.665,38
4750,6/25/2024 20:15,17.665,14
4751,6/25/2024 20:30,17.76,2
4752,6/25/2024 20:45,17.76,0
4753,6/25/2024 21:00,17.76,0
4754,6/25/2024 21:15,17.855,0
4755,6/25/2024 21:30,17.95,0
4756,6/25/2024 21:45,17.95,0
4757,6/25/2024 22:00,17.95,0
4758,6/25/2024 22:15,18.045,0
4759,6/25/2024 22:30,18.14,0
4760,6/25/2024 22:45,18.521,0
4761,6/25/2024 23:00,18.711,0
4762,6/25/2024 23:15,18.711,0
4763,6/25/2024 23:30,18.616,0
4764,6/25/2024 23:45,18.236,0
4765,6/26/2024 0:00,18.045,0
4766,6/26/2024 0:15,17.95,0
4767,6/26/2024 0:30,17.95,0
4768,6/26/2024 0:45,17.76,0
4769,6/26/2024 1:00,17.855,0
4770,6/26/2024 1:15,17.855,0
4771,6/26/2024 1:30,17.189,0
4772,6/26/2024 1:45,16.808,0
4773,6/26/2024 2:00,16.903,0
4774,6/26/2024 2:15,17.379,0
4775,6/26/2024 2:30,17.189,0
4776,6/26/2024 2:45,16.523,0
4777,6/26/2024 3:00,16.523,0
4778,6/26/2024 3:15,16.523,0
4779,6/26/2024 3:30,16.523,0
4780,6/26/2024 3:45,16.808,0
4781,6/26/2024 4:00,17.189,0
4782,6/26/2024 4:15,17.665,0
4783,6/26/2024 4:30,17.76,0
4784,6/26/2024 4:45,17.76,0
4785,6/26/2024 5:00,17.76,0
4786,6/26/2024 5:15,17.76,8
4787,6/26/2024 5:30,17.76,25
4788,6/26/2024 5:45,17.57,53
4789,6/26/2024 6:00,17.475,91
4790,6/26/2024 6:15,17.284,128
4791,6/26/2024 6:30,17.284,168
4792,6/26/2024 6:45,17.284,240
4793,6/26/2024 7:00,17.284,304
4794,6/26/2024 7:15,17.379,352
4795,6/26/2024 7:30,17.475,464
4796,6/26/2024 7:45,17.57,608
4797,6/26/2024 8:00,17.95,704
4798,6/26/2024 8:15,18.331,672
4799,6/26/2024 8:30,18.331,576
4800,6/26/2024 8:45,18.616,1024
4801,6/26/2024 9:00,18.426,512
4802,6/26/2024 9:15,18.806,1792
4803,6/26/2024 9:30,18.996,1728
4804,6/26/2024 9:45,18.996,1984
4805,6/26/2024 10:00,19.187,2688
4806,6/26/2024 10:15,19.282,2560
4807,6/26/2024 10:30,19.282,2688
4808,6/26/2024 10:45,19.377,2176
4809,6/26/2024 11:00,18.996,3584
4810,6/26/2024 11:15,18.806,2688
4811,6/26/2024 11:30,18.806,2304
4812,6/26/2024 11:45,18.616,2304
4813,6/26/2024 12:00,18.711,2176
4814,6/26/2024 12:15,18.616,1152
4815,6/26/2024 12:30,18.521,1920
4816,6/26/2024 12:45,18.331,2048
4817,6/26/2024 13:00,18.521,2304
4818,6/26/2024 13:15,17.95,1472
4819,6/26/2024 13:30,17.284,1472
4820,6/26/2024 13:45,17.665,1280
4821,6/26/2024 14:00,18.14,992
4822,6/26/2024 14:15,18.426,1024
4823,6/26/2024 14:30,18.521,464
4824,6/26/2024 14:45,18.521,864
4825,6/26/2024 15:00,18.426,400
4826,6/26/2024 15:15,18.521,400
4827,6/26/2024 15:30,18.901,960
4828,6/26/2024 15:45,18.996,400
4829,6/26/2024 16:00,19.092,480
4830,6/26/2024 16:15,19.282,368
4831,6/26/2024 16:30,19.377,480
4832,6/26/2024 16:45,19.472,480
4833,6/26/2024 17:00,19.567,448
4834,6/26/2024 17:15,19.662,336
4835,6/26/2024 17:30,19.662,216
4836,6/26/2024 17:45,19.662,136
4837,6/26/2024 18:00,19.662,39
4838,6/26/2024 18:15,19.662,102
4839,6/26/2024 18:30,19.758,368
4840,6/26/2024 18:45,19.662,116
4841,6/26/2024 19:00,19.662,97
4842,6/26/2024 19:15,19.662,110
4843,6/26/2024 19:30,19.472,56
4844,6/26/2024 19:45,19.282,67
4845,6/26/2024 20:00,18.806,32
4846,6/26/2024 20:15,18.521,5
4847,6/26/2024 20:30,18.521,0
4848,6/26/2024 20:45,18.521,0
4849,6/26/2024 21:00,18.521,0
4850,6/26/2024 21:15,18.521,0
4851,6/26/2024 21:30,18.521,0
4852,6/26/2024 21:45,18.616,0
4853,6/26/2024 22:00,18.711,0
4854,6/26/2024 22:15,18.901,0
4855,6/26/2024 22:30,19.092,0
4856,6/26/2024 22:45,19.092,0
4857,6/26/2024 23:00,19.092,0
4858,6/26/2024 23:15,19.092,0
4859,6/26/2024 23:30,19.092,0
4860,6/26/2024 23:45,19.092,0
4861,6/27/2024 0:00,19.092,0
4862,6/27/2024 0:15,19.092,0
4863,6/27/2024 0:30,18.996,0
4864,6/27/2024 0:45,18.901,0
4865,6/27/2024 1:00,18.806,0
4866,6/27/2024 1:15,18.806,0
4867,6/27/2024 1:30,18.806,0
4868,6/27/2024 1:45,16.332,0
4869,6/27/2024 2:00,13.75,0
4870,6/27/2024 2:15,13.076,0
4871,6/27/2024 2:30,10.846,0
4872,6/27/2024 2:45,10.357,0
4873,6/27/2024 3:00,10.259,0
4874,6/27/2024 3:15,10.161,0
4875,6/27/2024 3:30,10.357,0
4876,6/27/2024 3:45,11.236,0
4877,6/27/2024 4:00,12.207,0
4878,6/27/2024 4:15,14.134,0
4879,6/27/2024 4:30,14.517,0
4880,6/27/2024 4:45,16.523,0
4881,6/27/2024 5:00,18.521,0
4882,6/27/2024 5:15,18.521,0
4883,6/27/2024 5:30,18.616,0
4884,6/27/2024 5:45,18.711,7
4885,6/27/2024 6:00,18.521,9
4886,6/27/2024 6:15,18.236,18
4887,6/27/2024 6:30,18.331,43
4888,6/27/2024 6:45,18.521,34
4889,6/27/2024 7:00,18.806,112
4890,6/27/2024 7:15,18.806,128
4891,6/27/2024 7:30,18.521,192
4892,6/27/2024 7:45,18.045,352
4893,6/27/2024 8:00,17.95,368
4894,6/27/2024 8:15,17.855,512
4895,6/27/2024 8:30,17.95,704
4896,6/27/2024 8:45,18.236,512
4897,6/27/2024 9:00,18.616,1536
4898,6/27/2024 9:15,19.282,1216
4899,6/27/2024 9:30,19.853,1792
4900,6/27/2024 9:45,19.282,992
4901,6/27/2024 10:00,19.567,2816
4902,6/27/2024 10:15,19.472,3200
4903,6/27/2024 10:30,20.138,2944
4904,6/27/2024 10:45,20.234,2304
4905,6/27/2024 11:00,20.329,5888
4906,6/27/2024 11:15,20.519,4608
4907,6/27/2024 11:30,20.424,4608
4908,6/27/2024 11:45,20.329,4096
4909,6/27/2024 12:00,20.615,3584
4910,6/27/2024 12:15,20.805,3200
4911,6/27/2024 12:30,20.424,1920
4912,6/27/2024 12:45,19.948,2560
4913,6/27/2024 13:00,19.282,2304
4914,6/27/2024 13:15,19.472,2048
4915,6/27/2024 13:30,19.472,1856
4916,6/27/2024 13:45,18.901,1920
4917,6/27/2024 14:00,18.996,1600
4918,6/27/2024 14:15,18.426,464
4919,6/27/2024 14:30,18.711,1344
4920,6/27/2024 14:45,16.046,768
4921,6/27/2024 15:00,14.613,272
4922,6/27/2024 15:15,12.883,432
4923,6/27/2024 15:30,12.98,960
4924,6/27/2024 15:45,12.787,864
4925,6/27/2024 16:00,12.69,672
4926,6/27/2024 16:15,12.401,608
4927,6/27/2024 16:30,12.883,576
4928,6/27/2024 16:45,13.365,496
4929,6/27/2024 17:00,13.846,480
4930,6/27/2024 17:15,14.613,448
4931,6/27/2024 17:30,15.091,416
4932,6/27/2024 17:45,15.855,168
4933,6/27/2024 18:00,15.951,160
4934,6/27/2024 18:15,15.569,128
4935,6/27/2024 18:30,15.951,288
4936,6/27/2024 18:45,16.808,248
4937,6/27/2024 19:00,17.379,81
4938,6/27/2024 19:15,18.806,72
4939,6/27/2024 19:30,18.616,128
4940,6/27/2024 19:45,19.282,53
4941,6/27/2024 20:00,19.092,32
4942,6/27/2024 20:15,18.996,18
4943,6/27/2024 20:30,18.806,4
4944,6/27/2024 20:45,18.996,0
4945,6/27/2024 21:00,18.996,0
4946,6/27/2024 21:15,18.996,0
4947,6/27/2024 21:30,19.092,0
4948,6/27/2024 21:45,19.092,0
4949,6/27/2024 22:00,18.996,0
4950,6/27/2024 22:15,19.377,0
4951,6/27/2024 22:30,19.377,0
4952,6/27/2024 22:45,19.377,0
4953,6/27/2024 23:00,19.282,0
4954,6/27/2024 23:15,19.187,0
4955,6/27/2024 23:30,19.092,0
4956,6/27/2024 23:45,19.187,0
4957,6/28/2024 0:00,19.948,0
4958,6/28/2024 0:15,20.138,0
4959,6/28/2024 0:30,20.234,0
4960,6/28/2024 0:45,20.234,0
4961,6/28/2024 1:00,20.234,0
4962,6/28/2024 1:15,19.853,0
4963,6/28/2024 1:30,19.758,0
4964,6/28/2024 1:45,19.662,0
4965,6/28/2024 2:00,19.567,0
4966,6/28/2024 2:15,19.472,0
4967,6/28/2024 2:30,19.472,0
4968,6/28/2024 2:45,19.377,0
4969,6/28/2024 3:00,19.377,0
4970,6/28/2024 3:15,18.236,0
4971,6/28/2024 3:30,18.14,0
4972,6/28/2024 3:45,18.711,0
4973,6/28/2024 4:00,19.092,0
4974,6/28/2024 4:15,18.045,0
4975,6/28/2024 4:30,17.95,0
4976,6/28/2024 4:45,18.901,0
4977,6/28/2024 5:00,19.187,0
4978,6/28/2024 5:15,19.187,3
4979,6/28/2024 5:30,19.092,9
4980,6/28/2024 5:45,18.996,16
4981,6/28/2024 6:00,18.901,39
4982,6/28/2024 6:15,18.806,58
4983,6/28/2024 6:30,18.806,92
4984,6/28/2024 6:45,18.806,114
4985,6/28/2024 7:00,18.901,136
4986,6/28/2024 7:15,18.901,192
4987,6/28/2024 7:30,18.901,232
4988,6/28/2024 7:45,18.901,336
4989,6/28/2024 8:00,18.996,416
4990,6/28/2024 8:15,18.996,576
4991,6/28/2024 8:30,18.996,704
4992,6/28/2024 8:45,19.092,864
4993,6/28/2024 9:00,19.187,960
4994,6/28/2024 9:15,19.282,1152
4995,6/28/2024 9:30,19.377,1728
4996,6/28/2024 9:45,19.377,1728
4997,6/28/2024 10:00,19.472,1792
4998,6/28/2024 10:15,19.567,1984
4999,6/28/2024 10:30,19.758,2688
5000,6/28/2024 10:45,19.853,4352
5001,6/28/2024 11:00,19.948,3584
5002,6/28/2024 11:15,19.853,4352
5003,6/28/2024 11:30,19.853,3456
5004,6/28/2024 11:45,19.853,3968
5005,6/28/2024 12:00,19.758,3968
5006,6/28/2024 12:15,18.996,3584
5007,6/28/2024 12:30,18.901,3456
5008,6/28/2024 12:45,18.711,3328
5009,6/28/2024 13:00,18.711,3584
5010,6/28/2024 13:15,18.521,3456
5011,6/28/2024 13:30,18.426,3072
5012,6/28/2024 13:45,18.426,3328
5013,6/28/2024 14:00,18.236,2432
5014,6/28/2024 14:15,18.14,1920
5015,6/28/2024 14:30,17.95,1728
5016,6/28/2024 14:45,17.855,1408
5017,6/28/2024 15:00,17.76,1344
5018,6/28/2024 15:15,17.665,1152
5019,6/28/2024 15:30,17.665,1152
5020,6/28/2024 15:45,17.57,896
5021,6/28/2024 16:00,17.475,800
5022,6/28/2024 16:15,17.475,608
5023,6/28/2024 16:30,17.475,576
5024,6/28/2024 16:45,17.475,336
5025,6/28/2024 17:00,17.475,480
5026,6/28/2024 17:15,16.903,416
5027,6/28/2024 17:30,17.094,352
5028,6/28/2024 17:45,16.999,208
5029,6/28/2024 18:00,17.094,256
5030,6/28/2024 18:15,17.189,216
5031,6/28/2024 18:30,17.094,184
5032,6/28/2024 18:45,17.189,136
5033,6/28/2024 19:00,17.094,124
5034,6/28/2024 19:15,17.094,95
5035,6/28/2024 19:30,17.094,67
5036,6/28/2024 19:45,17.189,49
5037,6/28/2024 20:00,17.189,22
5038,6/28/2024 20:15,17.189,9
5039,6/28/2024 20:30,17.189,2
5040,6/28/2024 20:45,17.189,0
5041,6/28/2024 21:00,17.189,0
5042,6/28/2024 21:15,17.189,0
5043,6/28/2024 21:30,17.189,0
5044,6/28/2024 21:45,17.189,0
5045,6/28/2024 22:00,17.189,0
5046,6/28/2024 22:15,17.189,0
5047,6/28/2024 22:30,17.189,0
5048,6/28/2024 22:45,17.284,0
5049,6/28/2024 23:00,17.189,0
5050,6/28/2024 23:15,17.189,0
5051,6/28/2024 23:30,17.189,0
5052,6/28/2024 23:45,17.284,0
5053,6/29/2024 0:00,17.57,0
5054,6/29/2024 0:15,17.855,0
5055,6/29/2024 0:30,17.855,0
5056,6/29/2024 0:45,17.95,0
5057,6/29/2024 1:00,17.475,0
5058,6/29/2024 1:15,17.665,0
5059,6/29/2024 1:30,17.475,0
5060,6/29/2024 1:45,17.475,0
5061,6/29/2024 2:00,17.379,0
5062,6/29/2024 2:15,17.284,0
5063,6/29/2024 2:30,17.284,0
5064,6/29/2024 2:45,17.189,0
5065,6/29/2024 3:00,17.094,0
5066,6/29/2024 3:15,16.999,0
5067,6/29/2024 3:30,16.999,0
5068,6/29/2024 3:45,16.999,0
5069,6/29/2024 4:00,16.999,0
5070,6/29/2024 4:15,16.808,0
5071,6/29/2024 4:30,12.98,0
5072,6/29/2024 4:45,11.041,0
5073,6/29/2024 5:00,10.455,0
5074,6/29/2024 5:15,9.965,2
5075,6/29/2024 5:30,9.866,8
5076,6/29/2024 5:45,10.161,16
5077,6/29/2024 6:00,10.259,35
5078,6/29/2024 6:15,10.553,66
5079,6/29/2024 6:30,14.9,101
5080,6/29/2024 6:45,16.999,82
5081,6/29/2024 7:00,16.808,144
5082,6/29/2024 7:15,16.808,176
5083,6/29/2024 7:30,16.618,168
5084,6/29/2024 7:45,16.808,232
5085,6/29/2024 8:00,16.999,336
5086,6/29/2024 8:15,17.189,480
5087,6/29/2024 8:30,17.094,448
5088,6/29/2024 8:45,17.189,400
5089,6/29/2024 9:00,17.284,384
5090,6/29/2024 9:15,17.379,496
5091,6/29/2024 9:30,17.094,608
5092,6/29/2024 9:45,17.094,608
5093,6/29/2024 10:00,17.094,608
5094,6/29/2024 10:15,16.903,768
5095,6/29/2024 10:30,16.903,480
5096,6/29/2024 10:45,16.999,480
5097,6/29/2024 11:00,17.094,672
5098,6/29/2024 11:15,17.094,400
5099,6/29/2024 11:30,17.094,576
5100,6/29/2024 11:45,16.903,576
5101,6/29/2024 12:00,16.999,576
5102,6/29/2024 12:15,17.094,576
5103,6/29/2024 12:30,16.523,896
5104,6/29/2024 12:45,15.951,704
5105,6/29/2024 13:00,15.951,672
5106,6/29/2024 13:15,15.091,512
5107,6/29/2024 13:30,14.9,480
5108,6/29/2024 13:45,12.401,864
5109,6/29/2024 14:00,11.528,960
5110,6/29/2024 14:15,10.846,1152
5111,6/29/2024 14:30,10.357,1792
5112,6/29/2024 14:45,9.866,1728
5113,6/29/2024 15:00,9.373,2048
5114,6/29/2024 15:15,8.978,800
5115,6/29/2024 15:30,8.879,800
5116,6/29/2024 15:45,8.68,672
5117,6/29/2024 16:00,8.68,576
5118,6/29/2024 16:15,8.581,512
5119,6/29/2024 16:30,8.481,320
5120,6/29/2024 16:45,8.382,464
5121,6/29/2024 17:00,8.282,224
5122,6/29/2024 17:15,8.182,176
5123,6/29/2024 17:30,8.182,128
5124,6/29/2024 17:45,8.182,160
5125,6/29/2024 18:00,8.182,111
5126,6/29/2024 18:15,8.282,106
5127,6/29/2024 18:30,8.581,97
5128,6/29/2024 18:45,8.581,88
5129,6/29/2024 19:00,8.382,68
5130,6/29/2024 19:15,8.382,37
5131,6/29/2024 19:30,8.481,33
5132,6/29/2024 19:45,8.382,17
5133,6/29/2024 20:00,8.481,8
5134,6/29/2024 20:15,8.581,1
5135,6/29/2024 20:30,8.68,0
5136,6/29/2024 20:45,9.077,0
5137,6/29/2024 21:00,8.779,0
5138,6/29/2024 21:15,8.879,0
5139,6/29/2024 21:30,8.879,0
5140,6/29/2024 21:45,8.779,0
5141,6/29/2024 22:00,9.077,0
5142,6/29/2024 22:15,9.077,0
5143,6/29/2024 22:30,9.571,0
5144,6/29/2024 22:45,9.965,0
5145,6/29/2024 23:00,9.965,0
5146,6/29/2024 23:15,12.013,0
5147,6/29/2024 23:30,12.69,0
5148,6/29/2024 23:45,13.173,0
5149,6/30/2024 0:00,13.269,0
5150,6/30/2024 0:15,13.269,0
5151,6/30/2024 0:30,13.558,0
5152,6/30/2024 0:45,13.558,0
5153,6/30/2024 1:00,13.846,0
5154,6/30/2024 1:15,12.787,0
5155,6/30/2024 1:30,13.654,0
5156,6/30/2024 1:45,11.819,0
5157,6/30/2024 2:00,10.748,0
5158,6/30/2024 2:15,9.768,0
5159,6/30/2024 2:30,8.779,0
5160,6/30/2024 2:45,8.581,0
5161,6/30/2024 3:00,10.161,0
5162,6/30/2024 3:15,9.866,0
5163,6/30/2024 3:30,10.553,0
5164,6/30/2024 3:45,10.944,0
5165,6/30/2024 4:00,10.944,0
5166,6/30/2024 4:15,10.553,0
5167,6/30/2024 4:30,10.063,0
5168,6/30/2024 4:45,9.571,0
5169,6/30/2024 5:00,8.779,0
5170,6/30/2024 5:15,8.779,3
5171,6/30/2024 5:30,9.472,11
5172,6/30/2024 5:45,9.965,29
5173,6/30/2024 6:00,8.68,63
5174,6/30/2024 6:15,9.077,71
5175,6/30/2024 6:30,10.455,90
5176,6/30/2024 6:45,10.748,80
5177,6/30/2024 7:00,11.139,123
5178,6/30/2024 7:15,11.528,184
5179,6/30/2024 7:30,11.625,336
5180,6/30/2024 7:45,11.625,304
5181,6/30/2024 8:00,11.722,432
5182,6/30/2024 8:15,11.819,416
5183,6/30/2024 8:30,11.916,464
5184,6/30/2024 8:45,12.013,672
5185,6/30/2024 9:00,11.916,576
5186,6/30/2024 9:15,12.013,864
5187,6/30/2024 9:30,12.11,1152
5188,6/30/2024 9:45,12.11,896
5189,6/30/2024 10:00,12.207,1088
5190,6/30/2024 10:15,12.304,2176
5191,6/30/2024 10:30,12.304,1536
5192,6/30/2024 10:45,11.431,1920
5193,6/30/2024 11:00,11.139,4864
5194,6/30/2024 11:15,11.236,3456
5195,6/30/2024 11:30,11.236,2048
5196,6/30/2024 11:45,11.431,6400
5197,6/30/2024 12:00,11.528,2560
5198,6/30/2024 12:15,11.139,4096
5199,6/30/2024 12:30,11.722,6912
5200,6/30/2024 12:45,11.916,6912
5201,6/30/2024 13:00,12.11,4352
5202,6/30/2024 13:15,12.304,5376
5203,6/30/2024 13:30,12.401,5376
5204,6/30/2024 13:45,12.013,2048
5205,6/30/2024 14:00,12.594,3200
5206,6/30/2024 14:15,12.69,3712
5207,6/30/2024 14:30,12.401,896
5208,6/30/2024 14:45,12.401,288
5209,6/30/2024 15:00,11.625,152
5210,6/30/2024 15:15,10.553,108
5211,6/30/2024 15:30,9.373,96
5212,6/30/2024 15:45,8.68,72
5213,6/30/2024 16:00,8.68,74
5214,6/30/2024 16:15,8.382,49
5215,6/30/2024 16:30,8.779,83
5216,6/30/2024 16:45,9.176,123
5217,6/30/2024 17:00,10.846,105
5218,6/30/2024 17:15,10.748,87
5219,6/30/2024 17:30,8.978,101
5220,6/30/2024 17:45,8.581,125
5221,6/30/2024 18:00,8.581,168
5222,6/30/2024 18:15,8.581,103
5223,6/30/2024 18:30,8.382,106
5224,6/30/2024 18:45,8.082,90
5225,6/30/2024 19:00,7.983,144
5226,6/30/2024 19:15,7.882,82
5227,6/30/2024 19:30,8.082,55
5228,6/30/2024 19:45,9.077,52
5229,6/30/2024 20:00,12.98,37
5230,6/30/2024 20:15,13.173,16
5231,6/30/2024 20:30,13.173,4
5232,6/30/2024 20:45,13.173,0
5233,6/30/2024 21:00,13.173,0
5234,6/30/2024 21:15,13.173,0
5235,6/30/2024 21:30,13.173,0
5236,6/30/2024 21:45,13.173,0
5237,6/30/2024 22:00,13.076,0
5238,6/30/2024 22:15,13.076,0
5239,6/30/2024 22:30,12.98,0
5240,6/30/2024 22:45,12.11,0
5241,6/30/2024 23:00,11.528,0
5242,6/30/2024 23:15,11.334,0
5243,6/30/2024 23:30,11.334,0
5244,6/30/2024 23:45,11.334,0
5245,7/1/2024 0:00,11.334,0
5246,7/1/2024 0:15,11.334,0
5247,7/1/2024 0:30,11.236,0
5248,7/1/2024 0:45,11.334,0
5249,7/1/2024 1:00,11.236,0
5250,7/1/2024 1:15,11.334,0
5251,7/1/2024 1:30,11.236,0
5252,7/1/2024 1:45,11.139,0
5253,7/1/2024 2:00,11.139,0
5254,7/1/2024 2:15,11.139,0
5255,7/1/2024 2:30,11.139,0
5256,7/1/2024 2:45,11.139,0
5257,7/1/2024 3:00,11.334,0
5258,7/1/2024 3:15,11.722,0
5259,7/1/2024 3:30,11.431,0
5260,7/1/2024 3:45,11.431,0
5261,7/1/2024 4:00,11.431,0
5262,7/1/2024 4:15,11.431,0
5263,7/1/2024 4:30,11.431,0
5264,7/1/2024 4:45,11.431,0
5265,7/1/2024 5:00,11.431,0
5266,7/1/2024 5:15,11.528,8
5267,7/1/2024 5:30,11.528,23
5268,7/1/2024 5:45,11.528,53
5269,7/1/2024 6:00,11.528,49
5270,7/1/2024 6:15,11.431,83
5271,7/1/2024 6:30,11.334,102
5272,7/1/2024 6:45,11.236,184
5273,7/1/2024 7:00,11.236,256
5274,7/1/2024 7:15,11.139,288
5275,7/1/2024 7:30,10.944,352
5276,7/1/2024 7:45,10.357,400
5277,7/1/2024 8:00,10.161,496
5278,7/1/2024 8:15,10.161,608
5279,7/1/2024 8:30,9.965,896
5280,7/1/2024 8:45,10.161,896
5281,7/1/2024 9:00,10.161,352
5282,7/1/2024 9:15,10.651,1088
5283,7/1/2024 9:30,11.041,1728
5284,7/1/2024 9:45,11.236,1280
5285,7/1/2024 10:00,11.528,1920
5286,7/1/2024 10:15,11.722,2048
5287,7/1/2024 10:30,11.819,2560
5288,7/1/2024 10:45,12.013,2048
5289,7/1/2024 11:00,12.304,3456
5290,7/1/2024 11:15,12.497,3072
5291,7/1/2024 11:30,12.883,2304
5292,7/1/2024 11:45,13.076,3968
5293,7/1/2024 12:00,13.269,3712
5294,7/1/2024 12:15,13.365,3712
5295,7/1/2024 12:30,13.461,6912
5296,7/1/2024 12:45,13.654,4352
5297,7/1/2024 13:00,13.75,5120
5298,7/1/2024 13:15,13.75,7168
5299,7/1/2024 13:30,13.846,5376
5300,7/1/2024 13:45,13.942,4096
5301,7/1/2024 14:00,13.173,1024
5302,7/1/2024 14:15,13.269,1152
5303,7/1/2024 14:30,13.365,2048
5304,7/1/2024 14:45,13.654,5888
5305,7/1/2024 15:00,13.558,3072
5306,7/1/2024 15:15,13.461,4096
5307,7/1/2024 15:30,13.461,1920
5308,7/1/2024 15:45,13.558,3968
5309,7/1/2024 16:00,13.846,2176
5310,7/1/2024 16:15,13.75,1792
5311,7/1/2024 16:30,13.365,1536
5312,7/1/2024 16:45,13.076,1536
5313,7/1/2024 17:00,12.98,1024
5314,7/1/2024 17:15,12.883,704
5315,7/1/2024 17:30,12.497,576
5316,7/1/2024 17:45,12.69,480
5317,7/1/2024 18:00,12.98,400
5318,7/1/2024 18:15,13.269,304
5319,7/1/2024 18:30,13.269,240
5320,7/1/2024 18:45,11.722,160
5321,7/1/2024 19:00,11.236,128
5322,7/1/2024 19:15,11.041,96
5323,7/1/2024 19:30,11.041,66
5324,7/1/2024 19:45,11.236,40
5325,7/1/2024 20:00,11.139,22
5326,7/1/2024 20:15,11.431,8
5327,7/1/2024 20:30,11.236,0
5328,7/1/2024 20:45,11.722,0
5329,7/1/2024 21:00,12.207,0
5330,7/1/2024 21:15,12.207,0
5331,7/1/2024 21:30,12.11,0
5332,7/1/2024 21:45,12.401,0
5333,7/1/2024 22:00,12.401,0
5334,7/1/2024 22:15,12.497,0
5335,7/1/2024 22:30,12.497,0
5336,7/1/2024 22:45,12.497,0
5337,7/1/2024 23:00,12.594,0
5338,7/1/2024 23:15,12.497,0
5339,7/1/2024 23:30,12.69,0
5340,7/1/2024 23:45,13.269,0
5341,7/2/2024 0:00,13.461,0
5342,7/2/2024 0:15,13.269,0
5343,7/2/2024 0:30,13.365,0
5344,7/2/2024 0:45,13.461,0
5345,7/2/2024 1:00,13.654,0
5346,7/2/2024 1:15,13.654,0
5347,7/2/2024 1:30,13.654,0
5348,7/2/2024 1:45,13.75,0
5349,7/2/2024 2:00,13.75,0
5350,7/2/2024 2:15,13.846,0
5351,7/2/2024 2:30,13.846,0
5352,7/2/2024 2:45,13.846,0
5353,7/2/2024 3:00,13.942,0
5354,7/2/2024 3:15,14.038,0
5355,7/2/2024 3:30,13.942,0
5356,7/2/2024 3:45,13.942,0
5357,7/2/2024 4:00,13.942,0
5358,7/2/2024 4:15,13.942,0
5359,7/2/2024 4:30,14.421,0
5360,7/2/2024 4:45,14.038,0
5361,7/2/2024 5:00,13.942,2
5362,7/2/2024 5:15,13.942,8
5363,7/2/2024 5:30,13.942,28
5364,7/2/2024 5:45,13.75,50
5365,7/2/2024 6:00,13.654,72
5366,7/2/2024 6:15,13.461,93
5367,7/2/2024 6:30,13.365,128
5368,7/2/2024 6:45,13.558,192
5369,7/2/2024 7:00,13.75,256
5370,7/2/2024 7:15,13.75,272
5371,7/2/2024 7:30,13.558,288
5372,7/2/2024 7:45,13.461,336
5373,7/2/2024 8:00,13.076,400
5374,7/2/2024 8:15,12.69,464
5375,7/2/2024 8:30,12.594,608
5376,7/2/2024 8:45,12.787,672
5377,7/2/2024 9:00,12.98,672
5378,7/2/2024 9:15,13.365,896
5379,7/2/2024 9:30,13.558,992
5380,7/2/2024 9:45,13.75,1024
5381,7/2/2024 10:00,13.75,1536
5382,7/2/2024 10:15,13.365,1536
5383,7/2/2024 10:30,13.461,896
5384,7/2/2024 10:45,13.269,992
5385,7/2/2024 11:00,13.365,1088
5386,7/2/2024 11:15,13.558,1088
5387,7/2/2024 11:30,13.654,1408
5388,7/2/2024 11:45,13.942,1472
5389,7/2/2024 12:00,14.325,1856
5390,7/2/2024 12:15,14.709,3200
5391,7/2/2024 12:30,14.9,3328
5392,7/2/2024 12:45,15.091,3456
5393,7/2/2024 13:00,15.282,4864
5394,7/2/2024 13:15,15.569,7168
5395,7/2/2024 13:30,15.664,5376
5396,7/2/2024 13:45,15.951,3968
5397,7/2/2024 14:00,16.141,3968
5398,7/2/2024 14:15,16.332,3072
5399,7/2/2024 14:30,16.237,6144
5400,7/2/2024 14:45,16.141,2432
5401,7/2/2024 15:00,16.141,5376
5402,7/2/2024 15:15,16.141,2304
5403,7/2/2024 15:30,16.141,2688
5404,7/2/2024 15:45,16.141,3712
5405,7/2/2024 16:00,15.951,2304
5406,7/2/2024 16:15,15.855,3456
5407,7/2/2024 16:30,15.664,1984
5408,7/2/2024 16:45,15.473,1920
5409,7/2/2024 17:00,15.282,1408
5410,7/2/2024 17:15,14.996,1152
5411,7/2/2024 17:30,14.804,896
5412,7/2/2024 17:45,14.709,608
5413,7/2/2024 18:00,14.325,480
5414,7/2/2024 18:15,14.325,384
5415,7/2/2024 18:30,14.325,288
5416,7/2/2024 18:45,14.421,224
5417,7/2/2024 19:00,14.517,152
5418,7/2/2024 19:15,14.517,106
5419,7/2/2024 19:30,14.517,69
5420,7/2/2024 19:45,14.517,43
5421,7/2/2024 20:00,14.613,22
5422,7/2/2024 20:15,13.942,6
5423,7/2/2024 20:30,13.654,0
5424,7/2/2024 20:45,14.134,0
5425,7/2/2024 21:00,14.421,0
5426,7/2/2024 21:15,14.325,0
5427,7/2/2024 21:30,14.421,0
5428,7/2/2024 21:45,14.421,0
5429,7/2/2024 22:00,14.517,0
5430,7/2/2024 22:15,14.517,0
5431,7/2/2024 22:30,14.804,0
5432,7/2/2024 22:45,15.187,0
5433,7/2/2024 23:00,15.378,0
5434,7/2/2024 23:15,15.569,0
5435,7/2/2024 23:30,15.664,0
5436,7/2/2024 23:45,15.664,0
5437,7/3/2024 0:00,15.473,0
5438,7/3/2024 0:15,15.473,0
5439,7/3/2024 0:30,15.187,0
5440,7/3/2024 0:45,14.996,0
5441,7/3/2024 1:00,14.996,0
5442,7/3/2024 1:15,14.996,0
5443,7/3/2024 1:30,14.996,0
5444,7/3/2024 1:45,14.9,0
5445,7/3/2024 2:00,14.9,0
5446,7/3/2024 2:15,14.9,0
5447,7/3/2024 2:30,14.996,0
5448,7/3/2024 2:45,14.996,0
5449,7/3/2024 3:00,15.187,0
5450,7/3/2024 3:15,15.282,0
5451,7/3/2024 3:30,15.282,0
5452,7/3/2024 3:45,15.282,0
5453,7/3/2024 4:00,15.282,0
5454,7/3/2024 4:15,15.282,0
5455,7/3/2024 4:30,15.378,0
5456,7/3/2024 4:45,15.282,0
5457,7/3/2024 5:00,15.282,4
5458,7/3/2024 5:15,15.378,19
5459,7/3/2024 5:30,15.473,44
5460,7/3/2024 5:45,15.664,69
5461,7/3/2024 6:00,15.76,110
5462,7/3/2024 6:15,15.76,144
5463,7/3/2024 6:30,15.664,184
5464,7/3/2024 6:45,15.569,224
5465,7/3/2024 7:00,15.473,272
5466,7/3/2024 7:15,15.091,320
5467,7/3/2024 7:30,15.187,368
5468,7/3/2024 7:45,15.187,384
5469,7/3/2024 8:00,15.187,448
5470,7/3/2024 8:15,15.282,496
5471,7/3/2024 8:30,15.378,512
5472,7/3/2024 8:45,15.378,576
5473,7/3/2024 9:00,15.473,704
5474,7/3/2024 9:15,15.473,704
5475,7/3/2024 9:30,15.569,800
5476,7/3/2024 9:45,15.569,576
5477,7/3/2024 10:00,15.855,1024
5478,7/3/2024 10:15,15.951,1088
5479,7/3/2024 10:30,16.046,1344
5480,7/3/2024 10:45,16.141,1536
5481,7/3/2024 11:00,16.237,1792
5482,7/3/2024 11:15,16.332,1920
5483,7/3/2024 11:30,16.427,1984
5484,7/3/2024 11:45,16.427,1920
5485,7/3/2024 12:00,16.523,2560
5486,7/3/2024 12:15,16.618,2176
5487,7/3/2024 12:30,16.808,2688
5488,7/3/2024 12:45,16.999,2944
5489,7/3/2024 13:00,17.094,2816
5490,7/3/2024 13:15,17.189,2816
5491,7/3/2024 13:30,17.189,2816
5492,7/3/2024 13:45,17.284,4096
5493,7/3/2024 14:00,17.475,5632
5494,7/3/2024 14:15,17.57,3584
5495,7/3/2024 14:30,17.475,2304
5496,7/3/2024 14:45,16.999,3840
5497,7/3/2024 15:00,16.903,4864
5498,7/3/2024 15:15,16.903,2944
5499,7/3/2024 15:30,16.999,3200
5500,7/3/2024 15:45,16.903,2944
5501,7/3/2024 16:00,16.903,3328
5502,7/3/2024 16:15,16.903,2688
5503,7/3/2024 16:30,16.713,2048
5504,7/3/2024 16:45,16.713,2688
5505,7/3/2024 17:00,16.427,1600
5506,7/3/2024 17:15,16.237,608
5507,7/3/2024 17:30,16.237,1024
5508,7/3/2024 17:45,16.046,800
5509,7/3/2024 18:00,15.76,608
5510,7/3/2024 18:15,15.664,432
5511,7/3/2024 18:30,15.569,352
5512,7/3/2024 18:45,15.569,240
5513,7/3/2024 19:00,14.613,192
5514,7/3/2024 19:15,13.654,144
5515,7/3/2024 19:30,12.594,72
5516,7/3/2024 19:45,11.722,37
5517,7/3/2024 20:00,10.944,24
5518,7/3/2024 20:15,9.571,9
5519,7/3/2024 20:30,9.866,0
5520,7/3/2024 20:45,9.669,0
5521,7/3/2024 21:00,12.013,0
5522,7/3/2024 21:15,12.594,0
5523,7/3/2024 21:30,12.787,0
5524,7/3/2024 21:45,12.304,0
5525,7/3/2024 22:00,12.594,0
5526,7/3/2024 22:15,13.461,0
5527,7/3/2024 22:30,14.134,0
5528,7/3/2024 22:45,12.207,0
5529,7/3/2024 23:00,14.613,0
5530,7/3/2024 23:15,14.9,0
5531,7/3/2024 23:30,14.996,0
5532,7/3/2024 23:45,15.091,0
5533,7/4/2024 0:00,15.187,0
5534,7/4/2024 0:15,14.038,0
5535,7/4/2024 0:30,13.75,0
5536,7/4/2024 0:45,14.325,0
5537,7/4/2024 1:00,14.804,0
5538,7/4/2024 1:15,15.091,0
5539,7/4/2024 1:30,15.091,0
5540,7/4/2024 1:45,13.846,0
5541,7/4/2024 2:00,13.75,0
5542,7/4/2024 2:15,13.654,0
5543,7/4/2024 2:30,13.75,0
5544,7/4/2024 2:45,13.75,0
5545,7/4/2024 3:00,13.75,0
5546,7/4/2024 3:15,13.75,0
5547,7/4/2024 3:30,13.654,0
5548,7/4/2024 3:45,13.75,0
5549,7/4/2024 4:00,13.846,0
5550,7/4/2024 4:15,14.517,0
5551,7/4/2024 4:30,14.613,0
5552,7/4/2024 4:45,14.517,0
5553,7/4/2024 5:00,14.517,2
5554,7/4/2024 5:15,14.709,22
5555,7/4/2024 5:30,14.9,38
5556,7/4/2024 5:45,14.517,62
5557,7/4/2024 6:00,14.038,104
5558,7/4/2024 6:15,13.942,200
5559,7/4/2024 6:30,13.75,232
5560,7/4/2024 6:45,14.613,320
5561,7/4/2024 7:00,14.421,256
5562,7/4/2024 7:15,14.23,224
5563,7/4/2024 7:30,14.325,336
5564,7/4/2024 7:45,12.69,416
5565,7/4/2024 8:00,11.916,480
5566,7/4/2024 8:15,11.528,464
5567,7/4/2024 8:30,13.846,320
5568,7/4/2024 8:45,13.173,304
5569,7/4/2024 9:00,13.461,288
5570,7/4/2024 9:15,13.365,248
5571,7/4/2024 9:30,12.013,240
5572,7/4/2024 9:45,12.207,480
5573,7/4/2024 10:00,12.304,992
5574,7/4/2024 10:15,11.819,1152
5575,7/4/2024 10:30,11.431,1024
5576,7/4/2024 10:45,11.041,1216
5577,7/4/2024 11:00,12.69,1408
5578,7/4/2024 11:15,14.134,1408
5579,7/4/2024 11:30,14.421,1600
5580,7/4/2024 11:45,12.787,1728
5581,7/4/2024 12:00,12.013,2176
5582,7/4/2024 12:15,14.996,2048
5583,7/4/2024 12:30,15.664,2176
5584,7/4/2024 12:45,15.855,1664
5585,7/4/2024 13:00,15.855,1344
5586,7/4/2024 13:15,16.237,2816
5587,7/4/2024 13:30,16.141,2048
5588,7/4/2024 13:45,16.046,1984
5589,7/4/2024 14:00,15.76,960
5590,7/4/2024 14:15,14.23,576
5591,7/4/2024 14:30,14.038,864
5592,7/4/2024 14:45,13.846,768
5593,7/4/2024 15:00,13.846,768
5594,7/4/2024 15:15,14.134,2816
5595,7/4/2024 15:30,14.038,1152
5596,7/4/2024 15:45,13.75,496
5597,7/4/2024 16:00,13.654,384
5598,7/4/2024 16:15,13.654,432
5599,7/4/2024 16:30,14.517,480
5600,7/4/2024 16:45,14.804,480
5601,7/4/2024 17:00,14.996,576
5602,7/4/2024 17:15,15.282,1152
5603,7/4/2024 17:30,15.187,512
5604,7/4/2024 17:45,15.091,480
5605,7/4/2024 18:00,15.091,176
5606,7/4/2024 18:15,15.091,107
5607,7/4/2024 18:30,15.187,176
5608,7/4/2024 18:45,14.9,75
5609,7/4/2024 19:00,14.804,71
5610,7/4/2024 19:15,14.804,93
5611,7/4/2024 19:30,13.942,46
5612,7/4/2024 19:45,13.75,50
5613,7/4/2024 20:00,13.846,18
5614,7/4/2024 20:15,13.173,4
5615,7/4/2024 20:30,12.401,0
5616,7/4/2024 20:45,10.944,0
5617,7/4/2024 21:00,10.259,0
5618,7/4/2024 21:15,10.161,0
5619,7/4/2024 21:30,10.161,0
5620,7/4/2024 21:45,9.866,0
5621,7/4/2024 22:00,9.866,0
5622,7/4/2024 22:15,9.768,0
5623,7/4/2024 22:30,9.669,0
5624,7/4/2024 22:45,9.669,0
5625,7/4/2024 23:00,9.768,0
5626,7/4/2024 23:15,10.259,0
5627,7/4/2024 23:30,11.334,0
5628,7/4/2024 23:45,12.883,0
5629,7/5/2024 0:00,13.461,0
5630,7/5/2024 0:15,14.517,0
5631,7/5/2024 0:30,14.9,0
5632,7/5/2024 0:45,14.9,0
5633,7/5/2024 1:00,15.091,0
5634,7/5/2024 1:15,15.187,0
5635,7/5/2024 1:30,15.091,0
5636,7/5/2024 1:45,15.091,0
5637,7/5/2024 2:00,15.091,0
5638,7/5/2024 2:15,15.187,0
5639,7/5/2024 2:30,13.558,0
5640,7/5/2024 2:45,13.365,0
5641,7/5/2024 3:00,13.269,0
5642,7/5/2024 3:15,13.173,0
5643,7/5/2024 3:30,13.173,0
5644,7/5/2024 3:45,13.269,0
5645,7/5/2024 4:00,13.365,0
5646,7/5/2024 4:15,13.269,0
5647,7/5/2024 4:30,13.365,0
5648,7/5/2024 4:45,13.654,0
5649,7/5/2024 5:00,13.558,1
5650,7/5/2024 5:15,13.942,7
5651,7/5/2024 5:30,14.421,17
5652,7/5/2024 5:45,14.517,59
5653,7/5/2024 6:00,14.613,136
5654,7/5/2024 6:15,14.23,106
5655,7/5/2024 6:30,14.038,84
5656,7/5/2024 6:45,13.942,49
5657,7/5/2024 7:00,14.23,89
5658,7/5/2024 7:15,14.421,136
5659,7/5/2024 7:30,14.421,123
5660,7/5/2024 7:45,14.804,152
5661,7/5/2024 8:00,14.038,216
5662,7/5/2024 8:15,13.558,320
5663,7/5/2024 8:30,13.461,184
5664,7/5/2024 8:45,13.558,320
5665,7/5/2024 9:00,13.558,272
5666,7/5/2024 9:15,13.558,272
5667,7/5/2024 9:30,13.558,416
5668,7/5/2024 9:45,13.461,672
5669,7/5/2024 10:00,13.269,896
5670,7/5/2024 10:15,12.98,576
5671,7/5/2024 10:30,12.787,768
5672,7/5/2024 10:45,12.401,704
5673,7/5/2024 11:00,12.11,608
5674,7/5/2024 11:15,11.819,448
5675,7/5/2024 11:30,12.11,512
5676,7/5/2024 11:45,12.594,576
5677,7/5/2024 12:00,12.69,864
5678,7/5/2024 12:15,12.883,576
5679,7/5/2024 12:30,13.076,496
5680,7/5/2024 12:45,13.269,992
5681,7/5/2024 13:00,13.654,2048
5682,7/5/2024 13:15,14.038,1664
5683,7/5/2024 13:30,14.134,1408
5684,7/5/2024 13:45,14.421,1536
5685,7/5/2024 14:00,14.421,1600
5686,7/5/2024 14:15,14.23,896
5687,7/5/2024 14:30,14.325,1536
5688,7/5/2024 14:45,14.517,2688
5689,7/5/2024 15:00,14.325,2048
5690,7/5/2024 15:15,14.517,2816
5691,7/5/2024 15:30,14.613,2176
5692,7/5/2024 15:45,14.613,2304
5693,7/5/2024 16:00,14.613,2688
5694,7/5/2024 16:15,14.517,2048
5695,7/5/2024 16:30,14.517,2048
5696,7/5/2024 16:45,14.517,1728
5697,7/5/2024 17:00,14.23,1920
5698,7/5/2024 17:15,14.134,1024
5699,7/5/2024 17:30,14.23,1344
5700,7/5/2024 17:45,14.134,672
5701,7/5/2024 18:00,14.038,608
5702,7/5/2024 18:15,12.98,272
5703,7/5/2024 18:30,11.819,248
5704,7/5/2024 18:45,11.625,192
5705,7/5/2024 19:00,11.236,112
5706,7/5/2024 19:15,13.365,89
5707,7/5/2024 19:30,12.98,57
5708,7/5/2024 19:45,12.304,25
5709,7/5/2024 20:00,12.013,6
5710,7/5/2024 20:15,11.722,0
5711,7/5/2024 20:30,11.528,0
5712,7/5/2024 20:45,11.041,0
5713,7/5/2024 21:00,11.334,0
5714,7/5/2024 21:15,11.722,0
5715,7/5/2024 21:30,11.334,0
5716,7/5/2024 21:45,11.916,0
5717,7/5/2024 22:00,10.455,0
5718,7/5/2024 22:15,9.768,0
5719,7/5/2024 22:30,9.373,0
5720,7/5/2024 22:45,9.275,0
5721,7/5/2024 23:00,9.176,0
5722,7/5/2024 23:15,9.176,0
5723,7/5/2024 23:30,9.077,0
5724,7/5/2024 23:45,9.176,0
5725,7/6/2024 0:00,9.176,0
5726,7/6/2024 0:15,9.373,0
5727,7/6/2024 0:30,10.063,0
5728,7/6/2024 0:45,10.161,0
5729,7/6/2024 1:00,11.431,0
5730,7/6/2024 1:15,12.013,0
5731,7/6/2024 1:30,12.98,0
5732,7/6/2024 1:45,13.75,0
5733,7/6/2024 2:00,14.038,0
5734,7/6/2024 2:15,14.421,0
5735,7/6/2024 2:30,14.517,0
5736,7/6/2024 2:45,13.365,0
5737,7/6/2024 3:00,13.173,0
5738,7/6/2024 3:15,12.69,0
5739,7/6/2024 3:30,12.594,0
5740,7/6/2024 3:45,12.401,0
5741,7/6/2024 4:00,12.304,0
5742,7/6/2024 4:15,12.304,0
5743,7/6/2024 4:30,12.304,0
5744,7/6/2024 4:45,12.304,0
5745,7/6/2024 5:00,12.304,0
5746,7/6/2024 5:15,12.304,3
5747,7/6/2024 5:30,12.304,15
5748,7/6/2024 5:45,12.401,70
5749,7/6/2024 6:00,13.365,136
5750,7/6/2024 6:15,13.846,144
5751,7/6/2024 6:30,13.942,152
5752,7/6/2024 6:45,13.942,200
5753,7/6/2024 7:00,13.942,368
5754,7/6/2024 7:15,14.23,480
5755,7/6/2024 7:30,14.23,256
5756,7/6/2024 7:45,13.558,288
5757,7/6/2024 8:00,11.528,208
5758,7/6/2024 8:15,10.553,304
5759,7/6/2024 8:30,10.651,256
5760,7/6/2024 8:45,13.75,352
5761,7/6/2024 9:00,13.75,192
5762,7/6/2024 9:15,13.558,352
5763,7/6/2024 9:30,13.365,272
5764,7/6/2024 9:45,12.98,208
5765,7/6/2024 10:00,12.497,304
5766,7/6/2024 10:15,12.401,272
5767,7/6/2024 10:30,12.304,248
5768,7/6/2024 10:45,12.207,400
5769,7/6/2024 11:00,12.11,704
5770,7/6/2024 11:15,12.013,1280
5771,7/6/2024 11:30,11.819,368
5772,7/6/2024 11:45,11.916,672
5773,7/6/2024 12:00,12.11,896
5774,7/6/2024 12:15,11.916,480
5775,7/6/2024 12:30,11.722,464
5776,7/6/2024 12:45,11.722,512
5777,7/6/2024 13:00,11.722,512
5778,7/6/2024 13:15,11.916,496
5779,7/6/2024 13:30,13.269,1152
5780,7/6/2024 13:45,13.076,768
5781,7/6/2024 14:00,12.497,2560
5782,7/6/2024 14:15,14.038,608
5783,7/6/2024 14:30,14.709,2304
5784,7/6/2024 14:45,14.517,992
5785,7/6/2024 15:00,14.517,1920
5786,7/6/2024 15:15,14.134,1984
5787,7/6/2024 15:30,13.846,1280
5788,7/6/2024 15:45,13.654,1344
5789,7/6/2024 16:00,13.365,672
5790,7/6/2024 16:15,13.365,672
5791,7/6/2024 16:30,13.365,704
5792,7/6/2024 16:45,13.461,1408
5793,7/6/2024 17:00,13.461,768
5794,7/6/2024 17:15,13.461,608
5795,7/6/2024 17:30,13.75,576
5796,7/6/2024 17:45,14.134,672
5797,7/6/2024 18:00,14.23,512
5798,7/6/2024 18:15,14.421,512
5799,7/6/2024 18:30,14.421,608
5800,7/6/2024 18:45,14.23,480
5801,7/6/2024 19:00,14.23,336
5802,7/6/2024 19:15,14.134,224
5803,7/6/2024 19:30,12.11,200
5804,7/6/2024 19:45,10.455,121
5805,7/6/2024 20:00,13.173,39
5806,7/6/2024 20:15,10.357,16
5807,7/6/2024 20:30,9.866,3
5808,7/6/2024 20:45,10.063,0
5809,7/6/2024 21:00,12.497,0
5810,7/6/2024 21:15,12.304,0
5811,7/6/2024 21:30,11.334,0
5812,7/6/2024 21:45,11.236,0
5813,7/6/2024 22:00,11.431,0
5814,7/6/2024 22:15,11.916,0
5815,7/6/2024 22:30,11.528,0
5816,7/6/2024 22:45,10.748,0
5817,7/6/2024 23:00,10.357,0
5818,7/6/2024 23:15,9.472,0
5819,7/6/2024 23:30,8.779,0
5820,7/6/2024 23:45,8.68,0
5821,7/7/2024 0:00,8.68,0
5822,7/7/2024 0:15,8.68,0
5823,7/7/2024 0:30,8.68,0
5824,7/7/2024 0:45,8.68,0
5825,7/7/2024 1:00,9.077,0
5826,7/7/2024 1:15,8.978,0
5827,7/7/2024 1:30,8.978,0
5828,7/7/2024 1:45,9.965,0
5829,7/7/2024 2:00,10.944,0
5830,7/7/2024 2:15,11.625,0
5831,7/7/2024 2:30,12.69,0
5832,7/7/2024 2:45,13.269,0
5833,7/7/2024 3:00,13.365,0
5834,7/7/2024 3:15,13.365,0
5835,7/7/2024 3:30,12.883,0
5836,7/7/2024 3:45,12.98,0
5837,7/7/2024 4:00,12.883,0
5838,7/7/2024 4:15,12.787,0
5839,7/7/2024 4:30,12.497,0
5840,7/7/2024 4:45,12.207,0
5841,7/7/2024 5:00,12.013,0
5842,7/7/2024 5:15,11.916,6
5843,7/7/2024 5:30,11.916,24
5844,7/7/2024 5:45,11.916,68
5845,7/7/2024 6:00,11.916,128
5846,7/7/2024 6:15,11.916,208
5847,7/7/2024 6:30,11.916,288
5848,7/7/2024 6:45,11.916,384
5849,7/7/2024 7:00,12.013,432
5850,7/7/2024 7:15,12.207,512
5851,7/7/2024 7:30,13.076,608
5852,7/7/2024 7:45,13.076,576
5853,7/7/2024 8:00,13.269,576
5854,7/7/2024 8:15,14.325,576
5855,7/7/2024 8:30,14.421,480
5856,7/7/2024 8:45,13.654,464
5857,7/7/2024 9:00,13.365,512
5858,7/7/2024 9:15,13.173,864
5859,7/7/2024 9:30,12.883,864
5860,7/7/2024 9:45,12.69,768
5861,7/7/2024 10:00,12.69,992
5862,7/7/2024 10:15,12.69,1024
5863,7/7/2024 10:30,12.69,896
5864,7/7/2024 10:45,12.69,896
5865,7/7/2024 11:00,12.401,768
5866,7/7/2024 11:15,12.304,704
5867,7/7/2024 11:30,12.497,1536
5868,7/7/2024 11:45,12.304,864
5869,7/7/2024 12:00,11.722,960
5870,7/7/2024 12:15,11.334,896
5871,7/7/2024 12:30,11.139,768
5872,7/7/2024 12:45,11.041,864
5873,7/7/2024 13:00,11.139,672
5874,7/7/2024 13:15,11.334,960
5875,7/7/2024 13:30,11.722,2048
5876,7/7/2024 13:45,11.625,2048
5877,7/7/2024 14:00,11.625,800
5878,7/7/2024 14:15,11.819,672
5879,7/7/2024 14:30,12.207,2432
5880,7/7/2024 14:45,12.304,1600
5881,7/7/2024 15:00,12.594,2048
5882,7/7/2024 15:15,12.98,2304
5883,7/7/2024 15:30,13.173,1920
5884,7/7/2024 15:45,13.269,2304
5885,7/7/2024 16:00,13.461,1920
5886,7/7/2024 16:15,13.461,1728
5887,7/7/2024 16:30,13.558,1792
5888,7/7/2024 16:45,13.558,1792
5889,7/7/2024 17:00,13.365,1728
5890,7/7/2024 17:15,13.173,1728
5891,7/7/2024 17:30,12.98,1152
5892,7/7/2024 17:45,12.883,800
5893,7/7/2024 18:00,12.787,704
5894,7/7/2024 18:15,12.787,768
5895,7/7/2024 18:30,12.69,512
5896,7/7/2024 18:45,12.787,480
5897,7/7/2024 19:00,12.883,352
5898,7/7/2024 19:15,13.173,256
5899,7/7/2024 19:30,13.365,176
5900,7/7/2024 19:45,13.076,115
5901,7/7/2024 20:00,12.594,67
5902,7/7/2024 20:15,12.207,27
5903,7/7/2024 20:30,12.69,5
5904,7/7/2024 20:45,12.787,0
5905,7/7/2024 21:00,12.304,0
5906,7/7/2024 21:15,11.139,0
5907,7/7/2024 21:30,11.139,0
5908,7/7/2024 21:45,10.944,0
5909,7/7/2024 22:00,11.041,0
5910,7/7/2024 22:15,11.041,0
5911,7/7/2024 22:30,11.139,0
5912,7/7/2024 22:45,11.431,0
5913,7/7/2024 23:00,11.431,0
5914,7/7/2024 23:15,11.722,0
5915,7/7/2024 23:30,11.334,0
5916,7/7/2024 23:45,11.236,0
5917,7/8/2024 0:00,10.846,0
5918,7/8/2024 0:15,10.455,0
5919,7/8/2024 0:30,10.161,0
5920,7/8/2024 0:45,9.866,0
5921,7/8/2024 1:00,9.866,0
5922,7/8/2024 1:15,9.965,0
5923,7/8/2024 1:30,9.965,0
5924,7/8/2024 1:45,10.455,0
5925,7/8/2024 2:00,11.431,0
5926,7/8/2024 2:15,11.916,0
5927,7/8/2024 2:30,12.207,0
5928,7/8/2024 2:45,12.401,0
5929,7/8/2024 3:00,12.98,0
5930,7/8/2024 3:15,13.173,0
5931,7/8/2024 3:30,13.269,0
5932,7/8/2024 3:45,13.269,0
5933,7/8/2024 4:00,13.269,0
5934,7/8/2024 4:15,13.365,0
5935,7/8/2024 4:30,13.365,0
5936,7/8/2024 4:45,13.461,0
5937,7/8/2024 5:00,13.654,0
5938,7/8/2024 5:15,13.365,12
5939,7/8/2024 5:30,12.98,39
5940,7/8/2024 5:45,12.98,73
5941,7/8/2024 6:00,12.883,128
5942,7/8/2024 6:15,12.98,176
5943,7/8/2024 6:30,13.076,256
5944,7/8/2024 6:45,13.173,336
5945,7/8/2024 7:00,13.173,416
5946,7/8/2024 7:15,13.076,480
5947,7/8/2024 7:30,13.076,672
5948,7/8/2024 7:45,13.269,800
5949,7/8/2024 8:00,13.269,864
5950,7/8/2024 8:15,13.269,704
5951,7/8/2024 8:30,13.365,1216
5952,7/8/2024 8:45,13.461,1472
5953,7/8/2024 9:00,13.654,1728
5954,7/8/2024 9:15,13.75,1408
5955,7/8/2024 9:30,13.75,2048
5956,7/8/2024 9:45,13.846,2048
5957,7/8/2024 10:00,14.038,1408
5958,7/8/2024 10:15,14.23,2304
5959,7/8/2024 10:30,14.325,2432
5960,7/8/2024 10:45,14.421,2944
5961,7/8/2024 11:00,14.421,2688
5962,7/8/2024 11:15,14.421,2304
5963,7/8/2024 11:30,14.421,2176
5964,7/8/2024 11:45,14.325,2176
5965,7/8/2024 12:00,14.325,2688
5966,7/8/2024 12:15,14.23,2432
5967,7/8/2024 12:30,13.942,1984
5968,7/8/2024 12:45,14.038,1920
5969,7/8/2024 13:00,14.038,2048
5970,7/8/2024 13:15,12.401,1984
5971,7/8/2024 13:30,12.11,1920
5972,7/8/2024 13:45,12.11,1728
5973,7/8/2024 14:00,12.013,768
5974,7/8/2024 14:15,12.497,1728
5975,7/8/2024 14:30,13.269,1920
5976,7/8/2024 14:45,13.461,1920
5977,7/8/2024 15:00,13.461,1536
5978,7/8/2024 15:15,13.558,1600
5979,7/8/2024 15:30,13.654,1600
5980,7/8/2024 15:45,13.558,1408
5981,7/8/2024 16:00,13.654,1600
5982,7/8/2024 16:15,13.654,1472
5983,7/8/2024 16:30,13.75,1280
5984,7/8/2024 16:45,13.558,672
5985,7/8/2024 17:00,13.75,1472
5986,7/8/2024 17:15,13.75,1152
5987,7/8/2024 17:30,13.75,992
5988,7/8/2024 17:45,13.75,1152
5989,7/8/2024 18:00,14.038,864
5990,7/8/2024 18:15,14.134,608
5991,7/8/2024 18:30,14.134,512
5992,7/8/2024 18:45,14.134,416
5993,7/8/2024 19:00,14.038,384
5994,7/8/2024 19:15,14.038,272
5995,7/8/2024 19:30,14.038,176
5996,7/8/2024 19:45,14.23,121
5997,7/8/2024 20:00,14.517,53
5998,7/8/2024 20:15,14.9,20
5999,7/8/2024 20:30,14.23,4
6000,7/8/2024 20:45,14.613,0
6001,7/8/2024 21:00,14.517,0
6002,7/8/2024 21:15,13.846,0
6003,7/8/2024 21:30,13.75,0
6004,7/8/2024 21:45,12.401,0
6005,7/8/2024 22:00,13.076,0
6006,7/8/2024 22:15,13.558,0
6007,7/8/2024 22:30,13.269,0
6008,7/8/2024 22:45,13.076,0
6009,7/8/2024 23:00,12.883,0
6010,7/8/2024 23:15,12.883,0
6011,7/8/2024 23:30,12.787,0
6012,7/8/2024 23:45,12.69,0
6013,7/9/2024 0:00,12.883,0
6014,7/9/2024 0:15,12.98,0
6015,7/9/2024 0:30,12.594,0
6016,7/9/2024 0:45,12.304,0
6017,7/9/2024 1:00,11.625,0
6018,7/9/2024 1:15,11.625,0
6019,7/9/2024 1:30,12.98,0
6020,7/9/2024 1:45,12.98,0
6021,7/9/2024 2:00,12.98,0
6022,7/9/2024 2:15,12.013,0
6023,7/9/2024 2:30,13.076,0
6024,7/9/2024 2:45,13.269,0
6025,7/9/2024 3:00,13.558,0
6026,7/9/2024 3:15,13.75,0
6027,7/9/2024 3:30,13.846,0
6028,7/9/2024 3:45,14.038,0
6029,7/9/2024 4:00,14.23,0
6030,7/9/2024 4:15,14.421,0
6031,7/9/2024 4:30,14.517,0
6032,7/9/2024 4:45,14.613,0
6033,7/9/2024 5:00,14.709,0
6034,7/9/2024 5:15,14.709,6
6035,7/9/2024 5:30,14.804,26
6036,7/9/2024 5:45,14.804,75
6037,7/9/2024 6:00,14.9,144
6038,7/9/2024 6:15,14.709,184
6039,7/9/2024 6:30,14.325,216
6040,7/9/2024 6:45,14.134,272
6041,7/9/2024 7:00,14.038,336
6042,7/9/2024 7:15,14.038,480
6043,7/9/2024 7:30,14.134,576
6044,7/9/2024 7:45,14.134,608
6045,7/9/2024 8:00,14.325,1024
6046,7/9/2024 8:15,14.23,864
6047,7/9/2024 8:30,14.421,992
6048,7/9/2024 8:45,14.517,1408
6049,7/9/2024 9:00,14.517,2560
6050,7/9/2024 9:15,14.613,1600
6051,7/9/2024 9:30,14.804,2304
6052,7/9/2024 9:45,14.804,1664
6053,7/9/2024 10:00,14.804,2048
6054,7/9/2024 10:15,15.187,2432
6055,7/9/2024 10:30,15.473,3584
6056,7/9/2024 10:45,15.187,2560
6057,7/9/2024 11:00,14.996,2432
6058,7/9/2024 11:15,14.9,1344
6059,7/9/2024 11:30,14.613,992
6060,7/9/2024 11:45,14.9,768
6061,7/9/2024 12:00,15.187,672
6062,7/9/2024 12:15,14.804,960
6063,7/9/2024 12:30,14.804,768
6064,7/9/2024 12:45,14.709,480
6065,7/9/2024 13:00,14.517,336
6066,7/9/2024 13:15,14.134,608
6067,7/9/2024 13:30,14.134,1408
6068,7/9/2024 13:45,14.23,768
6069,7/9/2024 14:00,14.23,1728
6070,7/9/2024 14:15,14.517,1920
6071,7/9/2024 14:30,14.996,1344
6072,7/9/2024 14:45,14.996,1280
6073,7/9/2024 15:00,14.517,1280
6074,7/9/2024 15:15,14.804,1024
6075,7/9/2024 15:30,14.23,1152
6076,7/9/2024 15:45,14.038,992
6077,7/9/2024 16:00,13.942,416
6078,7/9/2024 16:15,13.846,496
6079,7/9/2024 16:30,13.846,512
6080,7/9/2024 16:45,13.846,1024
6081,7/9/2024 17:00,13.75,672
6082,7/9/2024 17:15,13.846,480
6083,7/9/2024 17:30,14.23,768
6084,7/9/2024 17:45,14.134,672
6085,7/9/2024 18:00,14.134,248
6086,7/9/2024 18:15,14.325,384
6087,7/9/2024 18:30,14.421,272
6088,7/9/2024 18:45,14.613,256
6089,7/9/2024 19:00,14.709,192
6090,7/9/2024 19:15,14.9,216
6091,7/9/2024 19:30,14.996,200
6092,7/9/2024 19:45,14.996,87
6093,7/9/2024 20:00,14.996,33
6094,7/9/2024 20:15,15.091,9
6095,7/9/2024 20:30,15.282,1
6096,7/9/2024 20:45,15.378,0
6097,7/9/2024 21:00,14.804,0
6098,7/9/2024 21:15,14.613,0
6099,7/9/2024 21:30,14.23,0
6100,7/9/2024 21:45,11.916,0
6101,7/9/2024 22:00,11.916,0
6102,7/9/2024 22:15,11.625,0
6103,7/9/2024 22:30,12.594,0
6104,7/9/2024 22:45,15.282,0
6105,7/9/2024 23:00,15.378,0
6106,7/9/2024 23:15,14.9,0
6107,7/9/2024 23:30,14.23,0
6108,7/9/2024 23:45,14.613,0
6109,7/10/2024 0:00,14.613,0
6110,7/10/2024 0:15,14.804,0
6111,7/10/2024 0:30,14.804,0
6112,7/10/2024 0:45,14.996,0
6113,7/10/2024 1:00,13.846,0
6114,7/10/2024 1:15,13.75,0
6115,7/10/2024 1:30,12.304,0
6116,7/10/2024 1:45,11.528,0
6117,7/10/2024 2:00,11.916,0
6118,7/10/2024 2:15,11.625,0
6119,7/10/2024 2:30,12.594,0
6120,7/10/2024 2:45,13.173,0
6121,7/10/2024 3:00,11.916,0
6122,7/10/2024 3:15,11.431,0
6123,7/10/2024 3:30,11.528,0
6124,7/10/2024 3:45,14.804,0
6125,7/10/2024 4:00,15.187,0
6126,7/10/2024 4:15,15.282,0
6127,7/10/2024 4:30,15.378,0
6128,7/10/2024 4:45,15.473,0
6129,7/10/2024 5:00,15.569,0
6130,7/10/2024 5:15,15.569,3
6131,7/10/2024 5:30,15.569,13
6132,7/10/2024 5:45,15.569,32
6133,7/10/2024 6:00,15.569,54
6134,7/10/2024 6:15,15.664,92
6135,7/10/2024 6:30,15.187,272
6136,7/10/2024 6:45,14.9,224
6137,7/10/2024 7:00,14.9,240
6138,7/10/2024 7:15,14.9,336
6139,7/10/2024 7:30,14.9,336
6140,7/10/2024 7:45,14.996,576
6141,7/10/2024 8:00,15.091,800
6142,7/10/2024 8:15,15.187,864
6143,7/10/2024 8:30,15.091,1344
6144,7/10/2024 8:45,15.187,1280
6145,7/10/2024 9:00,15.187,1344
6146,7/10/2024 9:15,15.473,2048
6147,7/10/2024 9:30,15.569,2304
6148,7/10/2024 9:45,15.473,2048
6149,7/10/2024 10:00,15.664,2048
6150,7/10/2024 10:15,16.141,2304
6151,7/10/2024 10:30,16.523,3456
6152,7/10/2024 10:45,16.523,2304
6153,7/10/2024 11:00,16.618,2688
6154,7/10/2024 11:15,16.523,1984
6155,7/10/2024 11:30,16.713,3456
6156,7/10/2024 11:45,15.855,2688
6157,7/10/2024 12:00,14.421,1984
6158,7/10/2024 12:15,14.325,2048
6159,7/10/2024 12:30,14.038,864
6160,7/10/2024 12:45,15.569,2176
6161,7/10/2024 13:00,15.569,2688
6162,7/10/2024 13:15,14.517,2304
6163,7/10/2024 13:30,13.846,2048
6164,7/10/2024 13:45,12.98,2048
6165,7/10/2024 14:00,13.173,1984
6166,7/10/2024 14:15,13.173,2048
6167,7/10/2024 14:30,13.076,1728
6168,7/10/2024 14:45,13.076,1600
6169,7/10/2024 15:00,13.076,1472
6170,7/10/2024 15:15,12.98,1344
6171,7/10/2024 15:30,12.883,1216
6172,7/10/2024 15:45,12.883,1024
6173,7/10/2024 16:00,12.69,1024
6174,7/10/2024 16:15,12.594,960
6175,7/10/2024 16:30,12.594,896
6176,7/10/2024 16:45,12.883,800
6177,7/10/2024 17:00,13.076,672
6178,7/10/2024 17:15,13.365,768
6179,7/10/2024 17:30,13.75,608
6180,7/10/2024 17:45,13.75,512
6181,7/10/2024 18:00,13.75,512
6182,7/10/2024 18:15,13.846,464
6183,7/10/2024 18:30,13.846,416
6184,7/10/2024 18:45,13.942,320
6185,7/10/2024 19:00,13.942,272
6186,7/10/2024 19:15,14.134,84
6187,7/10/2024 19:30,14.134,58
6188,7/10/2024 19:45,13.558,56
6189,7/10/2024 20:00,13.461,33
6190,7/10/2024 20:15,13.942,8
6191,7/10/2024 20:30,14.709,1
6192,7/10/2024 20:45,14.709,0
6193,7/10/2024 21:00,14.613,0
6194,7/10/2024 21:15,15.282,0
6195,7/10/2024 21:30,15.855,0
6196,7/10/2024 21:45,16.237,0
6197,7/10/2024 22:00,15.76,0
6198,7/10/2024 22:15,15.569,0
6199,7/10/2024 22:30,14.23,0
6200,7/10/2024 22:45,12.883,0
6201,7/10/2024 23:00,11.236,0
6202,7/10/2024 23:15,10.944,0
6203,7/10/2024 23:30,10.944,0
6204,7/10/2024 23:45,10.944,0
6205,7/11/2024 0:00,10.748,0
6206,7/11/2024 0:15,10.651,0
6207,7/11/2024 0:30,10.651,0
6208,7/11/2024 0:45,10.553,0
6209,7/11/2024 1:00,10.553,0
6210,7/11/2024 1:15,10.553,0
6211,7/11/2024 1:30,10.455,0
6212,7/11/2024 1:45,10.553,0
6213,7/11/2024 2:00,10.651,0
6214,7/11/2024 2:15,11.236,0
6215,7/11/2024 2:30,11.819,0
6216,7/11/2024 2:45,11.625,0
6217,7/11/2024 3:00,10.944,0
6218,7/11/2024 3:15,11.528,0
6219,7/11/2024 3:30,11.625,0
6220,7/11/2024 3:45,11.431,0
6221,7/11/2024 4:00,11.916,0
6222,7/11/2024 4:15,12.207,0
6223,7/11/2024 4:30,12.69,0
6224,7/11/2024 4:45,12.787,0
6225,7/11/2024 5:00,12.883,0
6226,7/11/2024 5:15,12.98,1
6227,7/11/2024 5:30,12.98,8
6228,7/11/2024 5:45,12.98,16
6229,7/11/2024 6:00,13.076,58
6230,7/11/2024 6:15,13.076,152
6231,7/11/2024 6:30,13.173,168
6232,7/11/2024 6:45,13.269,184
6233,7/11/2024 7:00,13.365,240
6234,7/11/2024 7:15,13.461,288
6235,7/11/2024 7:30,13.461,200
6236,7/11/2024 7:45,13.558,480
6237,7/11/2024 8:00,13.558,480
6238,7/11/2024 8:15,13.654,512
6239,7/11/2024 8:30,13.654,768
6240,7/11/2024 8:45,13.558,896
6241,7/11/2024 9:00,13.461,512
6242,7/11/2024 9:15,13.654,608
6243,7/11/2024 9:30,13.75,960
6244,7/11/2024 9:45,13.654,768
6245,7/11/2024 10:00,13.846,608
6246,7/11/2024 10:15,14.038,768
6247,7/11/2024 10:30,14.421,1728
6248,7/11/2024 10:45,14.134,896
6249,7/11/2024 11:00,14.23,896
6250,7/11/2024 11:15,14.134,1024
6251,7/11/2024 11:30,14.709,1152
6252,7/11/2024 11:45,15.282,576
6253,7/11/2024 12:00,15.569,1536
6254,7/11/2024 12:15,12.69,3200
6255,7/11/2024 12:30,11.139,1216
6256,7/11/2024 12:45,11.236,2560
6257,7/11/2024 13:00,11.236,3200
6258,7/11/2024 13:15,10.944,2560
6259,7/11/2024 13:30,10.553,2176
6260,7/11/2024 13:45,10.259,2304
6261,7/11/2024 14:00,10.161,1920
6262,7/11/2024 14:15,9.965,2304
6263,7/11/2024 14:30,9.768,1536
6264,7/11/2024 14:45,9.669,1856
6265,7/11/2024 15:00,9.669,1536
6266,7/11/2024 15:15,9.472,1600
6267,7/11/2024 15:30,9.472,1344
6268,7/11/2024 15:45,9.571,288
6269,7/11/2024 16:00,9.768,1088
6270,7/11/2024 16:15,10.063,1088
6271,7/11/2024 16:30,10.357,1024
6272,7/11/2024 16:45,10.846,992
6273,7/11/2024 17:00,11.041,768
6274,7/11/2024 17:15,11.041,176
6275,7/11/2024 17:30,11.139,608
6276,7/11/2024 17:45,11.334,480
6277,7/11/2024 18:00,11.625,184
6278,7/11/2024 18:15,11.916,192
6279,7/11/2024 18:30,11.916,336
6280,7/11/2024 18:45,11.819,288
6281,7/11/2024 19:00,11.819,232
6282,7/11/2024 19:15,11.819,152
6283,7/11/2024 19:30,11.916,95
6284,7/11/2024 19:45,11.916,82
6285,7/11/2024 20:00,12.013,45
6286,7/11/2024 20:15,12.013,18
6287,7/11/2024 20:30,12.11,3
6288,7/11/2024 20:45,12.11,0
6289,7/11/2024 21:00,12.207,0
6290,7/11/2024 21:15,12.207,0
6291,7/11/2024 21:30,12.207,0
6292,7/11/2024 21:45,12.11,0
6293,7/11/2024 22:00,12.207,0
6294,7/11/2024 22:15,12.594,0
6295,7/11/2024 22:30,14.134,0
6296,7/11/2024 22:45,14.517,0
6297,7/11/2024 23:00,14.996,0
6298,7/11/2024 23:15,13.558,0
6299,7/11/2024 23:30,10.161,0
6300,7/11/2024 23:45,9.373,0
6301,7/12/2024 0:00,9.472,0
6302,7/12/2024 0:15,9.275,0
6303,7/12/2024 0:30,9.077,0
6304,7/12/2024 0:45,8.68,0
6305,7/12/2024 1:00,8.581,0
6306,7/12/2024 1:15,8.68,0
6307,7/12/2024 1:30,9.472,0
6308,7/12/2024 1:45,9.768,0
6309,7/12/2024 2:00,10.259,0
6310,7/12/2024 2:15,10.944,0
6311,7/12/2024 2:30,12.11,0
6312,7/12/2024 2:45,12.013,0
6313,7/12/2024 3:00,11.139,0
6314,7/12/2024 3:15,10.846,0
6315,7/12/2024 3:30,10.944,0
6316,7/12/2024 3:45,10.063,0
6317,7/12/2024 4:00,9.472,0
6318,7/12/2024 4:15,9.275,0
6319,7/12/2024 4:30,10.455,0
6320,7/12/2024 4:45,10.846,0
6321,7/12/2024 5:00,11.431,0
6322,7/12/2024 5:15,10.748,4
6323,7/12/2024 5:30,11.041,17
6324,7/12/2024 5:45,12.304,34
6325,7/12/2024 6:00,12.883,61
6326,7/12/2024 6:15,13.076,92
6327,7/12/2024 6:30,13.173,125
6328,7/12/2024 6:45,12.883,168
6329,7/12/2024 7:00,12.401,224
6330,7/12/2024 7:15,12.497,288
6331,7/12/2024 7:30,12.69,384
6332,7/12/2024 7:45,12.69,464
6333,7/12/2024 8:00,12.883,480
6334,7/12/2024 8:15,12.98,768
6335,7/12/2024 8:30,12.98,672
6336,7/12/2024 8:45,13.173,1152
6337,7/12/2024 9:00,13.269,1664
6338,7/12/2024 9:15,13.269,1728
6339,7/12/2024 9:30,13.365,2432
6340,7/12/2024 9:45,13.461,1920
6341,7/12/2024 10:00,13.461,2816
6342,7/12/2024 10:15,13.461,2048
6343,7/12/2024 10:30,13.461,2432
6344,7/12/2024 10:45,13.654,2048
6345,7/12/2024 11:00,14.613,10752
6346,7/12/2024 11:15,14.804,6400
6347,7/12/2024 11:30,14.996,5632
6348,7/12/2024 11:45,14.996,5120
6349,7/12/2024 12:00,15.378,5376
6350,7/12/2024 12:15,15.569,3328
6351,7/12/2024 12:30,15.664,3456
6352,7/12/2024 12:45,14.996,1728
6353,7/12/2024 13:00,13.461,1216
6354,7/12/2024 13:15,13.461,3456
6355,7/12/2024 13:30,12.883,2432
6356,7/12/2024 13:45,11.722,3840
6357,7/12/2024 14:00,11.139,1344
6358,7/12/2024 14:15,10.259,768
6359,7/12/2024 14:30,10.063,512
6360,7/12/2024 14:45,9.965,512
6361,7/12/2024 15:00,10.161,800
6362,7/12/2024 15:15,10.161,512
6363,7/12/2024 15:30,10.748,608
6364,7/12/2024 15:45,10.553,1536
6365,7/12/2024 16:00,11.916,864
6366,7/12/2024 16:15,13.269,1088
6367,7/12/2024 16:30,13.365,1152
6368,7/12/2024 16:45,12.787,1152
6369,7/12/2024 17:00,12.013,1088
6370,7/12/2024 17:15,11.528,960
6371,7/12/2024 17:30,11.139,672
6372,7/12/2024 17:45,11.722,216
6373,7/12/2024 18:00,12.304,192
6374,7/12/2024 18:15,12.787,464
6375,7/12/2024 18:30,13.173,384
6376,7/12/2024 18:45,13.173,272
6377,7/12/2024 19:00,13.269,200
6378,7/12/2024 19:15,13.558,113
6379,7/12/2024 19:30,13.558,82
6380,7/12/2024 19:45,13.558,56
6381,7/12/2024 20:00,13.461,26
6382,7/12/2024 20:15,13.365,12
6383,7/12/2024 20:30,13.269,2
6384,7/12/2024 20:45,13.269,0
6385,7/12/2024 21:00,13.173,0
6386,7/12/2024 21:15,13.076,0
6387,7/12/2024 21:30,12.98,0
6388,7/12/2024 21:45,12.883,0
6389,7/12/2024 22:00,12.69,0
6390,7/12/2024 22:15,12.594,0
6391,7/12/2024 22:30,12.497,0
6392,7/12/2024 22:45,12.401,0
6393,7/12/2024 23:00,12.401,0
6394,7/12/2024 23:15,12.401,0
6395,7/12/2024 23:30,12.497,0
6396,7/12/2024 23:45,13.654,0
6397,7/13/2024 0:00,14.421,0
6398,7/13/2024 0:15,13.461,0
6399,7/13/2024 0:30,13.461,0
6400,7/13/2024 0:45,12.594,0
6401,7/13/2024 1:00,13.269,0
6402,7/13/2024 1:15,14.9,0
6403,7/13/2024 1:30,15.187,0
6404,7/13/2024 1:45,15.282,0
6405,7/13/2024 2:00,12.304,0
6406,7/13/2024 2:15,11.528,0
6407,7/13/2024 2:30,10.455,0
6408,7/13/2024 2:45,9.472,0
6409,7/13/2024 3:00,9.472,0
6410,7/13/2024 3:15,9.768,0
6411,7/13/2024 3:30,9.275,0
6412,7/13/2024 3:45,9.965,0
6413,7/13/2024 4:00,12.304,0
6414,7/13/2024 4:15,12.594,0
6415,7/13/2024 4:30,9.669,0
6416,7/13/2024 4:45,9.571,0
6417,7/13/2024 5:00,9.275,0
6418,7/13/2024 5:15,9.275,1
6419,7/13/2024 5:30,9.472,9
6420,7/13/2024 5:45,9.472,12
6421,7/13/2024 6:00,11.528,18
6422,7/13/2024 6:15,11.916,32
6423,7/13/2024 6:30,12.207,52
6424,7/13/2024 6:45,12.497,72
6425,7/13/2024 7:00,12.69,111
6426,7/13/2024 7:15,12.98,152
6427,7/13/2024 7:30,13.269,125
6428,7/13/2024 7:45,13.558,200
6429,7/13/2024 8:00,13.558,200
6430,7/13/2024 8:15,13.654,304
6431,7/13/2024 8:30,13.75,480
6432,7/13/2024 8:45,13.942,800
6433,7/13/2024 9:00,13.942,800
6434,7/13/2024 9:15,13.846,448
6435,7/13/2024 9:30,13.75,304
6436,7/13/2024 9:45,13.846,336
6437,7/13/2024 10:00,14.038,960
6438,7/13/2024 10:15,14.038,864
6439,7/13/2024 10:30,14.038,992
6440,7/13/2024 10:45,13.942,800
6441,7/13/2024 11:00,13.846,608
6442,7/13/2024 11:15,13.846,576
6443,7/13/2024 11:30,13.654,368
6444,7/13/2024 11:45,13.654,480
6445,7/13/2024 12:00,13.558,768
6446,7/13/2024 12:15,13.942,1792
6447,7/13/2024 12:30,13.75,1728
6448,7/13/2024 12:45,13.846,1856
6449,7/13/2024 13:00,13.942,1536
6450,7/13/2024 13:15,14.517,12288
6451,7/13/2024 13:30,14.709,2304
6452,7/13/2024 13:45,14.709,1920
6453,7/13/2024 14:00,14.23,1088
6454,7/13/2024 14:15,14.134,1536
6455,7/13/2024 14:30,13.846,3712
6456,7/13/2024 14:45,13.942,1920
6457,7/13/2024 15:00,13.558,768
6458,7/13/2024 15:15,12.98,2304
6459,7/13/2024 15:30,11.431,2304
6460,7/13/2024 15:45,11.041,2176
6461,7/13/2024 16:00,10.846,1408
6462,7/13/2024 16:15,10.455,1408
6463,7/13/2024 16:30,10.161,992
6464,7/13/2024 16:45,10.161,1024
6465,7/13/2024 17:00,9.866,864
6466,7/13/2024 17:15,9.571,800
6467,7/13/2024 17:30,9.373,576
6468,7/13/2024 17:45,9.373,496
6469,7/13/2024 18:00,9.275,480
6470,7/13/2024 18:15,9.373,416
6471,7/13/2024 18:30,9.373,288
6472,7/13/2024 18:45,9.472,208
6473,7/13/2024 19:00,9.965,144
6474,7/13/2024 19:15,11.139,101
6475,7/13/2024 19:30,11.916,74
6476,7/13/2024 19:45,12.883,61
6477,7/13/2024 20:00,12.98,30
6478,7/13/2024 20:15,13.269,9
6479,7/13/2024 20:30,13.269,0
6480,7/13/2024 20:45,13.269,0
6481,7/13/2024 21:00,13.365,0
6482,7/13/2024 21:15,13.365,0
6483,7/13/2024 21:30,13.269,0
6484,7/13/2024 21:45,13.173,0
6485,7/13/2024 22:00,12.98,0
6486,7/13/2024 22:15,12.98,0
6487,7/13/2024 22:30,12.98,0
6488,7/13/2024 22:45,12.98,0
6489,7/13/2024 23:00,12.883,0
6490,7/13/2024 23:15,12.883,0
6491,7/13/2024 23:30,12.787,0
6492,7/13/2024 23:45,12.69,0
6493,7/14/2024 0:00,12.69,0
6494,7/14/2024 0:15,12.69,0
6495,7/14/2024 0:30,12.497,0
6496,7/14/2024 0:45,12.98,0
6497,7/14/2024 1:00,13.269,0
6498,7/14/2024 1:15,13.076,0
6499,7/14/2024 1:30,12.304,0
6500,7/14/2024 1:45,12.207,0
6501,7/14/2024 2:00,12.304,0
6502,7/14/2024 2:15,12.11,0
6503,7/14/2024 2:30,10.357,0
6504,7/14/2024 2:45,9.965,0
6505,7/14/2024 3:00,9.472,0
6506,7/14/2024 3:15,9.275,0
6507,7/14/2024 3:30,9.275,0
6508,7/14/2024 3:45,12.013,0
6509,7/14/2024 4:00,12.497,0
6510,7/14/2024 4:15,12.401,0
6511,7/14/2024 4:30,12.11,0
6512,7/14/2024 4:45,12.594,0
6513,7/14/2024 5:00,12.594,0
6514,7/14/2024 5:15,12.69,2
6515,7/14/2024 5:30,11.916,14
6516,7/14/2024 5:45,11.139,35
6517,7/14/2024 6:00,10.846,62
6518,7/14/2024 6:15,10.455,96
6519,7/14/2024 6:30,10.161,128
6520,7/14/2024 6:45,10.553,168
6521,7/14/2024 7:00,11.041,216
6522,7/14/2024 7:15,11.236,272
6523,7/14/2024 7:30,11.334,304
6524,7/14/2024 7:45,11.722,400
6525,7/14/2024 8:00,11.722,496
6526,7/14/2024 8:15,11.916,576
6527,7/14/2024 8:30,12.207,704
6528,7/14/2024 8:45,12.497,768
6529,7/14/2024 9:00,12.69,992
6530,7/14/2024 9:15,13.076,1536
6531,7/14/2024 9:30,13.365,1600
6532,7/14/2024 9:45,14.134,1664
6533,7/14/2024 10:00,14.134,1984
6534,7/14/2024 10:15,13.654,2304
6535,7/14/2024 10:30,13.654,2304
6536,7/14/2024 10:45,13.846,3200
6537,7/14/2024 11:00,14.134,3072
6538,7/14/2024 11:15,14.325,4352
6539,7/14/2024 11:30,14.421,4352
6540,7/14/2024 11:45,14.709,4864
6541,7/14/2024 12:00,14.9,2560
6542,7/14/2024 12:15,15.187,3200
6543,7/14/2024 12:30,15.282,3200
6544,7/14/2024 12:45,15.569,3840
6545,7/14/2024 13:00,15.569,2688
6546,7/14/2024 13:15,15.473,3840
6547,7/14/2024 13:30,15.473,2816
6548,7/14/2024 13:45,15.473,3840
6549,7/14/2024 14:00,15.473,2944
6550,7/14/2024 14:15,15.378,2304
6551,7/14/2024 14:30,15.378,2176
6552,7/14/2024 14:45,15.282,1984
6553,7/14/2024 15:00,15.282,2304
6554,7/14/2024 15:15,15.378,1792
6555,7/14/2024 15:30,15.378,1408
6556,7/14/2024 15:45,15.282,1600
6557,7/14/2024 16:00,15.091,1344
6558,7/14/2024 16:15,13.846,1152
6559,7/14/2024 16:30,12.497,992
6560,7/14/2024 16:45,12.401,960
6561,7/14/2024 17:00,12.497,672
6562,7/14/2024 17:15,11.431,672
6563,7/14/2024 17:30,11.041,576
6564,7/14/2024 17:45,10.944,480
6565,7/14/2024 18:00,10.944,400
6566,7/14/2024 18:15,10.944,320
6567,7/14/2024 18:30,10.651,256
6568,7/14/2024 18:45,10.455,208
6569,7/14/2024 19:00,9.965,152
6570,7/14/2024 19:15,9.571,122
6571,7/14/2024 19:30,9.571,88
6572,7/14/2024 19:45,9.768,51
6573,7/14/2024 20:00,9.866,25
6574,7/14/2024 20:15,10.748,7
6575,7/14/2024 20:30,10.259,0
6576,7/14/2024 20:45,10.161,0
6577,7/14/2024 21:00,10.063,0
6578,7/14/2024 21:15,10.063,0
6579,7/14/2024 21:30,10.455,0
6580,7/14/2024 21:45,12.013,0
6581,7/14/2024 22:00,13.173,0
6582,7/14/2024 22:15,13.269,0
6583,7/14/2024 22:30,12.497,0
6584,7/14/2024 22:45,12.401,0
6585,7/14/2024 23:00,12.497,0
6586,7/14/2024 23:15,12.594,0
6587,7/14/2024 23:30,12.787,0
6588,7/14/2024 23:45,13.076,0
6589,7/15/2024 0:00,13.558,0
6590,7/15/2024 0:15,13.461,0
6591,7/15/2024 0:30,13.75,0
6592,7/15/2024 0:45,14.709,0
6593,7/15/2024 1:00,14.421,0
6594,7/15/2024 1:15,14.421,0
6595,7/15/2024 1:30,13.846,0
6596,7/15/2024 1:45,10.553,0
6597,7/15/2024 2:00,10.161,0
6598,7/15/2024 2:15,10.161,0
6599,7/15/2024 2:30,13.461,0
6600,7/15/2024 2:45,15.282,0
6601,7/15/2024 3:00,15.473,0
6602,7/15/2024 3:15,15.091,0
6603,7/15/2024 3:30,14.517,0
6604,7/15/2024 3:45,14.613,0
6605,7/15/2024 4:00,14.23,0
6606,7/15/2024 4:15,14.134,0
6607,7/15/2024 4:30,14.134,0
6608,7/15/2024 4:45,14.517,0
6609,7/15/2024 5:00,14.709,0
6610,7/15/2024 5:15,14.709,1
6611,7/15/2024 5:30,14.613,9
6612,7/15/2024 5:45,11.722,31
6613,7/15/2024 6:00,10.651,58
6614,7/15/2024 6:15,10.161,92
6615,7/15/2024 6:30,10.259,92
6616,7/15/2024 6:45,10.455,160
6617,7/15/2024 7:00,10.357,152
6618,7/15/2024 7:15,10.553,368
6619,7/15/2024 7:30,10.455,288
6620,7/15/2024 7:45,12.883,128
6621,7/15/2024 8:00,13.461,115
6622,7/15/2024 8:15,13.654,160
6623,7/15/2024 8:30,14.517,224
6624,7/15/2024 8:45,14.804,448
6625,7/15/2024 9:00,15.187,480
6626,7/15/2024 9:15,15.282,704
6627,7/15/2024 9:30,15.282,768
6628,7/15/2024 9:45,14.996,768
6629,7/15/2024 10:00,15.091,1536
6630,7/15/2024 10:15,14.996,2176
6631,7/15/2024 10:30,15.091,1984
6632,7/15/2024 10:45,14.996,2048
6633,7/15/2024 11:00,14.996,2560
6634,7/15/2024 11:15,15.091,2944
6635,7/15/2024 11:30,15.091,2176
6636,7/15/2024 11:45,15.091,2944
6637,7/15/2024 12:00,15.091,3840
6638,7/15/2024 12:15,15.187,5120
6639,7/15/2024 12:30,14.709,1984
6640,7/15/2024 12:45,14.709,2048
6641,7/15/2024 13:00,15.091,2048
6642,7/15/2024 13:15,15.091,4608
6643,7/15/2024 13:30,15.378,4096
6644,7/15/2024 13:45,14.996,896
6645,7/15/2024 14:00,15.855,4352
6646,7/15/2024 14:15,16.237,4608
6647,7/15/2024 14:30,15.378,352
6648,7/15/2024 14:45,16.427,304
6649,7/15/2024 15:00,16.523,704
6650,7/15/2024 15:15,17.189,2432
6651,7/15/2024 15:30,17.094,2560
6652,7/15/2024 15:45,16.903,1984
6653,7/15/2024 16:00,16.618,1920
6654,7/15/2024 16:15,16.141,576
6655,7/15/2024 16:30,15.951,416
6656,7/15/2024 16:45,15.855,448
6657,7/15/2024 17:00,15.76,320
6658,7/15/2024 17:15,15.76,336
6659,7/15/2024 17:30,15.473,192
6660,7/15/2024 17:45,14.613,240
6661,7/15/2024 18:00,13.269,432
6662,7/15/2024 18:15,14.23,288
6663,7/15/2024 18:30,11.041,168
6664,7/15/2024 18:45,10.651,304
6665,7/15/2024 19:00,10.259,184
6666,7/15/2024 19:15,10.063,144
6667,7/15/2024 19:30,10.063,101
6668,7/15/2024 19:45,10.063,51
6669,7/15/2024 20:00,10.063,16
6670,7/15/2024 20:15,11.334,2
6671,7/15/2024 20:30,12.401,0
6672,7/15/2024 20:45,11.139,0
6673,7/15/2024 21:00,12.304,0
6674,7/15/2024 21:15,13.75,0
6675,7/15/2024 21:30,14.613,0
6676,7/15/2024 21:45,14.9,0
6677,7/15/2024 22:00,15.282,0
6678,7/15/2024 22:15,15.473,0
6679,7/15/2024 22:30,14.996,0
6680,7/15/2024 22:45,14.9,0
6681,7/15/2024 23:00,14.804,0
6682,7/15/2024 23:15,14.517,0
6683,7/15/2024 23:30,14.325,0
6684,7/15/2024 23:45,14.23,0
6685,7/16/2024 0:00,13.558,0
6686,7/16/2024 0:15,13.365,0
6687,7/16/2024 0:30,13.269,0
6688,7/16/2024 0:45,13.269,0
6689,7/16/2024 1:00,13.269,0
6690,7/16/2024 1:15,13.461,0
6691,7/16/2024 1:30,13.461,0
6692,7/16/2024 1:45,13.558,0
6693,7/16/2024 2:00,14.325,0
6694,7/16/2024 2:15,14.709,0
6695,7/16/2024 2:30,13.654,0
6696,7/16/2024 2:45,12.69,0
6697,7/16/2024 3:00,12.98,0
6698,7/16/2024 3:15,12.207,0
6699,7/16/2024 3:30,12.98,0
6700,7/16/2024 3:45,14.709,0
6701,7/16/2024 4:00,15.091,0
6702,7/16/2024 4:15,15.282,0
6703,7/16/2024 4:30,14.996,0
6704,7/16/2024 4:45,14.23,0
6705,7/16/2024 5:00,14.134,0
6706,7/16/2024 5:15,13.173,2
6707,7/16/2024 5:30,12.98,13
6708,7/16/2024 5:45,11.916,30
6709,7/16/2024 6:00,10.846,48
6710,7/16/2024 6:15,10.651,78
6711,7/16/2024 6:30,10.357,116
6712,7/16/2024 6:45,10.063,192
6713,7/16/2024 7:00,10.063,224
6714,7/16/2024 7:15,10.063,216
6715,7/16/2024 7:30,10.063,368
6716,7/16/2024 7:45,11.236,272
6717,7/16/2024 8:00,10.944,288
6718,7/16/2024 8:15,10.846,368
6719,7/16/2024 8:30,13.558,480
6720,7/16/2024 8:45,14.038,512
6721,7/16/2024 9:00,14.421,672
6722,7/16/2024 9:15,14.804,992
6723,7/16/2024 9:30,15.282,992
6724,7/16/2024 9:45,15.569,896
6725,7/16/2024 10:00,15.664,1664
6726,7/16/2024 10:15,15.76,2176
6727,7/16/2024 10:30,15.951,2816
6728,7/16/2024 10:45,16.046,1792
6729,7/16/2024 11:00,16.141,3072
6730,7/16/2024 11:15,16.237,3328
6731,7/16/2024 11:30,16.332,4096
6732,7/16/2024 11:45,16.332,3456
6733,7/16/2024 12:00,16.332,2944
6734,7/16/2024 12:15,16.332,1792
6735,7/16/2024 12:30,16.237,3328
6736,7/16/2024 12:45,16.332,2816
6737,7/16/2024 13:00,15.951,3456
6738,7/16/2024 13:15,15.855,3328
6739,7/16/2024 13:30,15.951,2176
6740,7/16/2024 13:45,15.76,2560
6741,7/16/2024 14:00,16.141,4352
6742,7/16/2024 14:15,17.284,3456
6743,7/16/2024 14:30,17.284,3968
6744,7/16/2024 14:45,17.094,3840
6745,7/16/2024 15:00,17.094,2176
6746,7/16/2024 15:15,16.999,2304
6747,7/16/2024 15:30,17.189,1984
6748,7/16/2024 15:45,17.665,2176
6749,7/16/2024 16:00,17.76,1856
6750,7/16/2024 16:15,17.76,1280
6751,7/16/2024 16:30,17.76,1216
6752,7/16/2024 16:45,17.76,960
6753,7/16/2024 17:00,16.523,864
6754,7/16/2024 17:15,14.9,608
6755,7/16/2024 17:30,14.613,608
6756,7/16/2024 17:45,13.654,496
6757,7/16/2024 18:00,13.461,384
6758,7/16/2024 18:15,12.304,272
6759,7/16/2024 18:30,11.722,176
6760,7/16/2024 18:45,10.748,128
6761,7/16/2024 19:00,10.357,102
6762,7/16/2024 19:15,10.357,75
6763,7/16/2024 19:30,10.259,39
6764,7/16/2024 19:45,10.161,25
6765,7/16/2024 20:00,10.161,8
6766,7/16/2024 20:15,10.259,0
6767,7/16/2024 20:30,10.553,0
6768,7/16/2024 20:45,11.236,0
6769,7/16/2024 21:00,12.11,0
6770,7/16/2024 21:15,13.173,0
6771,7/16/2024 21:30,13.846,0
6772,7/16/2024 21:45,14.613,0
6773,7/16/2024 22:00,15.282,0
6774,7/16/2024 22:15,15.091,0
6775,7/16/2024 22:30,15.282,0
6776,7/16/2024 22:45,15.282,0
6777,7/16/2024 23:00,15.569,0
6778,7/16/2024 23:15,15.569,0
6779,7/16/2024 23:30,15.855,0
6780,7/16/2024 23:45,15.951,0
6781,7/17/2024 0:00,16.046,0
6782,7/17/2024 0:15,15.951,0
6783,7/17/2024 0:30,15.855,0
6784,7/17/2024 0:45,15.76,0
6785,7/17/2024 1:00,15.76,0
6786,7/17/2024 1:15,15.664,0
6787,7/17/2024 1:30,15.664,0
6788,7/17/2024 1:45,15.664,0
6789,7/17/2024 2:00,15.855,0
6790,7/17/2024 2:15,16.046,0
6791,7/17/2024 2:30,16.046,0
6792,7/17/2024 2:45,16.046,0
6793,7/17/2024 3:00,16.046,0
6794,7/17/2024 3:15,16.046,0
6795,7/17/2024 3:30,16.046,0
6796,7/17/2024 3:45,16.046,0
6797,7/17/2024 4:00,16.332,0
6798,7/17/2024 4:15,17.189,0
6799,7/17/2024 4:30,16.713,0
6800,7/17/2024 4:45,16.523,0
6801,7/17/2024 5:00,16.523,0
6802,7/17/2024 5:15,16.141,4
6803,7/17/2024 5:30,15.951,16
6804,7/17/2024 5:45,15.76,46
6805,7/17/2024 6:00,15.76,73
6806,7/17/2024 6:15,15.473,79
6807,7/17/2024 6:30,15.282,105
6808,7/17/2024 6:45,15.473,144
6809,7/17/2024 7:00,15.569,168
6810,7/17/2024 7:15,15.569,192
6811,7/17/2024 7:30,15.569,240
6812,7/17/2024 7:45,15.76,272
6813,7/17/2024 8:00,15.855,288
6814,7/17/2024 8:15,15.951,336
6815,7/17/2024 8:30,16.046,464
6816,7/17/2024 8:45,16.141,480
6817,7/17/2024 9:00,16.332,576
6818,7/17/2024 9:15,16.427,672
6819,7/17/2024 9:30,16.618,960
6820,7/17/2024 9:45,16.618,608
6821,7/17/2024 10:00,16.713,704
6822,7/17/2024 10:15,16.808,608
6823,7/17/2024 10:30,16.808,1728
6824,7/17/2024 10:45,16.999,1792
6825,7/17/2024 11:00,16.999,1216
6826,7/17/2024 11:15,17.189,2560
6827,7/17/2024 11:30,17.189,2816
6828,7/17/2024 11:45,17.284,2304
6829,7/17/2024 12:00,17.379,2304
6830,7/17/2024 12:15,17.475,2432
6831,7/17/2024 12:30,17.57,3456
6832,7/17/2024 12:45,17.665,3840
6833,7/17/2024 13:00,16.523,4096
6834,7/17/2024 13:15,16.046,2688
6835,7/17/2024 13:30,16.713,3584
6836,7/17/2024 13:45,16.237,1152
6837,7/17/2024 14:00,16.332,1536
6838,7/17/2024 14:15,16.427,1280
6839,7/17/2024 14:30,16.523,3456
6840,7/17/2024 14:45,16.427,3456
6841,7/17/2024 15:00,15.951,1536
6842,7/17/2024 15:15,15.855,2304
6843,7/17/2024 15:30,15.951,2688
6844,7/17/2024 15:45,15.664,2560
6845,7/17/2024 16:00,15.76,2304
6846,7/17/2024 16:15,15.569,1920
6847,7/17/2024 16:30,15.091,1728
6848,7/17/2024 16:45,14.709,1216
6849,7/17/2024 17:00,13.846,1152
6850,7/17/2024 17:15,13.269,992
6851,7/17/2024 17:30,12.207,960
6852,7/17/2024 17:45,11.041,608
6853,7/17/2024 18:00,10.357,304
6854,7/17/2024 18:15,9.965,168
6855,7/17/2024 18:30,9.866,152
6856,7/17/2024 18:45,9.571,78
6857,7/17/2024 19:00,9.768,25
6858,7/17/2024 19:15,9.571,41
6859,7/17/2024 19:30,9.571,46
6860,7/17/2024 19:45,9.472,14
6861,7/17/2024 20:00,9.373,2
6862,7/17/2024 20:15,9.275,0
6863,7/17/2024 20:30,9.275,0
6864,7/17/2024 20:45,9.275,0
6865,7/17/2024 21:00,9.373,0
6866,7/17/2024 21:15,9.275,0
6867,7/17/2024 21:30,9.275,0
6868,7/17/2024 21:45,9.472,0
6869,7/17/2024 22:00,11.139,0
6870,7/17/2024 22:15,11.334,0
6871,7/17/2024 22:30,11.236,0
6872,7/17/2024 22:45,15.569,0
6873,7/17/2024 23:00,15.951,0
6874,7/17/2024 23:15,15.76,0
6875,7/17/2024 23:30,15.76,0
6876,7/17/2024 23:45,15.855,0
6877,7/18/2024 0:00,15.951,0
6878,7/18/2024 0:15,15.951,0
6879,7/18/2024 0:30,15.951,0
6880,7/18/2024 0:45,14.804,0
6881,7/18/2024 1:00,13.942,0
6882,7/18/2024 1:15,13.846,0
6883,7/18/2024 1:30,14.134,0
6884,7/18/2024 1:45,14.23,0
6885,7/18/2024 2:00,14.709,0
6886,7/18/2024 2:15,14.996,0
6887,7/18/2024 2:30,15.091,0
6888,7/18/2024 2:45,15.091,0
6889,7/18/2024 3:00,15.091,0
6890,7/18/2024 3:15,15.187,0
6891,7/18/2024 3:30,15.76,0
6892,7/18/2024 3:45,16.141,0
6893,7/18/2024 4:00,16.237,0
6894,7/18/2024 4:15,16.332,0
6895,7/18/2024 4:30,16.427,0
6896,7/18/2024 4:45,16.523,0
6897,7/18/2024 5:00,15.951,0
6898,7/18/2024 5:15,15.855,0
6899,7/18/2024 5:30,15.855,5
6900,7/18/2024 5:45,15.951,26
6901,7/18/2024 6:00,15.855,45
6902,7/18/2024 6:15,15.76,43
6903,7/18/2024 6:30,15.76,45
6904,7/18/2024 6:45,15.76,21
6905,7/18/2024 7:00,15.664,35
6906,7/18/2024 7:15,15.473,86
6907,7/18/2024 7:30,12.69,192
6908,7/18/2024 7:45,12.11,256
6909,7/18/2024 8:00,11.528,672
6910,7/18/2024 8:15,10.944,464
6911,7/18/2024 8:30,10.846,496
6912,7/18/2024 8:45,11.041,480
6913,7/18/2024 9:00,12.207,800
6914,7/18/2024 9:15,12.594,1088
6915,7/18/2024 9:30,13.173,864
6916,7/18/2024 9:45,13.461,512
6917,7/18/2024 10:00,13.942,608
6918,7/18/2024 10:15,14.517,608
6919,7/18/2024 10:30,15.569,672
6920,7/18/2024 10:45,16.046,704
6921,7/18/2024 11:00,16.332,800
6922,7/18/2024 11:15,16.618,1024
6923,7/18/2024 11:30,16.903,896
6924,7/18/2024 11:45,17.475,2944
6925,7/18/2024 12:00,17.475,1024
6926,7/18/2024 12:15,17.475,1600
6927,7/18/2024 12:30,17.665,1536
6928,7/18/2024 12:45,17.57,1152
6929,7/18/2024 13:00,17.665,1344
6930,7/18/2024 13:15,17.665,1344
6931,7/18/2024 13:30,17.76,3200
6932,7/18/2024 13:45,17.665,2560
6933,7/18/2024 14:00,17.855,3072
6934,7/18/2024 14:15,17.855,3968
6935,7/18/2024 14:30,17.855,3584
6936,7/18/2024 14:45,17.76,3072
6937,7/18/2024 15:00,17.665,3200
6938,7/18/2024 15:15,17.57,3072
6939,7/18/2024 15:30,17.284,1216
6940,7/18/2024 15:45,16.903,896
6941,7/18/2024 16:00,16.808,704
6942,7/18/2024 16:15,17.094,2688
6943,7/18/2024 16:30,16.903,704
6944,7/18/2024 16:45,16.808,480
6945,7/18/2024 17:00,16.999,1536
6946,7/18/2024 17:15,16.903,1088
6947,7/18/2024 17:30,16.808,576
6948,7/18/2024 17:45,16.141,256
6949,7/18/2024 18:00,16.046,416
6950,7/18/2024 18:15,15.282,368
6951,7/18/2024 18:30,15.378,304
6952,7/18/2024 18:45,13.461,248
6953,7/18/2024 19:00,12.497,152
6954,7/18/2024 19:15,15.473,122
6955,7/18/2024 19:30,12.207,82
6956,7/18/2024 19:45,12.013,43
6957,7/18/2024 20:00,11.528,13
6958,7/18/2024 20:15,11.625,4
6959,7/18/2024 20:30,11.139,0
6960,7/18/2024 20:45,11.139,0
6961,7/18/2024 21:00,10.063,0
6962,7/18/2024 21:15,10.063,0
6963,7/18/2024 21:30,9.965,0
6964,7/18/2024 21:45,9.965,0
6965,7/18/2024 22:00,10.748,0
6966,7/18/2024 22:15,11.139,0
6967,7/18/2024 22:30,12.11,0
6968,7/18/2024 22:45,13.173,0
6969,7/18/2024 23:00,14.038,0
6970,7/18/2024 23:15,14.804,0
6971,7/18/2024 23:30,15.378,0
6972,7/18/2024 23:45,16.046,0
6973,7/19/2024 0:00,16.523,0
6974,7/19/2024 0:15,16.903,0
6975,7/19/2024 0:30,17.094,0
6976,7/19/2024 0:45,17.189,0
6977,7/19/2024 1:00,17.379,0
6978,7/19/2024 1:15,17.57,0
6979,7/19/2024 1:30,17.57,0
6980,7/19/2024 1:45,17.284,0
6981,7/19/2024 2:00,16.237,0
6982,7/19/2024 2:15,16.046,0
6983,7/19/2024 2:30,16.141,0
6984,7/19/2024 2:45,16.141,0
6985,7/19/2024 3:00,16.237,0
6986,7/19/2024 3:15,16.141,0
6987,7/19/2024 3:30,16.237,0
6988,7/19/2024 3:45,16.332,0
6989,7/19/2024 4:00,16.427,0
6990,7/19/2024 4:15,16.523,0
6991,7/19/2024 4:30,16.618,0
6992,7/19/2024 4:45,16.808,0
6993,7/19/2024 5:00,16.808,0
6994,7/19/2024 5:15,16.808,3
6995,7/19/2024 5:30,16.808,18
6996,7/19/2024 5:45,16.903,49
6997,7/19/2024 6:00,16.808,77
6998,7/19/2024 6:15,16.808,128
6999,7/19/2024 6:30,16.808,160
7000,7/19/2024 6:45,16.808,200
7001,7/19/2024 7:00,16.808,240
7002,7/19/2024 7:15,16.903,288
7003,7/19/2024 7:30,16.903,336
7004,7/19/2024 7:45,16.237,352
7005,7/19/2024 8:00,15.378,416
7006,7/19/2024 8:15,15.378,448
7007,7/19/2024 8:30,15.378,480
7008,7/19/2024 8:45,15.569,432
7009,7/19/2024 9:00,16.237,672
7010,7/19/2024 9:15,16.427,864
7011,7/19/2024 9:30,16.618,800
7012,7/19/2024 9:45,16.618,864
7013,7/19/2024 10:00,16.713,992
7014,7/19/2024 10:15,16.427,1216
7015,7/19/2024 10:30,15.569,1280
7016,7/19/2024 10:45,15.76,1344
7017,7/19/2024 11:00,16.141,1536
7018,7/19/2024 11:15,16.332,1600
7019,7/19/2024 11:30,16.427,1664
7020,7/19/2024 11:45,16.618,1728
7021,7/19/2024 12:00,16.808,1984
7022,7/19/2024 12:15,16.999,1920
7023,7/19/2024 12:30,17.284,2048
7024,7/19/2024 12:45,17.475,2176
7025,7/19/2024 13:00,17.57,2432
7026,7/19/2024 13:15,17.76,2816
7027,7/19/2024 13:30,17.855,2560
7028,7/19/2024 13:45,17.855,2560
7029,7/19/2024 14:00,18.045,3456
7030,7/19/2024 14:15,18.045,3456
7031,7/19/2024 14:30,18.14,3072
7032,7/19/2024 14:45,18.236,2688
7033,7/19/2024 15:00,18.331,2944
7034,7/19/2024 15:15,18.236,2816
7035,7/19/2024 15:30,18.045,1664
7036,7/19/2024 15:45,18.045,2944
7037,7/19/2024 16:00,17.95,1664
7038,7/19/2024 16:15,17.95,1408
7039,7/19/2024 16:30,17.95,1344
7040,7/19/2024 16:45,18.045,1280
7041,7/19/2024 17:00,18.426,992
7042,7/19/2024 17:15,18.521,800
7043,7/19/2024 17:30,18.426,672
7044,7/19/2024 17:45,18.331,608
7045,7/19/2024 18:00,18.14,512
7046,7/19/2024 18:15,17.475,368
7047,7/19/2024 18:30,17.189,320
7048,7/19/2024 18:45,17.284,224
7049,7/19/2024 19:00,17.379,152
7050,7/19/2024 19:15,17.475,113
7051,7/19/2024 19:30,17.379,73
7052,7/19/2024 19:45,16.523,41
7053,7/19/2024 20:00,14.134,17
7054,7/19/2024 20:15,13.173,4
7055,7/19/2024 20:30,11.139,0
7056,7/19/2024 20:45,11.041,0
7057,7/19/2024 21:00,10.748,0
7058,7/19/2024 21:15,10.553,0
7059,7/19/2024 21:30,10.161,0
7060,7/19/2024 21:45,9.965,0
7061,7/19/2024 22:00,10.063,0
7062,7/19/2024 22:15,10.063,0
7063,7/19/2024 22:30,10.651,0
7064,7/19/2024 22:45,11.916,0
7065,7/19/2024 23:00,12.69,0
7066,7/19/2024 23:15,14.9,0
7067,7/19/2024 23:30,15.76,0
7068,7/19/2024 23:45,15.76,0
7069,7/20/2024 0:00,15.951,0
7070,7/20/2024 0:15,16.237,0
7071,7/20/2024 0:30,16.427,0
7072,7/20/2024 0:45,16.523,0
7073,7/20/2024 1:00,16.618,0
7074,7/20/2024 1:15,16.713,0
7075,7/20/2024 1:30,16.808,0
7076,7/20/2024 1:45,16.808,0
7077,7/20/2024 2:00,16.903,0
7078,7/20/2024 2:15,16.903,0
7079,7/20/2024 2:30,16.903,0
7080,7/20/2024 2:45,16.903,0
7081,7/20/2024 3:00,16.618,0
7082,7/20/2024 3:15,15.951,0
7083,7/20/2024 3:30,15.951,0
7084,7/20/2024 3:45,15.855,0
7085,7/20/2024 4:00,15.76,0
7086,7/20/2024 4:15,15.76,0
7087,7/20/2024 4:30,15.664,0
7088,7/20/2024 4:45,15.569,0
7089,7/20/2024 5:00,15.378,0
7090,7/20/2024 5:15,15.378,4
7091,7/20/2024 5:30,16.618,26
7092,7/20/2024 5:45,17.284,52
7093,7/20/2024 6:00,17.094,84
7094,7/20/2024 6:15,16.427,144
7095,7/20/2024 6:30,16.903,232
7096,7/20/2024 6:45,16.713,304
7097,7/20/2024 7:00,16.427,352
7098,7/20/2024 7:15,16.332,496
7099,7/20/2024 7:30,16.141,416
7100,7/20/2024 7:45,16.141,432
7101,7/20/2024 8:00,16.427,512
7102,7/20/2024 8:15,16.903,512
7103,7/20/2024 8:30,16.046,672
7104,7/20/2024 8:45,14.038,768
7105,7/20/2024 9:00,13.846,768
7106,7/20/2024 9:15,13.942,896
7107,7/20/2024 9:30,13.846,608
7108,7/20/2024 9:45,13.654,960
7109,7/20/2024 10:00,13.654,992
7110,7/20/2024 10:15,12.69,992
7111,7/20/2024 10:30,13.076,1088
7112,7/20/2024 10:45,13.75,1024
7113,7/20/2024 11:00,14.517,1344
7114,7/20/2024 11:15,14.613,1216
7115,7/20/2024 11:30,13.846,1280
7116,7/20/2024 11:45,13.846,480
7117,7/20/2024 12:00,16.141,576
7118,7/20/2024 12:15,16.523,864
7119,7/20/2024 12:30,16.808,1152
7120,7/20/2024 12:45,17.189,1152
7121,7/20/2024 13:00,17.189,1280
7122,7/20/2024 13:15,16.999,1344
7123,7/20/2024 13:30,16.999,1664
7124,7/20/2024 13:45,16.713,864
7125,7/20/2024 14:00,17.094,2176
7126,7/20/2024 14:15,17.094,2048
7127,7/20/2024 14:30,16.999,1536
7128,7/20/2024 14:45,17.284,1216
7129,7/20/2024 15:00,18.14,1920
7130,7/20/2024 15:15,18.14,1984
7131,7/20/2024 15:30,18.14,1536
7132,7/20/2024 15:45,17.95,1216
7133,7/20/2024 16:00,17.855,2048
7134,7/20/2024 16:15,17.475,1472
7135,7/20/2024 16:30,17.284,1536
7136,7/20/2024 16:45,17.094,1536
7137,7/20/2024 17:00,17.094,1600
7138,7/20/2024 17:15,16.999,1728
7139,7/20/2024 17:30,16.999,1280
7140,7/20/2024 17:45,17.094,1216
7141,7/20/2024 18:00,16.999,576
7142,7/20/2024 18:15,17.094,336
7143,7/20/2024 18:30,16.427,272
7144,7/20/2024 18:45,16.046,160
7145,7/20/2024 19:00,15.378,144
7146,7/20/2024 19:15,15.282,103
7147,7/20/2024 19:30,14.23,59
7148,7/20/2024 19:45,15.378,36
7149,7/20/2024 20:00,16.141,11
7150,7/20/2024 20:15,15.473,4
7151,7/20/2024 20:30,14.613,0
7152,7/20/2024 20:45,11.819,0
7153,7/20/2024 21:00,11.041,0
7154,7/20/2024 21:15,11.334,0
7155,7/20/2024 21:30,10.651,0
7156,7/20/2024 21:45,10.846,0
7157,7/20/2024 22:00,10.357,0
7158,7/20/2024 22:15,10.259,0
7159,7/20/2024 22:30,10.259,0
7160,7/20/2024 22:45,10.161,0
7161,7/20/2024 23:00,10.357,0
7162,7/20/2024 23:15,10.944,0
7163,7/20/2024 23:30,12.98,0
7164,7/20/2024 23:45,13.75,0
7165,7/21/2024 0:00,16.046,0
7166,7/21/2024 0:15,16.808,0
7167,7/21/2024 0:30,16.808,0
7168,7/21/2024 0:45,16.713,0
7169,7/21/2024 1:00,16.713,0
7170,7/21/2024 1:15,17.189,0
7171,7/21/2024 1:30,17.475,0
7172,7/21/2024 1:45,17.665,0
7173,7/21/2024 2:00,17.379,0
7174,7/21/2024 2:15,17.284,0
7175,7/21/2024 2:30,17.284,0
7176,7/21/2024 2:45,17.379,0
7177,7/21/2024 3:00,17.57,0
7178,7/21/2024 3:15,17.189,0
7179,7/21/2024 3:30,16.903,0
7180,7/21/2024 3:45,16.427,0
7181,7/21/2024 4:00,16.332,0
7182,7/21/2024 4:15,16.427,0
7183,7/21/2024 4:30,16.332,0
7184,7/21/2024 4:45,16.427,0
7185,7/21/2024 5:00,16.427,0
7186,7/21/2024 5:15,16.427,2
7187,7/21/2024 5:30,17.284,14
7188,7/21/2024 5:45,17.284,35
7189,7/21/2024 6:00,17.284,66
7190,7/21/2024 6:15,17.284,152
7191,7/21/2024 6:30,17.379,256
7192,7/21/2024 6:45,17.475,336
7193,7/21/2024 7:00,17.475,416
7194,7/21/2024 7:15,17.475,480
7195,7/21/2024 7:30,17.57,576
7196,7/21/2024 7:45,17.57,608
7197,7/21/2024 8:00,17.284,608
7198,7/21/2024 8:15,17.094,800
7199,7/21/2024 8:30,17.189,896
7200,7/21/2024 8:45,17.189,896
7201,7/21/2024 9:00,17.094,992
7202,7/21/2024 9:15,16.141,992
7203,7/21/2024 9:30,15.282,992
7204,7/21/2024 9:45,15.091,1152
7205,7/21/2024 10:00,15.282,1024
7206,7/21/2024 10:15,15.855,1088
7207,7/21/2024 10:30,15.091,1152
7208,7/21/2024 10:45,15.187,1152
7209,7/21/2024 11:00,14.996,1088
7210,7/21/2024 11:15,15.091,992
7211,7/21/2024 11:30,15.378,1216
7212,7/21/2024 11:45,15.473,1408
7213,7/21/2024 12:00,15.76,1536
7214,7/21/2024 12:15,15.951,480
7215,7/21/2024 12:30,16.332,960
7216,7/21/2024 12:45,16.523,1536
7217,7/21/2024 13:00,16.618,1472
7218,7/21/2024 13:15,16.332,576
7219,7/21/2024 13:30,16.523,1472
7220,7/21/2024 13:45,16.618,608
7221,7/21/2024 14:00,16.903,1600
7222,7/21/2024 14:15,16.903,448
7223,7/21/2024 14:30,17.284,1152
7224,7/21/2024 14:45,17.284,1344
7225,7/21/2024 15:00,16.523,1472
7226,7/21/2024 15:15,16.523,1472
7227,7/21/2024 15:30,16.332,512
7228,7/21/2024 15:45,16.523,1088
7229,7/21/2024 16:00,16.427,672
7230,7/21/2024 16:15,16.618,512
7231,7/21/2024 16:30,16.713,480
7232,7/21/2024 16:45,16.903,384
7233,7/21/2024 17:00,17.379,1152
7234,7/21/2024 17:15,17.475,992
7235,7/21/2024 17:30,17.475,1152
7236,7/21/2024 17:45,17.379,480
7237,7/21/2024 18:00,17.379,576
7238,7/21/2024 18:15,17.284,232
7239,7/21/2024 18:30,17.76,464
7240,7/21/2024 18:45,17.665,352
7241,7/21/2024 19:00,17.57,240
7242,7/21/2024 19:15,17.379,160
7243,7/21/2024 19:30,17.379,96
7244,7/21/2024 19:45,17.379,49
7245,7/21/2024 20:00,17.475,21
7246,7/21/2024 20:15,17.57,5
7247,7/21/2024 20:30,17.475,0
7248,7/21/2024 20:45,14.9,0
7249,7/21/2024 21:00,14.134,0
7250,7/21/2024 21:15,13.654,0
7251,7/21/2024 21:30,13.461,0
7252,7/21/2024 21:45,12.594,0
7253,7/21/2024 22:00,11.528,0
7254,7/21/2024 22:15,10.455,0
7255,7/21/2024 22:30,10.357,0
7256,7/21/2024 22:45,10.357,0
7257,7/21/2024 23:00,10.259,0
7258,7/21/2024 23:15,9.965,0
7259,7/21/2024 23:30,9.866,0
7260,7/21/2024 23:45,10.063,0
7261,7/22/2024 0:00,10.455,0
7262,7/22/2024 0:15,11.334,0
7263,7/22/2024 0:30,11.431,0
7264,7/22/2024 0:45,12.013,0
7265,7/22/2024 1:00,13.365,0
7266,7/22/2024 1:15,13.269,0
7267,7/22/2024 1:30,14.804,0
7268,7/22/2024 1:45,15.664,0
7269,7/22/2024 2:00,15.569,0
7270,7/22/2024 2:15,15.091,0
7271,7/22/2024 2:30,14.996,0
7272,7/22/2024 2:45,15.187,0
7273,7/22/2024 3:00,15.569,0
7274,7/22/2024 3:15,16.332,0
7275,7/22/2024 3:30,16.523,0
7276,7/22/2024 3:45,16.141,0
7277,7/22/2024 4:00,15.76,0
7278,7/22/2024 4:15,15.76,0
7279,7/22/2024 4:30,15.855,0
7280,7/22/2024 4:45,15.473,0
7281,7/22/2024 5:00,15.282,0
7282,7/22/2024 5:15,15.187,2
7283,7/22/2024 5:30,15.187,23
7284,7/22/2024 5:45,15.282,73
7285,7/22/2024 6:00,15.855,123
7286,7/22/2024 6:15,16.237,224
7287,7/22/2024 6:30,16.332,256
7288,7/22/2024 6:45,16.427,416
7289,7/22/2024 7:00,16.523,512
7290,7/22/2024 7:15,16.713,672
7291,7/22/2024 7:30,16.808,768
7292,7/22/2024 7:45,16.903,496
7293,7/22/2024 8:00,16.999,1024
7294,7/22/2024 8:15,16.808,1408
7295,7/22/2024 8:30,16.618,1152
7296,7/22/2024 8:45,16.618,1216
7297,7/22/2024 9:00,16.713,1344
7298,7/22/2024 9:15,16.618,1344
7299,7/22/2024 9:30,16.618,1472
7300,7/22/2024 9:45,16.046,1472
7301,7/22/2024 10:00,16.046,1408
7302,7/22/2024 10:15,15.76,1472
7303,7/22/2024 10:30,14.996,1408
7304,7/22/2024 10:45,14.517,1408
7305,7/22/2024 11:00,14.421,1344
7306,7/22/2024 11:15,14.709,1280
7307,7/22/2024 11:30,14.613,1152
7308,7/22/2024 11:45,14.421,896
7309,7/22/2024 12:00,14.421,1344
7310,7/22/2024 12:15,14.325,1472
7311,7/22/2024 12:30,14.038,704
7312,7/22/2024 12:45,14.038,864
7313,7/22/2024 13:00,14.325,1344
7314,7/22/2024 13:15,14.23,992
7315,7/22/2024 13:30,14.325,1280
7316,7/22/2024 13:45,14.613,1152
7317,7/22/2024 14:00,14.709,1152
7318,7/22/2024 14:15,14.9,1344
7319,7/22/2024 14:30,14.996,1152
7320,7/22/2024 14:45,14.996,672
7321,7/22/2024 15:00,15.187,1536
7322,7/22/2024 15:15,15.282,1344
7323,7/22/2024 15:30,15.378,1536
7324,7/22/2024 15:45,15.378,1344
7325,7/22/2024 16:00,15.282,1216
7326,7/22/2024 16:15,15.187,800
7327,7/22/2024 16:30,15.282,1344
7328,7/22/2024 16:45,15.187,800
7329,7/22/2024 17:00,15.187,800
7330,7/22/2024 17:15,15.091,704
7331,7/22/2024 17:30,15.091,704
7332,7/22/2024 17:45,14.996,576
7333,7/22/2024 18:00,14.996,480
7334,7/22/2024 18:15,14.996,416
7335,7/22/2024 18:30,14.9,336
7336,7/22/2024 18:45,15.187,240
7337,7/22/2024 19:00,16.046,176
7338,7/22/2024 19:15,15.76,136
7339,7/22/2024 19:30,16.713,103
7340,7/22/2024 19:45,15.473,52
7341,7/22/2024 20:00,15.378,18
7342,7/22/2024 20:15,15.664,2
7343,7/22/2024 20:30,15.855,0
7344,7/22/2024 20:45,15.569,0
7345,7/22/2024 21:00,15.664,0
7346,7/22/2024 21:15,15.569,0
7347,7/22/2024 21:30,15.569,0
7348,7/22/2024 21:45,12.401,0
7349,7/22/2024 22:00,12.207,0
7350,7/22/2024 22:15,12.594,0
7351,7/22/2024 22:30,10.944,0
7352,7/22/2024 22:45,10.553,0
7353,7/22/2024 23:00,10.553,0
7354,7/22/2024 23:15,10.357,0
7355,7/22/2024 23:30,10.259,0
7356,7/22/2024 23:45,10.553,0
7357,7/23/2024 0:00,12.207,0
7358,7/23/2024 0:15,11.528,0
7359,7/23/2024 0:30,10.063,0
7360,7/23/2024 0:45,10.063,0
7361,7/23/2024 1:00,10.357,0
7362,7/23/2024 1:15,10.161,0
7363,7/23/2024 1:30,11.041,0
7364,7/23/2024 1:45,12.207,0
7365,7/23/2024 2:00,12.883,0
7366,7/23/2024 2:15,13.75,0
7367,7/23/2024 2:30,14.613,0
7368,7/23/2024 2:45,14.804,0
7369,7/23/2024 3:00,13.942,0
7370,7/23/2024 3:15,14.134,0
7371,7/23/2024 3:30,14.517,0
7372,7/23/2024 3:45,14.709,0
7373,7/23/2024 4:00,14.9,0
7374,7/23/2024 4:15,14.9,0
7375,7/23/2024 4:30,14.421,0
7376,7/23/2024 4:45,14.517,0
7377,7/23/2024 5:00,14.613,0
7378,7/23/2024 5:15,14.709,0
7379,7/23/2024 5:30,14.9,2
7380,7/23/2024 5:45,14.804,12
7381,7/23/2024 6:00,14.421,36
7382,7/23/2024 6:15,14.421,90
7383,7/23/2024 6:30,14.421,93
7384,7/23/2024 6:45,14.517,160
7385,7/23/2024 7:00,14.613,224
7386,7/23/2024 7:15,14.9,384
7387,7/23/2024 7:30,14.996,400
7388,7/23/2024 7:45,15.76,704
7389,7/23/2024 8:00,15.855,576
7390,7/23/2024 8:15,15.951,512
7391,7/23/2024 8:30,15.855,464
7392,7/23/2024 8:45,15.951,400
7393,7/23/2024 9:00,16.046,672
7394,7/23/2024 9:15,16.046,480
7395,7/23/2024 9:30,16.141,608
7396,7/23/2024 9:45,15.569,512
7397,7/23/2024 10:00,15.378,576
7398,7/23/2024 10:15,14.709,672
7399,7/23/2024 10:30,14.517,992
7400,7/23/2024 10:45,13.846,960
7401,7/23/2024 11:00,13.558,1152
7402,7/23/2024 11:15,13.076,672
7403,7/23/2024 11:30,12.883,576
7404,7/23/2024 11:45,12.787,608
7405,7/23/2024 12:00,12.11,576
7406,7/23/2024 12:15,12.11,512
7407,7/23/2024 12:30,12.69,672
7408,7/23/2024 12:45,12.013,608
7409,7/23/2024 13:00,11.528,608
7410,7/23/2024 13:15,11.722,672
7411,7/23/2024 13:30,11.722,704
7412,7/23/2024 13:45,12.11,896
7413,7/23/2024 14:00,12.401,1024
7414,7/23/2024 14:15,12.594,576
7415,7/23/2024 14:30,13.654,1344
7416,7/23/2024 14:45,14.134,768
7417,7/23/2024 15:00,14.9,864
7418,7/23/2024 15:15,14.9,608
7419,7/23/2024 15:30,14.9,512
7420,7/23/2024 15:45,14.804,448
7421,7/23/2024 16:00,14.996,288
7422,7/23/2024 16:15,14.9,352
7423,7/23/2024 16:30,14.804,480
7424,7/23/2024 16:45,14.996,800
7425,7/23/2024 17:00,14.996,800
7426,7/23/2024 17:15,15.091,1216
7427,7/23/2024 17:30,15.091,608
7428,7/23/2024 17:45,14.421,448
7429,7/23/2024 18:00,14.325,480
7430,7/23/2024 18:15,14.23,336
7431,7/23/2024 18:30,14.134,288
7432,7/23/2024 18:45,14.23,232
7433,7/23/2024 19:00,14.517,200
7434,7/23/2024 19:15,15.664,152
7435,7/23/2024 19:30,15.569,77
7436,7/23/2024 19:45,15.473,42
7437,7/23/2024 20:00,15.569,22
7438,7/23/2024 20:15,15.473,3
7439,7/23/2024 20:30,15.378,0
7440,7/23/2024 20:45,15.187,0
7441,7/23/2024 21:00,15.187,0
7442,7/23/2024 21:15,15.282,0
7443,7/23/2024 21:30,15.378,0
7444,7/23/2024 21:45,15.282,0
7445,7/23/2024 22:00,15.282,0
7446,7/23/2024 22:15,13.461,0
7447,7/23/2024 22:30,12.304,0
7448,7/23/2024 22:45,12.69,0
7449,7/23/2024 23:00,12.304,0
7450,7/23/2024 23:15,11.528,0
7451,7/23/2024 23:30,11.334,0
7452,7/23/2024 23:45,10.944,0
7453,7/24/2024 0:00,10.748,0
7454,7/24/2024 0:15,10.651,0
7455,7/24/2024 0:30,10.553,0
7456,7/24/2024 0:45,10.553,0
7457,7/24/2024 1:00,10.455,0
7458,7/24/2024 1:15,10.259,0
7459,7/24/2024 1:30,10.357,0
7460,7/24/2024 1:45,10.357,0
7461,7/24/2024 2:00,10.357,0
7462,7/24/2024 2:15,10.455,0
7463,7/24/2024 2:30,10.553,0
7464,7/24/2024 2:45,10.748,0
7465,7/24/2024 3:00,13.173,0
7466,7/24/2024 3:15,13.846,0
7467,7/24/2024 3:30,14.23,0
7468,7/24/2024 3:45,14.421,0
7469,7/24/2024 4:00,14.804,0
7470,7/24/2024 4:15,15.091,0
7471,7/24/2024 4:30,15.187,0
7472,7/24/2024 4:45,15.282,0
7473,7/24/2024 5:00,15.378,0
7474,7/24/2024 5:15,15.378,0
7475,7/24/2024 5:30,14.804,5
7476,7/24/2024 5:45,14.325,10
7477,7/24/2024 6:00,14.134,28
7478,7/24/2024 6:15,14.134,62
7479,7/24/2024 6:30,14.23,144
7480,7/24/2024 6:45,14.325,288
7481,7/24/2024 7:00,14.23,352
7482,7/24/2024 7:15,14.23,672
7483,7/24/2024 7:30,14.23,608
7484,7/24/2024 7:45,14.325,864
7485,7/24/2024 8:00,14.613,960
7486,7/24/2024 8:15,14.804,864
7487,7/24/2024 8:30,14.804,800
7488,7/24/2024 8:45,14.709,608
7489,7/24/2024 9:00,14.804,896
7490,7/24/2024 9:15,14.9,800
7491,7/24/2024 9:30,14.996,1216
7492,7/24/2024 9:45,14.996,864
7493,7/24/2024 10:00,15.187,1088
7494,7/24/2024 10:15,15.282,768
7495,7/24/2024 10:30,14.23,704
7496,7/24/2024 10:45,13.654,480
7497,7/24/2024 11:00,13.654,480
7498,7/24/2024 11:15,13.461,480
7499,7/24/2024 11:30,13.269,352
7500,7/24/2024 11:45,13.269,272
7501,7/24/2024 12:00,13.173,304
7502,7/24/2024 12:15,12.98,448
7503,7/24/2024 12:30,12.497,496
7504,7/24/2024 12:45,11.916,576
7505,7/24/2024 13:00,11.334,512
7506,7/24/2024 13:15,11.139,432
7507,7/24/2024 13:30,11.139,320
7508,7/24/2024 13:45,11.334,400
7509,7/24/2024 14:00,11.528,480
7510,7/24/2024 14:15,11.528,416
7511,7/24/2024 14:30,11.431,480
7512,7/24/2024 14:45,11.528,352
7513,7/24/2024 15:00,11.819,480
7514,7/24/2024 15:15,11.722,416
7515,7/24/2024 15:30,11.722,224
7516,7/24/2024 15:45,11.722,304
7517,7/24/2024 16:00,11.722,184
7518,7/24/2024 16:15,11.819,304
7519,7/24/2024 16:30,11.722,352
7520,7/24/2024 16:45,11.819,320
7521,7/24/2024 17:00,11.722,208
7522,7/24/2024 17:15,11.722,168
7523,7/24/2024 17:30,11.722,110
7524,7/24/2024 17:45,11.819,144
7525,7/24/2024 18:00,11.819,136
7526,7/24/2024 18:15,11.916,110
7527,7/24/2024 18:30,11.916,58
7528,7/24/2024 18:45,12.11,107
7529,7/24/2024 19:00,12.207,192
7530,7/24/2024 19:15,12.401,248
7531,7/24/2024 19:30,12.787,128
7532,7/24/2024 19:45,13.365,41
7533,7/24/2024 20:00,13.558,4
7534,7/24/2024 20:15,13.75,0
7535,7/24/2024 20:30,13.846,0
7536,7/24/2024 20:45,13.846,0
7537,7/24/2024 21:00,13.365,0
7538,7/24/2024 21:15,14.038,0
7539,7/24/2024 21:30,14.23,0
7540,7/24/2024 21:45,13.654,0
7541,7/24/2024 22:00,12.69,0
7542,7/24/2024 22:15,12.013,0
7543,7/24/2024 22:30,11.625,0
7544,7/24/2024 22:45,12.304,0
7545,7/24/2024 23:00,13.654,0
7546,7/24/2024 23:15,13.654,0
7547,7/24/2024 23:30,12.98,0
7548,7/24/2024 23:45,12.69,0
7549,7/25/2024 0:00,13.076,0
7550,7/25/2024 0:15,13.173,0
7551,7/25/2024 0:30,13.269,0
7552,7/25/2024 0:45,13.269,0
7553,7/25/2024 1:00,13.269,0
7554,7/25/2024 1:15,13.269,0
7555,7/25/2024 1:30,13.461,0
7556,7/25/2024 1:45,13.75,0
7557,7/25/2024 2:00,13.846,0
7558,7/25/2024 2:15,13.846,0
7559,7/25/2024 2:30,13.75,0
7560,7/25/2024 2:45,12.207,0
7561,7/25/2024 3:00,12.98,0
7562,7/25/2024 3:15,12.497,0
7563,7/25/2024 3:30,13.269,0
7564,7/25/2024 3:45,13.654,0
7565,7/25/2024 4:00,13.75,0
7566,7/25/2024 4:15,13.654,0
7567,7/25/2024 4:30,13.654,0
7568,7/25/2024 4:45,13.654,0
7569,7/25/2024 5:00,13.654,0
7570,7/25/2024 5:15,13.654,0
7571,7/25/2024 5:30,13.654,4
7572,7/25/2024 5:45,13.75,16
7573,7/25/2024 6:00,13.75,43
7574,7/25/2024 6:15,13.75,57
7575,7/25/2024 6:30,13.846,83
7576,7/25/2024 6:45,13.846,128
7577,7/25/2024 7:00,13.846,208
7578,7/25/2024 7:15,13.846,240
7579,7/25/2024 7:30,13.846,400
7580,7/25/2024 7:45,13.942,704
7581,7/25/2024 8:00,14.134,1280
7582,7/25/2024 8:15,14.134,1344
7583,7/25/2024 8:30,14.038,960
7584,7/25/2024 8:45,14.23,1152
7585,7/25/2024 9:00,14.134,1280
7586,7/25/2024 9:15,14.23,1536
7587,7/25/2024 9:30,14.23,1344
7588,7/25/2024 9:45,14.23,1344
7589,7/25/2024 10:00,14.23,1152
7590,7/25/2024 10:15,14.325,1280
7591,7/25/2024 10:30,14.421,1216
7592,7/25/2024 10:45,14.134,1024
7593,7/25/2024 11:00,14.038,1152
7594,7/25/2024 11:15,13.846,800
7595,7/25/2024 11:30,13.75,896
7596,7/25/2024 11:45,13.846,896
7597,7/25/2024 12:00,13.846,896
7598,7/25/2024 12:15,13.942,960
7599,7/25/2024 12:30,13.846,800
7600,7/25/2024 12:45,13.846,960
7601,7/25/2024 13:00,13.846,576
7602,7/25/2024 13:15,13.942,512
7603,7/25/2024 13:30,13.942,672
7604,7/25/2024 13:45,13.846,512
7605,7/25/2024 14:00,13.846,608
7606,7/25/2024 14:15,13.846,1152
7607,7/25/2024 14:30,13.75,320
7608,7/25/2024 14:45,13.173,160
7609,7/25/2024 15:00,12.69,144
7610,7/25/2024 15:15,12.787,232
7611,7/25/2024 15:30,12.98,576
7612,7/25/2024 15:45,13.558,480
7613,7/25/2024 16:00,13.269,480
7614,7/25/2024 16:15,13.558,448
7615,7/25/2024 16:30,14.038,800
7616,7/25/2024 16:45,13.942,448
7617,7/25/2024 17:00,14.038,432
7618,7/25/2024 17:15,14.23,480
7619,7/25/2024 17:30,14.325,416
7620,7/25/2024 17:45,14.134,232
7621,7/25/2024 18:00,14.134,240
7622,7/25/2024 18:15,14.134,240
7623,7/25/2024 18:30,14.23,448
7624,7/25/2024 18:45,14.134,336
7625,7/25/2024 19:00,14.134,256
7626,7/25/2024 19:15,14.134,144
7627,7/25/2024 19:30,14.421,184
7628,7/25/2024 19:45,14.613,152
7629,7/25/2024 20:00,14.709,40
7630,7/25/2024 20:15,14.709,6
7631,7/25/2024 20:30,14.613,0
7632,7/25/2024 20:45,14.613,0
7633,7/25/2024 21:00,14.613,0
7634,7/25/2024 21:15,14.613,0
7635,7/25/2024 21:30,14.613,0
7636,7/25/2024 21:45,14.613,0
7637,7/25/2024 22:00,14.613,0
7638,7/25/2024 22:15,14.709,0
7639,7/25/2024 22:30,14.709,0
7640,7/25/2024 22:45,14.709,0
7641,7/25/2024 23:00,14.709,0
7642,7/25/2024 23:15,14.709,0
7643,7/25/2024 23:30,14.709,0
7644,7/25/2024 23:45,14.709,0
7645,7/26/2024 0:00,14.709,0
7646,7/26/2024 0:15,14.804,0
7647,7/26/2024 0:30,14.804,0
7648,7/26/2024 0:45,14.325,0
7649,7/26/2024 1:00,14.038,0
7650,7/26/2024 1:15,14.134,0
7651,7/26/2024 1:30,14.23,0
7652,7/26/2024 1:45,14.23,0
7653,7/26/2024 2:00,14.23,0
7654,7/26/2024 2:15,14.325,0
7655,7/26/2024 2:30,14.23,0
7656,7/26/2024 2:45,14.421,0
7657,7/26/2024 3:00,14.421,0
7658,7/26/2024 3:15,14.421,0
7659,7/26/2024 3:30,14.517,0
7660,7/26/2024 3:45,14.613,0
7661,7/26/2024 4:00,14.517,0
7662,7/26/2024 4:15,14.613,0
7663,7/26/2024 4:30,14.709,0
7664,7/26/2024 4:45,14.709,0
7665,7/26/2024 5:00,14.709,0
7666,7/26/2024 5:15,14.804,0
7667,7/26/2024 5:30,14.804,3
7668,7/26/2024 5:45,14.804,13
7669,7/26/2024 6:00,14.804,28
7670,7/26/2024 6:15,14.804,57
7671,7/26/2024 6:30,14.804,103
7672,7/26/2024 6:45,14.804,160
7673,7/26/2024 7:00,14.804,232
7674,7/26/2024 7:15,14.9,288
7675,7/26/2024 7:30,14.9,336
7676,7/26/2024 7:45,14.996,384
7677,7/26/2024 8:00,15.091,576
7678,7/26/2024 8:15,15.187,576
7679,7/26/2024 8:30,15.282,992
7680,7/26/2024 8:45,15.378,1152
7681,7/26/2024 9:00,15.473,1472
7682,7/26/2024 9:15,15.473,1600
7683,7/26/2024 9:30,15.569,2304
7684,7/26/2024 9:45,15.76,1856
7685,7/26/2024 10:00,15.855,2432
7686,7/26/2024 10:15,15.951,2688
7687,7/26/2024 10:30,15.951,1984
7688,7/26/2024 10:45,15.855,2688
7689,7/26/2024 11:00,15.855,2304
7690,7/26/2024 11:15,15.951,2432
7691,7/26/2024 11:30,15.951,2560
7692,7/26/2024 11:45,15.951,3328
7693,7/26/2024 12:00,15.855,2688
7694,7/26/2024 12:15,15.76,2304
7695,7/26/2024 12:30,15.855,2304
7696,7/26/2024 12:45,15.951,1984
7697,7/26/2024 13:00,16.046,1920
7698,7/26/2024 13:15,15.951,1664
7699,7/26/2024 13:30,15.951,1344
7700,7/26/2024 13:45,15.951,1536
7701,7/26/2024 14:00,15.951,1216
7702,7/26/2024 14:15,15.855,1152
7703,7/26/2024 14:30,15.855,800
7704,7/26/2024 14:45,15.855,1024
7705,7/26/2024 15:00,15.569,960
7706,7/26/2024 15:15,15.473,864
7707,7/26/2024 15:30,15.473,800
7708,7/26/2024 15:45,15.378,672
7709,7/26/2024 16:00,15.378,608
7710,7/26/2024 16:15,15.282,608
7711,7/26/2024 16:30,15.091,576
7712,7/26/2024 16:45,14.9,480
7713,7/26/2024 17:00,14.804,464
7714,7/26/2024 17:15,14.613,216
7715,7/26/2024 17:30,14.613,400
7716,7/26/2024 17:45,14.517,384
7717,7/26/2024 18:00,14.517,248
7718,7/26/2024 18:15,14.613,256
7719,7/26/2024 18:30,14.613,248
7720,7/26/2024 18:45,14.613,144
7721,7/26/2024 19:00,14.709,160
7722,7/26/2024 19:15,14.804,128
7723,7/26/2024 19:30,14.804,92
7724,7/26/2024 19:45,14.9,52
7725,7/26/2024 20:00,15.091,22
7726,7/26/2024 20:15,15.282,4
7727,7/26/2024 20:30,15.569,0
7728,7/26/2024 20:45,15.76,0
7729,7/26/2024 21:00,15.951,0
7730,7/26/2024 21:15,15.951,0
7731,7/26/2024 21:30,16.141,0
7732,7/26/2024 21:45,16.141,0
7733,7/26/2024 22:00,16.237,0
7734,7/26/2024 22:15,16.237,0
7735,7/26/2024 22:30,16.332,0
7736,7/26/2024 22:45,16.332,0
7737,7/26/2024 23:00,16.332,0
7738,7/26/2024 23:15,16.332,0
7739,7/26/2024 23:30,16.332,0
7740,7/26/2024 23:45,16.332,0
7741,7/27/2024 0:00,16.237,0
7742,7/27/2024 0:15,16.237,0
7743,7/27/2024 0:30,16.046,0
7744,7/27/2024 0:45,15.76,0
7745,7/27/2024 1:00,15.951,0
7746,7/27/2024 1:15,16.046,0
7747,7/27/2024 1:30,16.237,0
7748,7/27/2024 1:45,16.332,0
7749,7/27/2024 2:00,16.141,0
7750,7/27/2024 2:15,16.141,0
7751,7/27/2024 2:30,16.141,0
7752,7/27/2024 2:45,16.141,0
7753,7/27/2024 3:00,16.141,0
7754,7/27/2024 3:15,16.141,0
7755,7/27/2024 3:30,16.046,0
7756,7/27/2024 3:45,16.141,0
7757,7/27/2024 4:00,16.141,0
7758,7/27/2024 4:15,16.141,0
7759,7/27/2024 4:30,16.141,0
7760,7/27/2024 4:45,14.9,0
7761,7/27/2024 5:00,14.9,0
7762,7/27/2024 5:15,14.996,0
7763,7/27/2024 5:30,15.091,2
7764,7/27/2024 5:45,15.76,11
7765,7/27/2024 6:00,15.378,28
7766,7/27/2024 6:15,15.76,52
7767,7/27/2024 6:30,15.76,82
7768,7/27/2024 6:45,15.855,124
7769,7/27/2024 7:00,15.951,184
7770,7/27/2024 7:15,16.046,240
7771,7/27/2024 7:30,16.141,336
7772,7/27/2024 7:45,16.427,448
7773,7/27/2024 8:00,16.523,512
7774,7/27/2024 8:15,16.618,672
7775,7/27/2024 8:30,16.713,864
7776,7/27/2024 8:45,16.713,1088
7777,7/27/2024 9:00,16.808,1344
7778,7/27/2024 9:15,16.999,1600
7779,7/27/2024 9:30,17.094,1728
7780,7/27/2024 9:45,17.094,1920
7781,7/27/2024 10:00,17.189,2816
7782,7/27/2024 10:15,17.284,3072
7783,7/27/2024 10:30,17.284,3200
7784,7/27/2024 10:45,17.284,3072
7785,7/27/2024 11:00,17.379,3072
7786,7/27/2024 11:15,17.379,3456
7787,7/27/2024 11:30,17.379,4096
7788,7/27/2024 11:45,17.475,3200
7789,7/27/2024 12:00,17.475,2688
7790,7/27/2024 12:15,17.57,2432
7791,7/27/2024 12:30,17.57,2304
7792,7/27/2024 12:45,17.475,2176
7793,7/27/2024 13:00,17.379,1984
7794,7/27/2024 13:15,17.379,1920
7795,7/27/2024 13:30,17.284,1856
7796,7/27/2024 13:45,17.284,2048
7797,7/27/2024 14:00,17.284,1536
7798,7/27/2024 14:15,17.094,1280
7799,7/27/2024 14:30,16.808,1152
7800,7/27/2024 14:45,16.713,992
7801,7/27/2024 15:00,16.713,896
7802,7/27/2024 15:15,16.713,800
7803,7/27/2024 15:30,16.713,768
7804,7/27/2024 15:45,16.713,672
7805,7/27/2024 16:00,16.618,576
7806,7/27/2024 16:15,16.523,512
7807,7/27/2024 16:30,16.523,480
7808,7/27/2024 16:45,15.473,432
7809,7/27/2024 17:00,14.996,384
7810,7/27/2024 17:15,14.709,336
7811,7/27/2024 17:30,14.709,288
7812,7/27/2024 17:45,14.804,256
7813,7/27/2024 18:00,14.709,208
7814,7/27/2024 18:15,14.9,184
7815,7/27/2024 18:30,14.709,136
7816,7/27/2024 18:45,14.804,128
7817,7/27/2024 19:00,15.091,102
7818,7/27/2024 19:15,15.378,69
7819,7/27/2024 19:30,15.473,52
7820,7/27/2024 19:45,15.473,33
7821,7/27/2024 20:00,15.473,12
7822,7/27/2024 20:15,15.569,2
7823,7/27/2024 20:30,15.664,0
7824,7/27/2024 20:45,15.76,0
7825,7/27/2024 21:00,15.951,0
7826,7/27/2024 21:15,16.237,0
7827,7/27/2024 21:30,16.332,0
7828,7/27/2024 21:45,16.427,0
7829,7/27/2024 22:00,16.523,0
7830,7/27/2024 22:15,16.618,0
7831,7/27/2024 22:30,16.713,0
7832,7/27/2024 22:45,16.808,0
7833,7/27/2024 23:00,16.999,0
7834,7/27/2024 23:15,17.094,0
7835,7/27/2024 23:30,17.094,0
7836,7/27/2024 23:45,16.903,0
7837,7/28/2024 0:00,16.903,0
7838,7/28/2024 0:15,16.713,0
7839,7/28/2024 0:30,16.808,0
7840,7/28/2024 0:45,16.713,0
7841,7/28/2024 1:00,16.523,0
7842,7/28/2024 1:15,16.523,0
7843,7/28/2024 1:30,16.523,0
7844,7/28/2024 1:45,16.427,0
7845,7/28/2024 2:00,16.237,0
7846,7/28/2024 2:15,16.141,0
7847,7/28/2024 2:30,16.141,0
7848,7/28/2024 2:45,16.237,0
7849,7/28/2024 3:00,16.237,0
7850,7/28/2024 3:15,16.237,0
7851,7/28/2024 3:30,16.237,0
7852,7/28/2024 3:45,16.237,0
7853,7/28/2024 4:00,16.332,0
7854,7/28/2024 4:15,16.332,0
7855,7/28/2024 4:30,16.141,0
7856,7/28/2024 4:45,15.76,0
7857,7/28/2024 5:00,15.473,0
7858,7/28/2024 5:15,14.996,0
7859,7/28/2024 5:30,14.709,1
7860,7/28/2024 5:45,14.325,11
7861,7/28/2024 6:00,14.421,29
7862,7/28/2024 6:15,14.038,50
7863,7/28/2024 6:30,14.23,65
7864,7/28/2024 6:45,14.613,105
7865,7/28/2024 7:00,14.613,128
7866,7/28/2024 7:15,15.76,192
7867,7/28/2024 7:30,16.046,256
7868,7/28/2024 7:45,16.237,368
7869,7/28/2024 8:00,16.713,432
7870,7/28/2024 8:15,16.903,480
7871,7/28/2024 8:30,16.999,608
7872,7/28/2024 8:45,17.094,768
7873,7/28/2024 9:00,17.189,992
7874,7/28/2024 9:15,17.094,1152
7875,7/28/2024 9:30,17.094,1344
7876,7/28/2024 9:45,17.189,1728
7877,7/28/2024 10:00,17.284,2304
7878,7/28/2024 10:15,17.379,2048
7879,7/28/2024 10:30,17.57,3200
7880,7/28/2024 10:45,17.665,2816
7881,7/28/2024 11:00,17.665,1536
7882,7/28/2024 11:15,17.855,3200
7883,7/28/2024 11:30,17.76,3584
7884,7/28/2024 11:45,17.95,3328
7885,7/28/2024 12:00,17.855,3584
7886,7/28/2024 12:15,17.57,1408
7887,7/28/2024 12:30,18.045,4096
7888,7/28/2024 12:45,17.475,1728
7889,7/28/2024 13:00,17.284,1344
7890,7/28/2024 13:15,17.379,2176
7891,7/28/2024 13:30,17.284,2176
7892,7/28/2024 13:45,17.189,1280
7893,7/28/2024 14:00,17.284,1408
7894,7/28/2024 14:15,17.189,768
7895,7/28/2024 14:30,17.189,800
7896,7/28/2024 14:45,17.189,704
7897,7/28/2024 15:00,17.189,704
7898,7/28/2024 15:15,17.284,1152
7899,7/28/2024 15:30,17.189,672
7900,7/28/2024 15:45,17.189,480
7901,7/28/2024 16:00,15.855,576
7902,7/28/2024 16:15,15.473,400
7903,7/28/2024 16:30,15.187,480
7904,7/28/2024 16:45,14.996,512
7905,7/28/2024 17:00,14.613,320
7906,7/28/2024 17:15,14.517,256
7907,7/28/2024 17:30,14.613,224
7908,7/28/2024 17:45,14.517,192
7909,7/28/2024 18:00,14.325,116
7910,7/28/2024 18:15,14.134,95
7911,7/28/2024 18:30,14.038,68
7912,7/28/2024 18:45,14.134,68
7913,7/28/2024 19:00,14.23,22
7914,7/28/2024 19:15,14.613,32
7915,7/28/2024 19:30,14.996,30
7916,7/28/2024 19:45,15.091,13
7917,7/28/2024 20:00,15.282,2
7918,7/28/2024 20:15,15.378,0
7919,7/28/2024 20:30,15.664,0
7920,7/28/2024 20:45,15.855,0
7921,7/28/2024 21:00,15.951,0
7922,7/28/2024 21:15,15.951,0
7923,7/28/2024 21:30,16.141,0
7924,7/28/2024 21:45,16.046,0
7925,7/28/2024 22:00,16.141,0
7926,7/28/2024 22:15,16.141,0
7927,7/28/2024 22:30,16.237,0
7928,7/28/2024 22:45,16.237,0
7929,7/28/2024 23:00,16.237,0
7930,7/28/2024 23:15,16.141,0
7931,7/28/2024 23:30,16.237,0
7932,7/28/2024 23:45,16.713,0
7933,7/29/2024 0:00,17.475,0
7934,7/29/2024 0:15,17.57,0
7935,7/29/2024 0:30,17.57,0
7936,7/29/2024 0:45,17.665,0
7937,7/29/2024 1:00,17.475,0
7938,7/29/2024 1:15,17.284,0
7939,7/29/2024 1:30,17.189,0
7940,7/29/2024 1:45,17.189,0
7941,7/29/2024 2:00,17.284,0
7942,7/29/2024 2:15,17.379,0
7943,7/29/2024 2:30,17.76,0
7944,7/29/2024 2:45,17.855,0
7945,7/29/2024 3:00,17.95,0
7946,7/29/2024 3:15,17.094,0
7947,7/29/2024 3:30,17.189,0
7948,7/29/2024 3:45,17.57,0
7949,7/29/2024 4:00,17.665,0
7950,7/29/2024 4:15,17.475,0
7951,7/29/2024 4:30,17.57,0
7952,7/29/2024 4:45,17.475,0
7953,7/29/2024 5:00,17.379,0
7954,7/29/2024 5:15,17.379,0
7955,7/29/2024 5:30,14.996,0
7956,7/29/2024 5:45,14.804,1
7957,7/29/2024 6:00,14.9,5
7958,7/29/2024 6:15,14.996,12
7959,7/29/2024 6:30,14.996,18
7960,7/29/2024 6:45,15.282,41
7961,7/29/2024 7:00,16.046,37
7962,7/29/2024 7:15,16.523,47
7963,7/29/2024 7:30,16.999,65
7964,7/29/2024 7:45,17.094,84
7965,7/29/2024 8:00,17.189,90
7966,7/29/2024 8:15,17.284,119
7967,7/29/2024 8:30,17.284,136
7968,7/29/2024 8:45,17.284,152
7969,7/29/2024 9:00,17.284,184
7970,7/29/2024 9:15,17.379,192
7971,7/29/2024 9:30,17.379,168
7972,7/29/2024 9:45,17.379,176
7973,7/29/2024 10:00,17.379,320
7974,7/29/2024 10:15,17.379,200
7975,7/29/2024 10:30,17.379,192
7976,7/29/2024 10:45,17.475,320
7977,7/29/2024 11:00,17.475,288
7978,7/29/2024 11:15,17.475,304
7979,7/29/2024 11:30,17.475,336
7980,7/29/2024 11:45,17.475,304
7981,7/29/2024 12:00,17.475,368
7982,7/29/2024 12:15,17.76,1152
7983,7/29/2024 12:30,17.665,672
7984,7/29/2024 12:45,17.665,672
7985,7/29/2024 13:00,17.855,864
7986,7/29/2024 13:15,17.855,992
7987,7/29/2024 13:30,17.95,1024
7988,7/29/2024 13:45,17.855,768
7989,7/29/2024 14:00,17.95,896
7990,7/29/2024 14:15,18.045,1152
7991,7/29/2024 14:30,18.045,768
7992,7/29/2024 14:45,17.95,768
7993,7/29/2024 15:00,18.045,608
7994,7/29/2024 15:15,17.95,416
7995,7/29/2024 15:30,17.855,256
7996,7/29/2024 15:45,17.855,272
7997,7/29/2024 16:00,17.855,512
7998,7/29/2024 16:15,17.76,144
7999,7/29/2024 16:30,17.76,84
8000,7/29/2024 16:45,17.57,68
8001,7/29/2024 17:00,17.57,109
8002,7/29/2024 17:15,17.665,216
8003,7/29/2024 17:30,17.665,216
8004,7/29/2024 17:45,17.57,120
8005,7/29/2024 18:00,17.284,94
8006,7/29/2024 18:15,17.189,115
8007,7/29/2024 18:30,16.903,77
8008,7/29/2024 18:45,16.903,68
8009,7/29/2024 19:00,16.903,50
8010,7/29/2024 19:15,16.903,36
8011,7/29/2024 19:30,16.903,20
8012,7/29/2024 19:45,16.903,11
8013,7/29/2024 20:00,16.999,4
8014,7/29/2024 20:15,16.999,0
8015,7/29/2024 20:30,16.999,0
8016,7/29/2024 20:45,16.999,0
8017,7/29/2024 21:00,16.999,0
8018,7/29/2024 21:15,17.094,0
8019,7/29/2024 21:30,17.094,0
8020,7/29/2024 21:45,17.094,0
8021,7/29/2024 22:00,17.094,0
8022,7/29/2024 22:15,17.094,0
8023,7/29/2024 22:30,17.094,0
8024,7/29/2024 22:45,17.094,0
8025,7/29/2024 23:00,17.094,0
8026,7/29/2024 23:15,17.189,0
8027,7/29/2024 23:30,17.189,0
8028,7/29/2024 23:45,17.284,0
8029,7/30/2024 0:00,17.284,0
8030,7/30/2024 0:15,17.284,0
8031,7/30/2024 0:30,17.284,0
8032,7/30/2024 0:45,17.284,0
8033,7/30/2024 1:00,17.189,0
8034,7/30/2024 1:15,17.094,0
8035,7/30/2024 1:30,17.094,0
8036,7/30/2024 1:45,16.999,0
8037,7/30/2024 2:00,16.999,0
8038,7/30/2024 2:15,16.999,0
8039,7/30/2024 2:30,16.999,0
8040,7/30/2024 2:45,16.999,0
8041,7/30/2024 3:00,16.999,0
8042,7/30/2024 3:15,16.999,0
8043,7/30/2024 3:30,16.999,0
8044,7/30/2024 3:45,16.999,0
8045,7/30/2024 4:00,17.094,0
8046,7/30/2024 4:15,17.094,0
8047,7/30/2024 4:30,17.094,0
8048,7/30/2024 4:45,17.189,0
8049,7/30/2024 5:00,17.094,0
8050,7/30/2024 5:15,17.094,0
8051,7/30/2024 5:30,17.094,1
8052,7/30/2024 5:45,16.427,8
8053,7/30/2024 6:00,16.237,23
8054,7/30/2024 6:15,16.332,46
8055,7/30/2024 6:30,16.332,69
8056,7/30/2024 6:45,16.332,93
8057,7/30/2024 7:00,16.427,117
8058,7/30/2024 7:15,16.427,152
8059,7/30/2024 7:30,16.523,192
8060,7/30/2024 7:45,16.523,208
8061,7/30/2024 8:00,16.523,288
8062,7/30/2024 8:15,16.523,288
8063,7/30/2024 8:30,16.523,288
8064,7/30/2024 8:45,16.713,448
8065,7/30/2024 9:00,16.808,512
8066,7/30/2024 9:15,16.713,608
8067,7/30/2024 9:30,16.903,704
8068,7/30/2024 9:45,17.094,864
8069,7/30/2024 10:00,17.189,992
8070,7/30/2024 10:15,17.284,1216
8071,7/30/2024 10:30,17.379,1536
8072,7/30/2024 10:45,17.665,1536
8073,7/30/2024 11:00,17.665,1856
8074,7/30/2024 11:15,17.855,2048
8075,7/30/2024 11:30,18.045,1920
8076,7/30/2024 11:45,18.14,2304
8077,7/30/2024 12:00,18.14,2304
8078,7/30/2024 12:15,18.236,2432
8079,7/30/2024 12:30,18.426,3200
8080,7/30/2024 12:45,18.521,3328
8081,7/30/2024 13:00,18.711,1920
8082,7/30/2024 13:15,18.806,2688
8083,7/30/2024 13:30,18.996,3584
8084,7/30/2024 13:45,18.996,3968
8085,7/30/2024 14:00,18.996,2816
8086,7/30/2024 14:15,18.996,2176
8087,7/30/2024 14:30,18.996,2048
8088,7/30/2024 14:45,18.996,2176
8089,7/30/2024 15:00,18.996,2048
8090,7/30/2024 15:15,18.901,1536
8091,7/30/2024 15:30,18.616,1664
8092,7/30/2024 15:45,18.331,1408
8093,7/30/2024 16:00,17.855,960
8094,7/30/2024 16:15,17.475,896
8095,7/30/2024 16:30,17.189,768
8096,7/30/2024 16:45,16.808,608
8097,7/30/2024 17:00,16.713,576
8098,7/30/2024 17:15,16.713,496
8099,7/30/2024 17:30,16.523,384
8100,7/30/2024 17:45,16.523,288
8101,7/30/2024 18:00,16.427,248
8102,7/30/2024 18:15,16.427,208
8103,7/30/2024 18:30,16.332,152
8104,7/30/2024 18:45,16.237,114
8105,7/30/2024 19:00,16.237,80
8106,7/30/2024 19:15,16.141,55
8107,7/30/2024 19:30,16.046,30
8108,7/30/2024 19:45,15.951,15
8109,7/30/2024 20:00,15.951,4
8110,7/30/2024 20:15,15.951,0
8111,7/30/2024 20:30,15.951,0
8112,7/30/2024 20:45,15.951,0
8113,7/30/2024 21:00,15.951,0
8114,7/30/2024 21:15,15.951,0
8115,7/30/2024 21:30,16.046,0
8116,7/30/2024 21:45,16.332,0
8117,7/30/2024 22:00,16.618,0
8118,7/30/2024 22:15,16.903,0
8119,7/30/2024 22:30,16.808,0
8120,7/30/2024 22:45,16.903,0
8121,7/30/2024 23:00,16.903,0
8122,7/30/2024 23:15,16.808,0
8123,7/30/2024 23:30,16.713,0
8124,7/30/2024 23:45,16.618,0
8125,7/31/2024 0:00,16.713,0
8126,7/31/2024 0:15,16.713,0
8127,7/31/2024 0:30,16.713,0
8128,7/31/2024 0:45,16.713,0
8129,7/31/2024 1:00,16.808,0
8130,7/31/2024 1:15,17.094,0
8131,7/31/2024 1:30,17.189,0
8132,7/31/2024 1:45,17.284,0
8133,7/31/2024 2:00,17.665,0
8134,7/31/2024 2:15,18.045,0
8135,7/31/2024 2:30,18.236,0
8136,7/31/2024 2:45,18.331,0
8137,7/31/2024 3:00,18.14,0
8138,7/31/2024 3:15,17.95,0
8139,7/31/2024 3:30,18.045,0
8140,7/31/2024 3:45,17.95,0
8141,7/31/2024 4:00,17.855,0
8142,7/31/2024 4:15,17.57,0
8143,7/31/2024 4:30,17.284,0
8144,7/31/2024 4:45,16.713,0
8145,7/31/2024 5:00,16.713,0
8146,7/31/2024 5:15,16.903,0
8147,7/31/2024 5:30,16.618,3
8148,7/31/2024 5:45,16.427,16
8149,7/31/2024 6:00,16.141,29
8150,7/31/2024 6:15,15.855,39
8151,7/31/2024 6:30,15.855,100
8152,7/31/2024 6:45,15.855,95
8153,7/31/2024 7:00,15.951,119
8154,7/31/2024 7:15,15.951,168
8155,7/31/2024 7:30,16.332,184
8156,7/31/2024 7:45,16.332,240
8157,7/31/2024 8:00,16.523,416
8158,7/31/2024 8:15,16.523,208
8159,7/31/2024 8:30,16.618,272
8160,7/31/2024 8:45,16.713,672
8161,7/31/2024 9:00,16.141,336
8162,7/31/2024 9:15,15.951,480
8163,7/31/2024 9:30,15.951,864
8164,7/31/2024 9:45,15.951,800
8165,7/31/2024 10:00,16.237,896
8166,7/31/2024 10:15,16.523,1408
8167,7/31/2024 10:30,16.618,960
8168,7/31/2024 10:45,16.808,1664
8169,7/31/2024 11:00,16.903,1920
8170,7/31/2024 11:15,17.189,2176
8171,7/31/2024 11:30,17.284,1152
8172,7/31/2024 11:45,16.999,384
8173,7/31/2024 12:00,17.57,1856
8174,7/31/2024 12:15,17.76,1920
8175,7/31/2024 12:30,17.475,512
8176,7/31/2024 12:45,17.475,288
8177,7/31/2024 13:00,16.999,92
8178,7/31/2024 13:15,17.094,256
8179,7/31/2024 13:30,17.95,3584
8180,7/31/2024 13:45,18.045,3200
8181,7/31/2024 14:00,18.045,4352
8182,7/31/2024 14:15,17.95,3840
8183,7/31/2024 14:30,18.045,2048
8184,7/31/2024 14:45,18.331,3328
8185,7/31/2024 15:00,18.236,2432
8186,7/31/2024 15:15,18.045,992
8187,7/31/2024 15:30,18.14,1728
8188,7/31/2024 15:45,17.76,768
8189,7/31/2024 16:00,17.95,1152
8190,7/31/2024 16:15,17.284,608
8191,7/31/2024 16:30,17.189,1408
8192,7/31/2024 16:45,17.284,2176
8193,7/31/2024 17:00,16.903,480
8194,7/31/2024 17:15,16.713,480
8195,7/31/2024 17:30,16.523,576
8196,7/31/2024 17:45,15.951,432
8197,7/31/2024 18:00,15.76,248
8198,7/31/2024 18:15,15.76,200
8199,7/31/2024 18:30,15.569,432
8200,7/31/2024 18:45,15.282,288
8201,7/31/2024 19:00,15.187,208
8202,7/31/2024 19:15,15.091,100
8203,7/31/2024 19:30,15.091,48
8204,7/31/2024 19:45,15.091,19
8205,7/31/2024 20:00,14.996,4
8206,7/31/2024 20:15,14.804,0
8207,7/31/2024 20:30,14.517,0
8208,7/31/2024 20:45,14.325,0
8209,7/31/2024 21:00,14.038,0
8210,7/31/2024 21:15,13.942,0
8211,7/31/2024 21:30,13.75,0
8212,7/31/2024 21:45,13.75,0
8213,7/31/2024 22:00,13.75,0
8214,7/31/2024 22:15,13.75,0
8215,7/31/2024 22:30,13.846,0
8216,7/31/2024 22:45,14.038,0
8217,7/31/2024 23:00,14.23,0
8218,7/31/2024 23:15,14.517,0
8219,7/31/2024 23:30,14.709,0
8220,7/31/2024 23:45,14.9,0
8221,8/1/2024 0:00,15.187,0
8222,8/1/2024 0:15,15.378,0
8223,8/1/2024 0:30,15.378,0
8224,8/1/2024 0:45,15.378,0
8225,8/1/2024 1:00,15.378,0
8226,8/1/2024 1:15,15.378,0
8227,8/1/2024 1:30,15.378,0
8228,8/1/2024 1:45,15.378,0
8229,8/1/2024 2:00,15.378,0
8230,8/1/2024 2:15,15.76,0
8231,8/1/2024 2:30,15.951,0
8232,8/1/2024 2:45,16.237,0
8233,8/1/2024 3:00,17.189,0
8234,8/1/2024 3:15,17.76,0
8235,8/1/2024 3:30,17.57,0
8236,8/1/2024 3:45,17.76,0
8237,8/1/2024 4:00,17.855,0
8238,8/1/2024 4:15,17.855,0
8239,8/1/2024 4:30,17.76,0
8240,8/1/2024 4:45,17.76,0
8241,8/1/2024 5:00,17.76,0
8242,8/1/2024 5:15,18.045,0
8243,8/1/2024 5:30,18.14,4
8244,8/1/2024 5:45,18.14,18
8245,8/1/2024 6:00,17.475,42
8246,8/1/2024 6:15,17.284,74
8247,8/1/2024 6:30,16.713,101
8248,8/1/2024 6:45,16.999,136
8249,8/1/2024 7:00,16.999,200
8250,8/1/2024 7:15,16.332,256
8251,8/1/2024 7:30,16.523,320
8252,8/1/2024 7:45,16.523,384
8253,8/1/2024 8:00,16.523,480
8254,8/1/2024 8:15,16.523,496
8255,8/1/2024 8:30,16.713,448
8256,8/1/2024 8:45,16.618,480
8257,8/1/2024 9:00,16.713,512
8258,8/1/2024 9:15,16.808,464
8259,8/1/2024 9:30,16.999,480
8260,8/1/2024 9:45,16.237,864
8261,8/1/2024 10:00,15.569,864
8262,8/1/2024 10:15,14.996,896
8263,8/1/2024 10:30,14.804,416
8264,8/1/2024 10:45,14.9,864
8265,8/1/2024 11:00,14.9,512
8266,8/1/2024 11:15,15.664,1472
8267,8/1/2024 11:30,16.046,1536
8268,8/1/2024 11:45,16.523,2048
8269,8/1/2024 12:00,16.618,960
8270,8/1/2024 12:15,16.808,1664
8271,8/1/2024 12:30,17.189,2304
8272,8/1/2024 12:45,17.57,864
8273,8/1/2024 13:00,18.045,2816
8274,8/1/2024 13:15,18.616,2176
8275,8/1/2024 13:30,18.806,2560
8276,8/1/2024 13:45,18.14,1152
8277,8/1/2024 14:00,18.045,1344
8278,8/1/2024 14:15,18.045,2944
8279,8/1/2024 14:30,18.14,3200
8280,8/1/2024 14:45,18.236,2304
8281,8/1/2024 15:00,18.236,3072
8282,8/1/2024 15:15,18.236,2432
8283,8/1/2024 15:30,18.331,2432
8284,8/1/2024 15:45,18.236,2816
8285,8/1/2024 16:00,18.14,992
8286,8/1/2024 16:15,18.045,1280
8287,8/1/2024 16:30,18.14,1856
8288,8/1/2024 16:45,17.95,800
8289,8/1/2024 17:00,18.045,1344
8290,8/1/2024 17:15,18.045,992
8291,8/1/2024 17:30,17.95,704
8292,8/1/2024 17:45,17.855,304
8293,8/1/2024 18:00,17.855,432
8294,8/1/2024 18:15,17.855,288
8295,8/1/2024 18:30,17.855,208
8296,8/1/2024 18:45,17.855,152
8297,8/1/2024 19:00,17.95,93
8298,8/1/2024 19:15,17.95,63
8299,8/1/2024 19:30,17.95,40
8300,8/1/2024 19:45,17.95,16
8301,8/1/2024 20:00,17.95,4
8302,8/1/2024 20:15,17.95,0
8303,8/1/2024 20:30,16.332,0
8304,8/1/2024 20:45,15.951,0
8305,8/1/2024 21:00,15.664,0
8306,8/1/2024 21:15,15.76,0
8307,8/1/2024 21:30,16.237,0
8308,8/1/2024 21:45,16.046,0
8309,8/1/2024 22:00,17.094,0
8310,8/1/2024 22:15,17.094,0
8311,8/1/2024 22:30,16.903,0
8312,8/1/2024 22:45,16.523,0
8313,8/1/2024 23:00,16.903,0
8314,8/1/2024 23:15,17.189,0
8315,8/1/2024 23:30,17.284,0
8316,8/1/2024 23:45,17.284,0
8317,8/2/2024 0:00,17.379,0
8318,8/2/2024 0:15,17.475,0
8319,8/2/2024 0:30,17.189,0
8320,8/2/2024 0:45,17.379,0
8321,8/2/2024 1:00,18.236,0
8322,8/2/2024 1:15,18.331,0
8323,8/2/2024 1:30,18.806,0
8324,8/2/2024 1:45,19.092,0
8325,8/2/2024 2:00,18.711,0
8326,8/2/2024 2:15,18.711,0
8327,8/2/2024 2:30,18.711,0
8328,8/2/2024 2:45,18.711,0
8329,8/2/2024 3:00,18.616,0
8330,8/2/2024 3:15,18.616,0
8331,8/2/2024 3:30,18.521,0
8332,8/2/2024 3:45,18.426,0
8333,8/2/2024 4:00,18.236,0
8334,8/2/2024 4:15,18.236,0
8335,8/2/2024 4:30,18.331,0
8336,8/2/2024 4:45,18.426,0
8337,8/2/2024 5:00,18.711,0
8338,8/2/2024 5:15,18.426,0
8339,8/2/2024 5:30,18.521,5
8340,8/2/2024 5:45,18.711,25
8341,8/2/2024 6:00,18.806,68
8342,8/2/2024 6:15,18.901,111
8343,8/2/2024 6:30,18.996,152
8344,8/2/2024 6:45,18.996,184
8345,8/2/2024 7:00,18.996,216
8346,8/2/2024 7:15,18.806,256
8347,8/2/2024 7:30,18.616,320
8348,8/2/2024 7:45,18.616,352
8349,8/2/2024 8:00,18.426,384
8350,8/2/2024 8:15,18.045,464
8351,8/2/2024 8:30,17.95,512
8352,8/2/2024 8:45,17.95,480
8353,8/2/2024 9:00,17.855,608
8354,8/2/2024 9:15,17.95,704
8355,8/2/2024 9:30,17.95,576
8356,8/2/2024 9:45,17.95,768
8357,8/2/2024 10:00,17.855,960
8358,8/2/2024 10:15,17.76,1024
8359,8/2/2024 10:30,17.76,1024
8360,8/2/2024 10:45,17.76,1216
8361,8/2/2024 11:00,17.665,1344
8362,8/2/2024 11:15,17.665,1472
8363,8/2/2024 11:30,17.57,992
8364,8/2/2024 11:45,17.475,1216
8365,8/2/2024 12:00,17.665,1664
8366,8/2/2024 12:15,17.665,1536
8367,8/2/2024 12:30,17.665,1536
8368,8/2/2024 12:45,17.665,1728
8369,8/2/2024 13:00,17.76,2048
8370,8/2/2024 13:15,17.95,2304
8371,8/2/2024 13:30,18.236,2432
8372,8/2/2024 13:45,18.14,2176
8373,8/2/2024 14:00,18.426,2432
8374,8/2/2024 14:15,18.806,2816
8375,8/2/2024 14:30,18.996,2304
8376,8/2/2024 14:45,18.806,1088
8377,8/2/2024 15:00,19.282,1344
8378,8/2/2024 15:15,19.377,2176
8379,8/2/2024 15:30,19.187,1920
8380,8/2/2024 15:45,19.472,3456
8381,8/2/2024 16:00,19.092,1536
8382,8/2/2024 16:15,18.996,1152
8383,8/2/2024 16:30,19.282,1024
8384,8/2/2024 16:45,19.472,960
8385,8/2/2024 17:00,19.567,1344
8386,8/2/2024 17:15,19.282,1088
8387,8/2/2024 17:30,18.996,768
8388,8/2/2024 17:45,16.999,272
8389,8/2/2024 18:00,16.332,89
8390,8/2/2024 18:15,16.427,102
8391,8/2/2024 18:30,16.523,47
8392,8/2/2024 18:45,17.094,30
8393,8/2/2024 19:00,18.236,20
8394,8/2/2024 19:15,18.521,39
8395,8/2/2024 19:30,19.377,36
8396,8/2/2024 19:45,18.996,18
8397,8/2/2024 20:00,19.092,1
8398,8/2/2024 20:15,19.092,0
8399,8/2/2024 20:30,19.092,0
8400,8/2/2024 20:45,18.996,0
8401,8/2/2024 21:00,18.711,0
8402,8/2/2024 21:15,18.996,0
8403,8/2/2024 21:30,19.187,0
8404,8/2/2024 21:45,19.377,0
8405,8/2/2024 22:00,19.472,0
8406,8/2/2024 22:15,19.472,0
8407,8/2/2024 22:30,17.95,0
8408,8/2/2024 22:45,17.665,0
8409,8/2/2024 23:00,17.379,0
8410,8/2/2024 23:15,17.76,0
8411,8/2/2024 23:30,19.187,0
8412,8/2/2024 23:45,19.567,0
8413,8/3/2024 0:00,19.758,0
8414,8/3/2024 0:15,19.853,0
8415,8/3/2024 0:30,19.948,0
8416,8/3/2024 0:45,19.948,0
8417,8/3/2024 1:00,20.043,0
8418,8/3/2024 1:15,20.043,0
8419,8/3/2024 1:30,20.043,0
8420,8/3/2024 1:45,19.472,0
8421,8/3/2024 2:00,19.377,0
8422,8/3/2024 2:15,19.282,0
8423,8/3/2024 2:30,19.187,0
8424,8/3/2024 2:45,19.092,0
8425,8/3/2024 3:00,19.092,0
8426,8/3/2024 3:15,19.092,0
8427,8/3/2024 3:30,19.092,0
8428,8/3/2024 3:45,19.092,0
8429,8/3/2024 4:00,19.187,0
8430,8/3/2024 4:15,19.187,0
8431,8/3/2024 4:30,19.187,0
8432,8/3/2024 4:45,19.187,0
8433,8/3/2024 5:00,19.092,0
8434,8/3/2024 5:15,19.092,0
8435,8/3/2024 5:30,19.187,2
8436,8/3/2024 5:45,19.187,12
8437,8/3/2024 6:00,19.187,25
8438,8/3/2024 6:15,19.187,72
8439,8/3/2024 6:30,19.282,152
8440,8/3/2024 6:45,19.282,152
8441,8/3/2024 7:00,19.282,288
8442,8/3/2024 7:15,19.187,152
8443,8/3/2024 7:30,19.187,216
8444,8/3/2024 7:45,19.187,304
8445,8/3/2024 8:00,19.187,352
8446,8/3/2024 8:15,19.282,512
8447,8/3/2024 8:30,19.187,512
8448,8/3/2024 8:45,19.092,704
8449,8/3/2024 9:00,19.187,800
8450,8/3/2024 9:15,19.377,704
8451,8/3/2024 9:30,19.472,960
8452,8/3/2024 9:45,19.472,960
8453,8/3/2024 10:00,18.806,672
8454,8/3/2024 10:15,18.426,896
8455,8/3/2024 10:30,18.426,896
8456,8/3/2024 10:45,18.426,704
8457,8/3/2024 11:00,18.711,368
8458,8/3/2024 11:15,18.996,1216
8459,8/3/2024 11:30,18.426,1536
8460,8/3/2024 11:45,17.855,1280
8461,8/3/2024 12:00,18.045,1344
8462,8/3/2024 12:15,18.331,1472
8463,8/3/2024 12:30,18.331,1408
8464,8/3/2024 12:45,18.331,1536
8465,8/3/2024 13:00,18.331,1472
8466,8/3/2024 13:15,18.521,1728
8467,8/3/2024 13:30,18.331,576
8468,8/3/2024 13:45,17.95,62
8469,8/3/2024 14:00,18.236,480
8470,8/3/2024 14:15,18.806,576
8471,8/3/2024 14:30,19.282,704
8472,8/3/2024 14:45,19.567,864
8473,8/3/2024 15:00,19.853,992
8474,8/3/2024 15:15,19.948,416
8475,8/3/2024 15:30,20.138,864
8476,8/3/2024 15:45,20.234,608
8477,8/3/2024 16:00,20.329,960
8478,8/3/2024 16:15,20.424,960
8479,8/3/2024 16:30,20.615,1728
8480,8/3/2024 16:45,20.519,1600
8481,8/3/2024 17:00,20.424,1344
8482,8/3/2024 17:15,20.329,768
8483,8/3/2024 17:30,20.329,704
8484,8/3/2024 17:45,20.329,512
8485,8/3/2024 18:00,20.424,480
8486,8/3/2024 18:15,20.329,118
8487,8/3/2024 18:30,20.234,144
8488,8/3/2024 18:45,20.234,125
8489,8/3/2024 19:00,20.043,84
8490,8/3/2024 19:15,19.853,42
8491,8/3/2024 19:30,19.662,29
8492,8/3/2024 19:45,19.377,18
8493,8/3/2024 20:00,19.282,2
8494,8/3/2024 20:15,19.377,0
8495,8/3/2024 20:30,19.377,0
8496,8/3/2024 20:45,19.377,0
8497,8/3/2024 21:00,19.377,0
8498,8/3/2024 21:15,19.187,0
8499,8/3/2024 21:30,19.187,0
8500,8/3/2024 21:45,19.187,0
8501,8/3/2024 22:00,19.282,0
8502,8/3/2024 22:15,19.377,0
8503,8/3/2024 22:30,19.377,0
8504,8/3/2024 22:45,17.95,0
8505,8/3/2024 23:00,17.57,0
8506,8/3/2024 23:15,16.713,0
8507,8/3/2024 23:30,17.475,0
8508,8/3/2024 23:45,17.76,0
8509,8/4/2024 0:00,17.76,0
8510,8/4/2024 0:15,17.475,0
8511,8/4/2024 0:30,17.665,0
8512,8/4/2024 0:45,17.855,0
8513,8/4/2024 1:00,17.855,0
8514,8/4/2024 1:15,17.76,0
8515,8/4/2024 1:30,17.76,0
8516,8/4/2024 1:45,17.665,0
8517,8/4/2024 2:00,17.665,0
8518,8/4/2024 2:15,17.95,0
8519,8/4/2024 2:30,18.331,0
8520,8/4/2024 2:45,18.426,0
8521,8/4/2024 3:00,18.616,0
8522,8/4/2024 3:15,18.806,0
8523,8/4/2024 3:30,19.092,0
8524,8/4/2024 3:45,19.187,0
8525,8/4/2024 4:00,19.377,0
8526,8/4/2024 4:15,19.472,0
8527,8/4/2024 4:30,19.567,0
8528,8/4/2024 4:45,19.567,0
8529,8/4/2024 5:00,19.567,0
8530,8/4/2024 5:15,19.567,0
8531,8/4/2024 5:30,19.662,0
8532,8/4/2024 5:45,19.662,5
8533,8/4/2024 6:00,19.662,30
8534,8/4/2024 6:15,19.758,120
8535,8/4/2024 6:30,19.758,184
8536,8/4/2024 6:45,19.853,168
8537,8/4/2024 7:00,19.948,240
8538,8/4/2024 7:15,19.853,208
8539,8/4/2024 7:30,19.662,208
8540,8/4/2024 7:45,19.662,384
8541,8/4/2024 8:00,19.567,384
8542,8/4/2024 8:15,19.662,368
8543,8/4/2024 8:30,19.758,480
8544,8/4/2024 8:45,19.853,480
8545,8/4/2024 9:00,19.948,352
8546,8/4/2024 9:15,19.662,400
8547,8/4/2024 9:30,19.662,480
8548,8/4/2024 9:45,19.662,448
8549,8/4/2024 10:00,19.758,768
8550,8/4/2024 10:15,19.758,768
8551,8/4/2024 10:30,19.758,400
8552,8/4/2024 10:45,19.758,480
8553,8/4/2024 11:00,19.758,448
8554,8/4/2024 11:15,19.853,512
8555,8/4/2024 11:30,18.996,576
8556,8/4/2024 11:45,17.284,800
8557,8/4/2024 12:00,17.76,576
8558,8/4/2024 12:15,16.713,216
8559,8/4/2024 12:30,17.379,200
8560,8/4/2024 12:45,16.618,91
8561,8/4/2024 13:00,19.187,336
8562,8/4/2024 13:15,19.282,272
8563,8/4/2024 13:30,19.377,400
8564,8/4/2024 13:45,19.758,800
8565,8/4/2024 14:00,19.948,416
8566,8/4/2024 14:15,20.043,112
8567,8/4/2024 14:30,20.234,272
8568,8/4/2024 14:45,20.234,184
8569,8/4/2024 15:00,20.329,101
8570,8/4/2024 15:15,20.424,91
8571,8/4/2024 15:30,20.71,512
8572,8/4/2024 15:45,20.615,89
8573,8/4/2024 16:00,20.615,61
8574,8/4/2024 16:15,20.519,168
8575,8/4/2024 16:30,20.519,432
8576,8/4/2024 16:45,20.329,168
8577,8/4/2024 17:00,20.234,200
8578,8/4/2024 17:15,19.948,320
8579,8/4/2024 17:30,19.853,98
8580,8/4/2024 17:45,19.853,78
8581,8/4/2024 18:00,19.853,95
8582,8/4/2024 18:15,19.948,88
8583,8/4/2024 18:30,20.043,160
8584,8/4/2024 18:45,20.043,128
8585,8/4/2024 19:00,20.043,71
8586,8/4/2024 19:15,20.043,52
8587,8/4/2024 19:30,20.138,30
8588,8/4/2024 19:45,20.138,20
8589,8/4/2024 20:00,20.138,3
8590,8/4/2024 20:15,20.234,0
8591,8/4/2024 20:30,20.234,0
8592,8/4/2024 20:45,20.234,0
8593,8/4/2024 21:00,20.138,0
8594,8/4/2024 21:15,20.138,0
8595,8/4/2024 21:30,20.138,0
8596,8/4/2024 21:45,20.138,0
8597,8/4/2024 22:00,18.901,0
8598,8/4/2024 22:15,18.806,0
8599,8/4/2024 22:30,18.616,0
8600,8/4/2024 22:45,18.045,0
8601,8/4/2024 23:00,17.95,0
8602,8/4/2024 23:15,17.95,0
8603,8/4/2024 23:30,18.14,0
8604,8/4/2024 23:45,18.331,0
8605,8/5/2024 0:00,17.76,0
8606,8/5/2024 0:15,18.045,0
8607,8/5/2024 0:30,18.045,0
8608,8/5/2024 0:45,18.236,0
8609,8/5/2024 1:00,18.426,0
8610,8/5/2024 1:15,18.521,0
8611,8/5/2024 1:30,18.616,0
8612,8/5/2024 1:45,18.711,0
8613,8/5/2024 2:00,18.806,0
8614,8/5/2024 2:15,18.806,0
8615,8/5/2024 2:30,18.996,0
8616,8/5/2024 2:45,19.092,0
8617,8/5/2024 3:00,19.092,0
8618,8/5/2024 3:15,19.187,0
8619,8/5/2024 3:30,19.187,0
8620,8/5/2024 3:45,19.282,0
8621,8/5/2024 4:00,19.377,0
8622,8/5/2024 4:15,19.472,0
8623,8/5/2024 4:30,19.472,0
8624,8/5/2024 4:45,19.377,0
8625,8/5/2024 5:00,19.377,0
8626,8/5/2024 5:15,19.377,0
8627,8/5/2024 5:30,19.377,1
8628,8/5/2024 5:45,19.377,17
8629,8/5/2024 6:00,19.377,53
8630,8/5/2024 6:15,19.187,84
8631,8/5/2024 6:30,19.377,152
8632,8/5/2024 6:45,19.758,224
8633,8/5/2024 7:00,19.948,288
8634,8/5/2024 7:15,20.138,320
8635,8/5/2024 7:30,20.234,432
8636,8/5/2024 7:45,20.329,464
8637,8/5/2024 8:00,20.329,384
8638,8/5/2024 8:15,20.329,672
8639,8/5/2024 8:30,20.424,672
8640,8/5/2024 8:45,20.329,864
8641,8/5/2024 9:00,20.138,768
8642,8/5/2024 9:15,20.234,896
8643,8/5/2024 9:30,20.329,864
8644,8/5/2024 9:45,20.519,1024
8645,8/5/2024 10:00,20.519,960
8646,8/5/2024 10:15,20.71,1024
8647,8/5/2024 10:30,20.71,864
8648,8/5/2024 10:45,20.71,896
8649,8/5/2024 11:00,20.71,1152
8650,8/5/2024 11:15,19.092,992
8651,8/5/2024 11:30,18.996,960
8652,8/5/2024 11:45,18.236,960
8653,8/5/2024 12:00,18.236,896
8654,8/5/2024 12:15,18.331,864
8655,8/5/2024 12:30,17.665,992
8656,8/5/2024 12:45,17.475,960
8657,8/5/2024 13:00,16.903,960
8658,8/5/2024 13:15,17.284,800
8659,8/5/2024 13:30,18.236,896
8660,8/5/2024 13:45,18.331,992
8661,8/5/2024 14:00,18.236,768
8662,8/5/2024 14:15,18.236,864
8663,8/5/2024 14:30,18.616,992
8664,8/5/2024 14:45,18.806,1024
8665,8/5/2024 15:00,19.092,1088
8666,8/5/2024 15:15,19.282,672
8667,8/5/2024 15:30,19.282,416
8668,8/5/2024 15:45,19.472,384
8669,8/5/2024 16:00,19.662,288
8670,8/5/2024 16:15,19.853,576
8671,8/5/2024 16:30,19.948,496
8672,8/5/2024 16:45,19.948,432
8673,8/5/2024 17:00,19.948,768
8674,8/5/2024 17:15,19.948,672
8675,8/5/2024 17:30,20.043,672
8676,8/5/2024 17:45,19.948,400
8677,8/5/2024 18:00,19.758,256
8678,8/5/2024 18:15,19.758,256
8679,8/5/2024 18:30,19.758,122
8680,8/5/2024 18:45,19.853,160
8681,8/5/2024 19:00,19.948,112
8682,8/5/2024 19:15,20.043,32
8683,8/5/2024 19:30,20.138,21
8684,8/5/2024 19:45,20.329,12
8685,8/5/2024 20:00,20.519,2
8686,8/5/2024 20:15,20.519,0
8687,8/5/2024 20:30,20.424,0
8688,8/5/2024 20:45,20.138,0
8689,8/5/2024 21:00,20.043,0
8690,8/5/2024 21:15,20.138,0
8691,8/5/2024 21:30,20.138,0
8692,8/5/2024 21:45,20.138,0
8693,8/5/2024 22:00,20.138,0
8694,8/5/2024 22:15,20.138,0
8695,8/5/2024 22:30,19.567,0
8696,8/5/2024 22:45,18.14,0
8697,8/5/2024 23:00,17.95,0
8698,8/5/2024 23:15,17.189,0
8699,8/5/2024 23:30,15.664,0
8700,8/5/2024 23:45,15.378,0
8701,8/6/2024 0:00,15.282,0
8702,8/6/2024 0:15,15.378,0
8703,8/6/2024 0:30,15.473,0
8704,8/6/2024 0:45,15.187,0
8705,8/6/2024 1:00,15.282,0
8706,8/6/2024 1:15,15.282,0
8707,8/6/2024 1:30,16.523,0
8708,8/6/2024 1:45,17.189,0
8709,8/6/2024 2:00,18.14,0
8710,8/6/2024 2:15,18.711,0
8711,8/6/2024 2:30,19.282,0
8712,8/6/2024 2:45,19.662,0
8713,8/6/2024 3:00,19.853,0
8714,8/6/2024 3:15,19.853,0
8715,8/6/2024 3:30,19.853,0
8716,8/6/2024 3:45,19.662,0
8717,8/6/2024 4:00,19.853,0
8718,8/6/2024 4:15,19.948,0
8719,8/6/2024 4:30,19.948,0
8720,8/6/2024 4:45,19.948,0
8721,8/6/2024 5:00,19.567,0
8722,8/6/2024 5:15,19.092,0
8723,8/6/2024 5:30,19.092,0
8724,8/6/2024 5:45,19.092,2
8725,8/6/2024 6:00,18.996,9
8726,8/6/2024 6:15,18.996,11
8727,8/6/2024 6:30,18.996,16
8728,8/6/2024 6:45,18.711,26
8729,8/6/2024 7:00,18.806,43
8730,8/6/2024 7:15,18.901,55
8731,8/6/2024 7:30,19.092,33
8732,8/6/2024 7:45,19.187,42
8733,8/6/2024 8:00,19.282,124
8734,8/6/2024 8:15,19.377,48
8735,8/6/2024 8:30,19.377,105
8736,8/6/2024 8:45,19.377,38
8737,8/6/2024 9:00,19.377,65
8738,8/6/2024 9:15,19.377,107
8739,8/6/2024 9:30,19.472,110
8740,8/6/2024 9:45,19.567,240
8741,8/6/2024 10:00,19.662,672
8742,8/6/2024 10:15,19.377,304
8743,8/6/2024 10:30,19.187,192
8744,8/6/2024 10:45,19.187,320
8745,8/6/2024 11:00,19.092,80
8746,8/6/2024 11:15,18.711,109
8747,8/6/2024 11:30,18.616,136
8748,8/6/2024 11:45,17.95,160
8749,8/6/2024 12:00,17.665,160
8750,8/6/2024 12:15,17.57,118
8751,8/6/2024 12:30,17.284,144
8752,8/6/2024 12:45,17.284,176
8753,8/6/2024 13:00,17.284,256
8754,8/6/2024 13:15,17.379,240
8755,8/6/2024 13:30,17.379,144
8756,8/6/2024 13:45,17.475,176
8757,8/6/2024 14:00,17.379,200
8758,8/6/2024 14:15,17.475,368
8759,8/6/2024 14:30,17.379,224
8760,8/6/2024 14:45,17.379,200
8761,8/6/2024 15:00,17.379,320
8762,8/6/2024 15:15,17.475,416
8763,8/6/2024 15:30,17.57,320
8764,8/6/2024 15:45,17.57,432
8765,8/6/2024 16:00,17.665,336
8766,8/6/2024 16:15,17.95,496
8767,8/6/2024 16:30,17.855,288
8768,8/6/2024 16:45,18.045,864
8769,8/6/2024 17:00,18.14,352
8770,8/6/2024 17:15,18.236,208
8771,8/6/2024 17:30,18.331,208
8772,8/6/2024 17:45,18.426,200
8773,8/6/2024 18:00,18.711,118
8774,8/6/2024 18:15,18.806,96
8775,8/6/2024 18:30,19.092,168
8776,8/6/2024 18:45,19.187,63
8777,8/6/2024 19:00,19.282,66
8778,8/6/2024 19:15,19.472,35
8779,8/6/2024 19:30,19.567,10
8780,8/6/2024 19:45,19.567,6
8781,8/6/2024 20:00,19.662,0
8782,8/6/2024 20:15,19.662,0
8783,8/6/2024 20:30,19.758,0
8784,8/6/2024 20:45,19.758,0
8785,8/6/2024 21:00,19.662,0
8786,8/6/2024 21:15,19.662,0
8787,8/6/2024 21:30,19.758,0
8788,8/6/2024 21:45,19.758,0
8789,8/6/2024 22:00,19.662,0
8790,8/6/2024 22:15,19.567,0
8791,8/6/2024 22:30,19.567,0
8792,8/6/2024 22:45,19.472,0
8793,8/6/2024 23:00,18.901,0
8794,8/6/2024 23:15,19.282,0
8795,8/6/2024 23:30,18.901,0
8796,8/6/2024 23:45,18.901,0
8797,8/7/2024 0:00,19.092,0
8798,8/7/2024 0:15,18.996,0
8799,8/7/2024 0:30,18.996,0
8800,8/7/2024 0:45,19.092,0
8801,8/7/2024 1:00,17.189,0
8802,8/7/2024 1:15,16.808,0
8803,8/7/2024 1:30,16.618,0
8804,8/7/2024 1:45,16.713,0
8805,8/7/2024 2:00,16.618,0
8806,8/7/2024 2:15,16.618,0
8807,8/7/2024 2:30,17.094,0
8808,8/7/2024 2:45,17.189,0
8809,8/7/2024 3:00,17.76,0
8810,8/7/2024 3:15,17.95,0
8811,8/7/2024 3:30,18.426,0
8812,8/7/2024 3:45,18.426,0
8813,8/7/2024 4:00,18.426,0
8814,8/7/2024 4:15,18.331,0
8815,8/7/2024 4:30,18.521,0
8816,8/7/2024 4:45,18.616,0
8817,8/7/2024 5:00,18.616,0
8818,8/7/2024 5:15,18.711,0
8819,8/7/2024 5:30,18.806,0
8820,8/7/2024 5:45,18.806,0
8821,8/7/2024 6:00,18.901,4
8822,8/7/2024 6:15,18.996,12
8823,8/7/2024 6:30,18.996,19
8824,8/7/2024 6:45,19.092,22
8825,8/7/2024 7:00,19.092,40
8826,8/7/2024 7:15,19.092,66
8827,8/7/2024 7:30,19.092,120
8828,8/7/2024 7:45,19.092,168
8829,8/7/2024 8:00,19.092,192
8830,8/7/2024 8:15,19.092,224
8831,8/7/2024 8:30,19.187,512
8832,8/7/2024 8:45,19.187,432
8833,8/7/2024 9:00,19.282,608
8834,8/7/2024 9:15,19.187,432
8835,8/7/2024 9:30,19.282,512
8836,8/7/2024 9:45,19.282,480
8837,8/7/2024 10:00,19.377,608
8838,8/7/2024 10:15,19.377,608
8839,8/7/2024 10:30,19.282,448
8840,8/7/2024 10:45,19.282,320
8841,8/7/2024 11:00,19.282,256
8842,8/7/2024 11:15,18.996,608
8843,8/7/2024 11:30,18.806,512
8844,8/7/2024 11:45,18.806,464
8845,8/7/2024 12:00,18.711,496
8846,8/7/2024 12:15,18.616,320
8847,8/7/2024 12:30,18.426,368
8848,8/7/2024 12:45,18.521,304
8849,8/7/2024 13:00,18.521,336
8850,8/7/2024 13:15,18.711,576
8851,8/7/2024 13:30,18.806,480
8852,8/7/2024 13:45,18.616,464
8853,8/7/2024 14:00,18.521,496
8854,8/7/2024 14:15,18.426,1024
8855,8/7/2024 14:30,18.426,800
8856,8/7/2024 14:45,18.711,1152
8857,8/7/2024 15:00,18.711,1152
8858,8/7/2024 15:15,18.901,768
8859,8/7/2024 15:30,19.092,1088
8860,8/7/2024 15:45,19.187,800
8861,8/7/2024 16:00,19.377,768
8862,8/7/2024 16:15,19.282,768
8863,8/7/2024 16:30,19.472,608
8864,8/7/2024 16:45,19.472,608
8865,8/7/2024 17:00,19.567,608
8866,8/7/2024 17:15,19.567,512
8867,8/7/2024 17:30,19.758,496
8868,8/7/2024 17:45,19.758,464
8869,8/7/2024 18:00,19.853,384
8870,8/7/2024 18:15,19.853,320
8871,8/7/2024 18:30,19.853,208
8872,8/7/2024 18:45,19.948,304
8873,8/7/2024 19:00,19.948,256
8874,8/7/2024 19:15,19.948,168
8875,8/7/2024 19:30,19.853,77
8876,8/7/2024 19:45,19.853,31
8877,8/7/2024 20:00,19.853,7
8878,8/7/2024 20:15,19.853,0
8879,8/7/2024 20:30,19.758,0
8880,8/7/2024 20:45,19.853,0
8881,8/7/2024 21:00,19.853,0
8882,8/7/2024 21:15,19.853,0
8883,8/7/2024 21:30,19.853,0
8884,8/7/2024 21:45,19.758,0
8885,8/7/2024 22:00,19.758,0
8886,8/7/2024 22:15,19.758,0
8887,8/7/2024 22:30,19.758,0
8888,8/7/2024 22:45,19.758,0
8889,8/7/2024 23:00,19.758,0
8890,8/7/2024 23:15,19.758,0
8891,8/7/2024 23:30,19.758,0
8892,8/7/2024 23:45,19.758,0
8893,8/8/2024 0:00,19.758,0
8894,8/8/2024 0:15,19.758,0
8895,8/8/2024 0:30,19.567,0
8896,8/8/2024 0:45,19.567,0
8897,8/8/2024 1:00,18.711,0
8898,8/8/2024 1:15,18.236,0
8899,8/8/2024 1:30,17.855,0
8900,8/8/2024 1:45,17.76,0
8901,8/8/2024 2:00,17.855,0
8902,8/8/2024 2:15,18.331,0
8903,8/8/2024 2:30,18.236,0
8904,8/8/2024 2:45,18.616,0
8905,8/8/2024 3:00,18.711,0
8906,8/8/2024 3:15,18.616,0
8907,8/8/2024 3:30,18.806,0
8908,8/8/2024 3:45,18.996,0
8909,8/8/2024 4:00,19.377,0
8910,8/8/2024 4:15,19.472,0
8911,8/8/2024 4:30,19.567,0
8912,8/8/2024 4:45,19.567,0
8913,8/8/2024 5:00,19.567,0
8914,8/8/2024 5:15,19.472,0
8915,8/8/2024 5:30,19.472,0
8916,8/8/2024 5:45,19.472,11
8917,8/8/2024 6:00,19.472,40
8918,8/8/2024 6:15,19.472,79
8919,8/8/2024 6:30,19.472,160
8920,8/8/2024 6:45,19.567,272
8921,8/8/2024 7:00,19.567,368
8922,8/8/2024 7:15,19.662,576
8923,8/8/2024 7:30,19.758,576
8924,8/8/2024 7:45,19.853,960
8925,8/8/2024 8:00,19.948,1344
8926,8/8/2024 8:15,19.948,1152
8927,8/8/2024 8:30,20.138,1728
8928,8/8/2024 8:45,20.138,1920
8929,8/8/2024 9:00,20.234,1856
8930,8/8/2024 9:15,20.329,1600
8931,8/8/2024 9:30,20.234,1152
8932,8/8/2024 9:45,20.138,1344
8933,8/8/2024 10:00,20.329,2560
8934,8/8/2024 10:15,20.329,4096
8935,8/8/2024 10:30,20.329,4608
8936,8/8/2024 10:45,20.234,2816
8937,8/8/2024 11:00,20.329,2688
8938,8/8/2024 11:15,20.329,2816
8939,8/8/2024 11:30,20.329,1536
8940,8/8/2024 11:45,20.329,1408
8941,8/8/2024 12:00,20.329,1344
8942,8/8/2024 12:15,20.138,1088
8943,8/8/2024 12:30,20.234,896
8944,8/8/2024 12:45,20.138,896
8945,8/8/2024 13:00,18.711,2048
8946,8/8/2024 13:15,18.045,1856
8947,8/8/2024 13:30,17.95,1664
8948,8/8/2024 13:45,18.236,1472
8949,8/8/2024 14:00,18.331,864
8950,8/8/2024 14:15,18.521,1216
8951,8/8/2024 14:30,18.236,576
8952,8/8/2024 14:45,18.045,512
8953,8/8/2024 15:00,17.95,416
8954,8/8/2024 15:15,17.855,512
8955,8/8/2024 15:30,17.855,576
8956,8/8/2024 15:45,18.236,512
8957,8/8/2024 16:00,18.14,496
8958,8/8/2024 16:15,18.426,464
8959,8/8/2024 16:30,18.521,448
8960,8/8/2024 16:45,18.616,368
8961,8/8/2024 17:00,18.711,368
8962,8/8/2024 17:15,18.711,152
8963,8/8/2024 17:30,18.711,144
8964,8/8/2024 17:45,18.806,113
8965,8/8/2024 18:00,18.806,184
8966,8/8/2024 18:15,18.901,136
8967,8/8/2024 18:30,19.187,144
8968,8/8/2024 18:45,19.187,101
8969,8/8/2024 19:00,19.187,39
8970,8/8/2024 19:15,19.187,17
8971,8/8/2024 19:30,19.187,11
8972,8/8/2024 19:45,19.187,3
8973,8/8/2024 20:00,19.187,0
8974,8/8/2024 20:15,19.187,0
8975,8/8/2024 20:30,19.282,0
8976,8/8/2024 20:45,19.472,0
8977,8/8/2024 21:00,19.567,0
8978,8/8/2024 21:15,19.567,0
8979,8/8/2024 21:30,19.948,0
8980,8/8/2024 21:45,20.138,0
8981,8/8/2024 22:00,20.138,0
8982,8/8/2024 22:15,20.234,0
8983,8/8/2024 22:30,20.234,0
8984,8/8/2024 22:45,20.138,0
8985,8/8/2024 23:00,20.043,0
8986,8/8/2024 23:15,19.758,0
8987,8/8/2024 23:30,19.758,0
8988,8/8/2024 23:45,19.662,0
8989,8/9/2024 0:00,19.758,0
8990,8/9/2024 0:15,19.662,0
8991,8/9/2024 0:30,19.567,0
8992,8/9/2024 0:45,19.472,0
8993,8/9/2024 1:00,19.377,0
8994,8/9/2024 1:15,18.236,0
8995,8/9/2024 1:30,17.855,0
8996,8/9/2024 1:45,17.665,0
8997,8/9/2024 2:00,17.189,0
8998,8/9/2024 2:15,16.999,0
8999,8/9/2024 2:30,16.903,0
9000,8/9/2024 2:45,16.523,0
9001,8/9/2024 3:00,16.713,0
9002,8/9/2024 3:15,16.141,0
9003,8/9/2024 3:30,16.332,0
9004,8/9/2024 3:45,16.427,0
9005,8/9/2024 4:00,16.427,0
9006,8/9/2024 4:15,16.618,0
9007,8/9/2024 4:30,16.999,0
9008,8/9/2024 4:45,17.094,0
9009,8/9/2024 5:00,17.475,0
9010,8/9/2024 5:15,17.76,0
9011,8/9/2024 5:30,18.045,0
9012,8/9/2024 5:45,18.521,0
9013,8/9/2024 6:00,18.616,9
9014,8/9/2024 6:15,18.711,20
9015,8/9/2024 6:30,18.806,27
9016,8/9/2024 6:45,18.901,65
9017,8/9/2024 7:00,18.901,89
9018,8/9/2024 7:15,18.901,118
9019,8/9/2024 7:30,18.901,160
9020,8/9/2024 7:45,18.806,240
9021,8/9/2024 8:00,18.711,288
9022,8/9/2024 8:15,18.616,576
9023,8/9/2024 8:30,18.331,304
9024,8/9/2024 8:45,18.331,512
9025,8/9/2024 9:00,18.331,432
9026,8/9/2024 9:15,18.331,304
9027,8/9/2024 9:30,18.521,896
9028,8/9/2024 9:45,18.521,768
9029,8/9/2024 10:00,18.521,512
9030,8/9/2024 10:15,18.521,416
9031,8/9/2024 10:30,18.616,480
9032,8/9/2024 10:45,18.711,512
9033,8/9/2024 11:00,18.806,896
9034,8/9/2024 11:15,18.806,608
9035,8/9/2024 11:30,18.996,1152
9036,8/9/2024 11:45,18.996,1088
9037,8/9/2024 12:00,18.996,608
9038,8/9/2024 12:15,19.092,864
9039,8/9/2024 12:30,19.092,960
9040,8/9/2024 12:45,19.092,1152
9041,8/9/2024 13:00,18.806,992
9042,8/9/2024 13:15,18.616,992
9043,8/9/2024 13:30,18.806,704
9044,8/9/2024 13:45,19.187,1536
9045,8/9/2024 14:00,19.282,1152
9046,8/9/2024 14:15,19.282,672
9047,8/9/2024 14:30,18.045,512
9048,8/9/2024 14:45,17.665,480
9049,8/9/2024 15:00,17.094,704
9050,8/9/2024 15:15,16.999,608
9051,8/9/2024 15:30,17.665,384
9052,8/9/2024 15:45,16.808,480
9053,8/9/2024 16:00,16.332,576
9054,8/9/2024 16:15,16.141,400
9055,8/9/2024 16:30,16.046,432
9056,8/9/2024 16:45,16.141,512
9057,8/9/2024 17:00,16.046,416
9058,8/9/2024 17:15,16.046,320
9059,8/9/2024 17:30,15.951,288
9060,8/9/2024 17:45,15.664,232
9061,8/9/2024 18:00,15.951,224
9062,8/9/2024 18:15,16.618,224
9063,8/9/2024 18:30,17.094,208
9064,8/9/2024 18:45,17.475,160
9065,8/9/2024 19:00,17.855,98
9066,8/9/2024 19:15,17.855,49
9067,8/9/2024 19:30,18.045,23
9068,8/9/2024 19:45,17.95,8
9069,8/9/2024 20:00,17.95,0
9070,8/9/2024 20:15,17.95,0
9071,8/9/2024 20:30,18.045,0
9072,8/9/2024 20:45,18.045,0
9073,8/9/2024 21:00,18.236,0
9074,8/9/2024 21:15,18.426,0
9075,8/9/2024 21:30,18.616,0
9076,8/9/2024 21:45,18.711,0
9077,8/9/2024 22:00,18.711,0
9078,8/9/2024 22:15,18.806,0
9079,8/9/2024 22:30,19.092,0
9080,8/9/2024 22:45,19.092,0
9081,8/9/2024 23:00,18.711,0
9082,8/9/2024 23:15,18.711,0
9083,8/9/2024 23:30,18.14,0
9084,8/9/2024 23:45,17.855,0
9085,8/10/2024 0:00,17.76,0
9086,8/10/2024 0:15,17.855,0
9087,8/10/2024 0:30,17.855,0
9088,8/10/2024 0:45,17.665,0
9089,8/10/2024 1:00,17.475,0
9090,8/10/2024 1:15,15.569,0
9091,8/10/2024 1:30,14.613,0
9092,8/10/2024 1:45,15.187,0
9093,8/10/2024 2:00,16.903,0
9094,8/10/2024 2:15,16.713,0
9095,8/10/2024 2:30,16.808,0
9096,8/10/2024 2:45,16.713,0
9097,8/10/2024 3:00,16.713,0
9098,8/10/2024 3:15,16.808,0
9099,8/10/2024 3:30,16.713,0
9100,8/10/2024 3:45,16.427,0
9101,8/10/2024 4:00,16.141,0
9102,8/10/2024 4:15,14.613,0
9103,8/10/2024 4:30,16.808,0
9104,8/10/2024 4:45,16.999,0
9105,8/10/2024 5:00,16.999,0
9106,8/10/2024 5:15,16.903,0
9107,8/10/2024 5:30,17.094,0
9108,8/10/2024 5:45,17.189,0
9109,8/10/2024 6:00,17.189,9
9110,8/10/2024 6:15,17.189,18
9111,8/10/2024 6:30,17.189,34
9112,8/10/2024 6:45,17.189,48
9113,8/10/2024 7:00,17.284,136
9114,8/10/2024 7:15,17.284,208
9115,8/10/2024 7:30,17.379,480
9116,8/10/2024 7:45,17.475,704
9117,8/10/2024 8:00,17.379,192
9118,8/10/2024 8:15,17.475,496
9119,8/10/2024 8:30,17.475,864
9120,8/10/2024 8:45,16.808,2304
9121,8/10/2024 9:00,16.903,1408
9122,8/10/2024 9:15,17.094,1280
9123,8/10/2024 9:30,17.475,3456
9124,8/10/2024 9:45,18.616,1408
9125,8/10/2024 10:00,18.711,1920
9126,8/10/2024 10:15,18.806,1792
9127,8/10/2024 10:30,18.806,1984
9128,8/10/2024 10:45,18.901,2560
9129,8/10/2024 11:00,18.236,2688
9130,8/10/2024 11:15,17.76,3840
9131,8/10/2024 11:30,17.284,672
9132,8/10/2024 11:45,17.57,3968
9133,8/10/2024 12:00,17.665,768
9134,8/10/2024 12:15,18.521,3712
9135,8/10/2024 12:30,18.331,2304
9136,8/10/2024 12:45,18.616,3968
9137,8/10/2024 13:00,18.616,1024
9138,8/10/2024 13:15,18.711,2688
9139,8/10/2024 13:30,18.426,2176
9140,8/10/2024 13:45,18.045,1600
9141,8/10/2024 14:00,17.189,1536
9142,8/10/2024 14:15,16.523,1600
9143,8/10/2024 14:30,16.141,992
9144,8/10/2024 14:45,16.523,1408
9145,8/10/2024 15:00,17.665,256
9146,8/10/2024 15:15,18.426,896
9147,8/10/2024 15:30,18.806,864
9148,8/10/2024 15:45,18.901,800
9149,8/10/2024 16:00,17.379,608
9150,8/10/2024 16:15,16.523,672
9151,8/10/2024 16:30,16.808,512
9152,8/10/2024 16:45,19.377,480
9153,8/10/2024 17:00,19.662,464
9154,8/10/2024 17:15,19.377,384
9155,8/10/2024 17:30,19.092,336
9156,8/10/2024 17:45,18.996,288
9157,8/10/2024 18:00,19.282,256
9158,8/10/2024 18:15,19.377,216
9159,8/10/2024 18:30,19.377,176
9160,8/10/2024 18:45,18.996,128
9161,8/10/2024 19:00,18.616,108
9162,8/10/2024 19:15,18.521,75
9163,8/10/2024 19:30,18.236,54
9164,8/10/2024 19:45,18.236,14
9165,8/10/2024 20:00,18.236,2
9166,8/10/2024 20:15,18.331,0
9167,8/10/2024 20:30,18.331,0
9168,8/10/2024 20:45,18.426,0
9169,8/10/2024 21:00,18.616,0
9170,8/10/2024 21:15,18.806,0
9171,8/10/2024 21:30,18.806,0
9172,8/10/2024 21:45,18.806,0
9173,8/10/2024 22:00,18.806,0
9174,8/10/2024 22:15,18.901,0
9175,8/10/2024 22:30,18.901,0
9176,8/10/2024 22:45,18.996,0
9177,8/10/2024 23:00,18.996,0
9178,8/10/2024 23:15,18.996,0
9179,8/10/2024 23:30,19.092,0
9180,8/10/2024 23:45,19.092,0
9181,8/11/2024 0:00,19.092,0
9182,8/11/2024 0:15,19.092,0
9183,8/11/2024 0:30,19.092,0
9184,8/11/2024 0:45,19.092,0
9185,8/11/2024 1:00,19.092,0
9186,8/11/2024 1:15,18.996,0
9187,8/11/2024 1:30,18.901,0
9188,8/11/2024 1:45,18.616,0
9189,8/11/2024 2:00,18.521,0
9190,8/11/2024 2:15,18.521,0
9191,8/11/2024 2:30,18.236,0
9192,8/11/2024 2:45,18.045,0
9193,8/11/2024 3:00,18.331,0
9194,8/11/2024 3:15,18.521,0
9195,8/11/2024 3:30,18.616,0
9196,8/11/2024 3:45,18.616,0
9197,8/11/2024 4:00,18.616,0
9198,8/11/2024 4:15,18.616,0
9199,8/11/2024 4:30,18.616,0
9200,8/11/2024 4:45,18.616,0
9201,8/11/2024 5:00,18.426,0
9202,8/11/2024 5:15,18.426,0
9203,8/11/2024 5:30,18.426,0
9204,8/11/2024 5:45,18.426,5
9205,8/11/2024 6:00,18.521,20
9206,8/11/2024 6:15,18.616,41
9207,8/11/2024 6:30,18.616,89
9208,8/11/2024 6:45,18.616,152
9209,8/11/2024 7:00,18.711,200
9210,8/11/2024 7:15,18.711,232
9211,8/11/2024 7:30,18.806,448
9212,8/11/2024 7:45,18.806,448
9213,8/11/2024 8:00,18.901,768
9214,8/11/2024 8:15,18.996,992
9215,8/11/2024 8:30,19.092,1024
9216,8/11/2024 8:45,19.092,1344
9217,8/11/2024 9:00,19.187,1344
9218,8/11/2024 9:15,19.282,2176
9219,8/11/2024 9:30,19.282,1984
9220,8/11/2024 9:45,19.377,2304
9221,8/11/2024 10:00,19.472,3072
9222,8/11/2024 10:15,19.377,2304
9223,8/11/2024 10:30,19.567,3072
9224,8/11/2024 10:45,19.662,3584
9225,8/11/2024 11:00,19.472,1728
9226,8/11/2024 11:15,19.758,2688
9227,8/11/2024 11:30,19.948,3456
9228,8/11/2024 11:45,19.853,3072
9229,8/11/2024 12:00,19.853,4096
9230,8/11/2024 12:15,19.853,2048
9231,8/11/2024 12:30,19.758,2688
9232,8/11/2024 12:45,19.948,2816
9233,8/11/2024 13:00,19.948,2176
9234,8/11/2024 13:15,20.043,2432
9235,8/11/2024 13:30,19.948,1152
9236,8/11/2024 13:45,19.948,1920
9237,8/11/2024 14:00,20.043,1472
9238,8/11/2024 14:15,20.234,1792
9239,8/11/2024 14:30,20.234,1472
9240,8/11/2024 14:45,20.138,672
9241,8/11/2024 15:00,19.472,960
9242,8/11/2024 15:15,18.806,512
9243,8/11/2024 15:30,18.806,512
9244,8/11/2024 15:45,18.806,800
9245,8/11/2024 16:00,18.426,768
9246,8/11/2024 16:15,18.426,672
9247,8/11/2024 16:30,17.95,576
9248,8/11/2024 16:45,18.045,216
9249,8/11/2024 17:00,18.045,400
9250,8/11/2024 17:15,17.094,336
9251,8/11/2024 17:30,17.189,320
9252,8/11/2024 17:45,17.284,121
9253,8/11/2024 18:00,17.95,240
9254,8/11/2024 18:15,18.236,89
9255,8/11/2024 18:30,18.521,160
9256,8/11/2024 18:45,18.616,92
9257,8/11/2024 19:00,18.901,42
9258,8/11/2024 19:15,18.901,36
9259,8/11/2024 19:30,18.901,28
9260,8/11/2024 19:45,18.901,7
9261,8/11/2024 20:00,18.806,0
9262,8/11/2024 20:15,18.711,0
9263,8/11/2024 20:30,18.806,0
9264,8/11/2024 20:45,18.806,0
9265,8/11/2024 21:00,18.806,0
9266,8/11/2024 21:15,18.711,0
9267,8/11/2024 21:30,18.711,0
9268,8/11/2024 21:45,18.711,0
9269,8/11/2024 22:00,18.711,0
9270,8/11/2024 22:15,18.711,0
9271,8/11/2024 22:30,18.806,0
9272,8/11/2024 22:45,18.806,0
9273,8/11/2024 23:00,18.711,0
9274,8/11/2024 23:15,18.711,0
9275,8/11/2024 23:30,18.806,0
9276,8/11/2024 23:45,19.092,0
9277,8/12/2024 0:00,19.187,0
9278,8/12/2024 0:15,19.282,0
9279,8/12/2024 0:30,19.377,0
9280,8/12/2024 0:45,19.282,0
9281,8/12/2024 1:00,19.187,0
9282,8/12/2024 1:15,19.092,0
9283,8/12/2024 1:30,19.092,0
9284,8/12/2024 1:45,19.187,0
9285,8/12/2024 2:00,19.377,0
9286,8/12/2024 2:15,19.377,0
9287,8/12/2024 2:30,19.377,0
9288,8/12/2024 2:45,19.377,0
9289,8/12/2024 3:00,19.187,0
9290,8/12/2024 3:15,19.187,0
9291,8/12/2024 3:30,19.092,0
9292,8/12/2024 3:45,19.187,0
9293,8/12/2024 4:00,18.996,0
9294,8/12/2024 4:15,19.187,0
9295,8/12/2024 4:30,19.377,0
9296,8/12/2024 4:45,19.282,0
9297,8/12/2024 5:00,19.282,0
9298,8/12/2024 5:15,19.187,0
9299,8/12/2024 5:30,19.187,0
9300,8/12/2024 5:45,19.187,3
9301,8/12/2024 6:00,19.187,16
9302,8/12/2024 6:15,19.187,30
9303,8/12/2024 6:30,19.187,66
9304,8/12/2024 6:45,19.282,106
9305,8/12/2024 7:00,19.282,160
9306,8/12/2024 7:15,19.282,208
9307,8/12/2024 7:30,19.282,304
9308,8/12/2024 7:45,19.282,368
9309,8/12/2024 8:00,19.377,496
9310,8/12/2024 8:15,19.472,704
9311,8/12/2024 8:30,19.567,800
9312,8/12/2024 8:45,19.567,1152
9313,8/12/2024 9:00,19.662,1088
9314,8/12/2024 9:15,19.758,1344
9315,8/12/2024 9:30,19.853,1536
9316,8/12/2024 9:45,19.948,2048
9317,8/12/2024 10:00,20.043,1728
9318,8/12/2024 10:15,20.138,2816
9319,8/12/2024 10:30,20.234,2560
9320,8/12/2024 10:45,20.138,3200
9321,8/12/2024 11:00,20.234,2304
9322,8/12/2024 11:15,20.234,3584
9323,8/12/2024 11:30,20.329,2816
9324,8/12/2024 11:45,20.424,2816
9325,8/12/2024 12:00,20.138,4096
9326,8/12/2024 12:15,20.424,1344
9327,8/12/2024 12:30,20.329,704
9328,8/12/2024 12:45,20.424,2688
9329,8/12/2024 13:00,20.615,1984
9330,8/12/2024 13:15,20.424,704
9331,8/12/2024 13:30,20.519,2944
9332,8/12/2024 13:45,20.043,480
9333,8/12/2024 14:00,20.329,1024
9334,8/12/2024 14:15,20.138,1088
9335,8/12/2024 14:30,19.948,768
9336,8/12/2024 14:45,19.948,336
9337,8/12/2024 15:00,19.948,288
9338,8/12/2024 15:15,19.948,240
9339,8/12/2024 15:30,19.948,152
9340,8/12/2024 15:45,20.234,960
9341,8/12/2024 16:00,20.138,304
9342,8/12/2024 16:15,20.043,136
9343,8/12/2024 16:30,20.043,111
9344,8/12/2024 16:45,20.043,96
9345,8/12/2024 17:00,20.138,88
9346,8/12/2024 17:15,20.138,176
9347,8/12/2024 17:30,20.234,168
9348,8/12/2024 17:45,20.234,336
9349,8/12/2024 18:00,20.329,256
9350,8/12/2024 18:15,20.329,128
9351,8/12/2024 18:30,20.329,94
9352,8/12/2024 18:45,20.424,63
9353,8/12/2024 19:00,20.234,29
9354,8/12/2024 19:15,20.138,24
9355,8/12/2024 19:30,20.138,32
9356,8/12/2024 19:45,20.138,4
9357,8/12/2024 20:00,20.234,0
9358,8/12/2024 20:15,20.234,0
9359,8/12/2024 20:30,20.329,0
9360,8/12/2024 20:45,20.424,0
9361,8/12/2024 21:00,20.329,0
9362,8/12/2024 21:15,20.329,0
9363,8/12/2024 21:30,20.329,0
9364,8/12/2024 21:45,20.138,0
9365,8/12/2024 22:00,19.948,0
9366,8/12/2024 22:15,19.948,0
9367,8/12/2024 22:30,19.948,0
9368,8/12/2024 22:45,19.853,0
9369,8/12/2024 23:00,19.853,0
9370,8/12/2024 23:15,19.853,0
9371,8/12/2024 23:30,19.853,0
9372,8/12/2024 23:45,19.853,0
9373,8/13/2024 0:00,19.853,0
9374,8/13/2024 0:15,19.853,0
9375,8/13/2024 0:30,19.758,0
9376,8/13/2024 0:45,19.662,0
9377,8/13/2024 1:00,19.662,0
9378,8/13/2024 1:15,19.662,0
9379,8/13/2024 1:30,19.758,0
9380,8/13/2024 1:45,19.758,0
9381,8/13/2024 2:00,19.662,0
9382,8/13/2024 2:15,19.567,0
9383,8/13/2024 2:30,19.567,0
9384,8/13/2024 2:45,19.567,0
9385,8/13/2024 3:00,19.567,0
9386,8/13/2024 3:15,19.567,0
9387,8/13/2024 3:30,19.567,0
9388,8/13/2024 3:45,19.567,0
9389,8/13/2024 4:00,19.567,0
9390,8/13/2024 4:15,19.567,0
9391,8/13/2024 4:30,19.472,0
9392,8/13/2024 4:45,19.472,0
9393,8/13/2024 5:00,19.472,0
9394,8/13/2024 5:15,19.472,0
9395,8/13/2024 5:30,19.472,0
9396,8/13/2024 5:45,19.472,2
9397,8/13/2024 6:00,19.472,15
9398,8/13/2024 6:15,19.472,31
9399,8/13/2024 6:30,19.377,66
9400,8/13/2024 6:45,19.377,105
9401,8/13/2024 7:00,19.282,160
9402,8/13/2024 7:15,19.377,216
9403,8/13/2024 7:30,19.377,272
9404,8/13/2024 7:45,19.377,368
9405,8/13/2024 8:00,19.377,496
9406,8/13/2024 8:15,19.472,608
9407,8/13/2024 8:30,19.567,800
9408,8/13/2024 8:45,19.567,608
9409,8/13/2024 9:00,19.662,992
9410,8/13/2024 9:15,19.758,960
9411,8/13/2024 9:30,19.853,1216
9412,8/13/2024 9:45,19.948,1728
9413,8/13/2024 10:00,20.138,1792
9414,8/13/2024 10:15,20.138,2304
9415,8/13/2024 10:30,20.234,3072
9416,8/13/2024 10:45,20.138,2944
9417,8/13/2024 11:00,20.138,2432
9418,8/13/2024 11:15,20.138,2944
9419,8/13/2024 11:30,20.043,2816
9420,8/13/2024 11:45,20.043,3072
9421,8/13/2024 12:00,20.138,2688
9422,8/13/2024 12:15,20.234,2688
9423,8/13/2024 12:30,20.138,2688
9424,8/13/2024 12:45,20.138,2432
9425,8/13/2024 13:00,20.138,2304
9426,8/13/2024 13:15,20.138,2048
9427,8/13/2024 13:30,20.138,2048
9428,8/13/2024 13:45,20.138,1920
9429,8/13/2024 14:00,20.138,1600
9430,8/13/2024 14:15,20.138,1536
9431,8/13/2024 14:30,20.043,1536
9432,8/13/2024 14:45,20.043,1344
9433,8/13/2024 15:00,19.948,1088
9434,8/13/2024 15:15,19.662,1024
9435,8/13/2024 15:30,19.567,864
9436,8/13/2024 15:45,19.472,768
9437,8/13/2024 16:00,19.472,704
9438,8/13/2024 16:15,19.377,576
9439,8/13/2024 16:30,19.187,480
9440,8/13/2024 16:45,19.092,432
9441,8/13/2024 17:00,18.996,368
9442,8/13/2024 17:15,18.616,288
9443,8/13/2024 17:30,18.426,256
9444,8/13/2024 17:45,18.426,208
9445,8/13/2024 18:00,18.331,160
9446,8/13/2024 18:15,18.331,122
9447,8/13/2024 18:30,18.236,99
9448,8/13/2024 18:45,18.14,45
9449,8/13/2024 19:00,18.236,41
9450,8/13/2024 19:15,18.331,24
9451,8/13/2024 19:30,18.331,12
9452,8/13/2024 19:45,18.521,3
9453,8/13/2024 20:00,18.616,0
9454,8/13/2024 20:15,18.711,0
9455,8/13/2024 20:30,18.806,0
9456,8/13/2024 20:45,18.901,0
9457,8/13/2024 21:00,18.806,0
9458,8/13/2024 21:15,18.806,0
9459,8/13/2024 21:30,18.806,0
9460,8/13/2024 21:45,18.901,0
9461,8/13/2024 22:00,18.901,0
9462,8/13/2024 22:15,18.901,0
9463,8/13/2024 22:30,18.996,0
9464,8/13/2024 22:45,18.996,0
9465,8/13/2024 23:00,19.092,0
9466,8/13/2024 23:15,19.092,0
9467,8/13/2024 23:30,19.187,0
9468,8/13/2024 23:45,19.187,0
9469,8/14/2024 0:00,19.282,0
9470,8/14/2024 0:15,19.282,0
9471,8/14/2024 0:30,19.472,0
9472,8/14/2024 0:45,19.567,0
9473,8/14/2024 1:00,19.948,0
9474,8/14/2024 1:15,20.329,0
9475,8/14/2024 1:30,20.329,0
9476,8/14/2024 1:45,20.424,0
9477,8/14/2024 2:00,20.615,0
9478,8/14/2024 2:15,20.615,0
9479,8/14/2024 2:30,20.519,0
9480,8/14/2024 2:45,20.519,0
9481,8/14/2024 3:00,20.424,0
9482,8/14/2024 3:15,20.519,0
9483,8/14/2024 3:30,20.424,0
9484,8/14/2024 3:45,20.424,0
9485,8/14/2024 4:00,20.424,0
9486,8/14/2024 4:15,20.329,0
9487,8/14/2024 4:30,20.138,0
9488,8/14/2024 4:45,20.138,0
9489,8/14/2024 5:00,20.138,0
9490,8/14/2024 5:15,20.234,0
9491,8/14/2024 5:30,20.234,0
9492,8/14/2024 5:45,20.234,1
9493,8/14/2024 6:00,20.234,11
9494,8/14/2024 6:15,20.234,29
9495,8/14/2024 6:30,20.234,54
9496,8/14/2024 6:45,20.234,84
9497,8/14/2024 7:00,19.948,117
9498,8/14/2024 7:15,18.806,152
9499,8/14/2024 7:30,19.758,200
9500,8/14/2024 7:45,19.092,256
9501,8/14/2024 8:00,19.187,320
9502,8/14/2024 8:15,19.662,352
9503,8/14/2024 8:30,19.853,448
9504,8/14/2024 8:45,20.043,576
9505,8/14/2024 9:00,20.138,704
9506,8/14/2024 9:15,20.138,800
9507,8/14/2024 9:30,20.234,960
9508,8/14/2024 9:45,20.329,1088
9509,8/14/2024 10:00,20.329,1152
9510,8/14/2024 10:15,20.424,1344
9511,8/14/2024 10:30,20.519,1472
9512,8/14/2024 10:45,20.615,1728
9513,8/14/2024 11:00,20.805,1856
9514,8/14/2024 11:15,20.901,1920
9515,8/14/2024 11:30,20.805,2048
9516,8/14/2024 11:45,20.71,2304
9517,8/14/2024 12:00,20.71,1728
9518,8/14/2024 12:15,20.71,3200
9519,8/14/2024 12:30,20.519,3456
9520,8/14/2024 12:45,20.519,1920
9521,8/14/2024 13:00,20.519,1792
9522,8/14/2024 13:15,20.996,1664
9523,8/14/2024 13:30,21.091,1984
9524,8/14/2024 13:45,21.091,1600
9525,8/14/2024 14:00,21.187,1408
9526,8/14/2024 14:15,21.378,1152
9527,8/14/2024 14:30,21.378,1152
9528,8/14/2024 14:45,21.282,960
9529,8/14/2024 15:00,21.282,992
9530,8/14/2024 15:15,21.187,864
9531,8/14/2024 15:30,21.091,768
9532,8/14/2024 15:45,20.996,704
9533,8/14/2024 16:00,20.996,576
9534,8/14/2024 16:15,20.805,480
9535,8/14/2024 16:30,20.805,464
9536,8/14/2024 16:45,20.615,400
9537,8/14/2024 17:00,20.043,336
9538,8/14/2024 17:15,19.377,272
9539,8/14/2024 17:30,18.901,224
9540,8/14/2024 17:45,18.236,184
9541,8/14/2024 18:00,19.092,144
9542,8/14/2024 18:15,17.094,114
9543,8/14/2024 18:30,17.189,88
9544,8/14/2024 18:45,16.523,63
9545,8/14/2024 19:00,17.284,41
9546,8/14/2024 19:15,17.284,20
9547,8/14/2024 19:30,17.57,10
9548,8/14/2024 19:45,17.665,1
9549,8/14/2024 20:00,17.094,0
9550,8/14/2024 20:15,16.523,0
9551,8/14/2024 20:30,17.665,0
9552,8/14/2024 20:45,18.14,0
9553,8/14/2024 21:00,18.045,0
9554,8/14/2024 21:15,18.236,0
9555,8/14/2024 21:30,19.282,0
9556,8/14/2024 21:45,19.377,0
9557,8/14/2024 22:00,19.377,0
9558,8/14/2024 22:15,19.377,0
9559,8/14/2024 22:30,19.567,0
9560,8/14/2024 22:45,19.092,0
9561,8/14/2024 23:00,19.567,0
9562,8/14/2024 23:15,17.665,0
9563,8/14/2024 23:30,19.377,0
9564,8/14/2024 23:45,19.567,0
9565,8/15/2024 0:00,17.855,0
9566,8/15/2024 0:15,19.567,0
9567,8/15/2024 0:30,19.472,0
9568,8/15/2024 0:45,19.472,0
9569,8/15/2024 1:00,19.377,0
9570,8/15/2024 1:15,18.045,0
9571,8/15/2024 1:30,18.14,0
9572,8/15/2024 1:45,18.236,0
9573,8/15/2024 2:00,18.521,0
9574,8/15/2024 2:15,18.711,0
9575,8/15/2024 2:30,18.806,0
9576,8/15/2024 2:45,18.806,0
9577,8/15/2024 3:00,18.806,0
9578,8/15/2024 3:15,18.901,0
9579,8/15/2024 3:30,18.996,0
9580,8/15/2024 3:45,19.092,0
9581,8/15/2024 4:00,19.187,0
9582,8/15/2024 4:15,19.092,0
9583,8/15/2024 4:30,19.092,0
9584,8/15/2024 4:45,19.187,0
9585,8/15/2024 5:00,19.187,0
9586,8/15/2024 5:15,19.282,0
9587,8/15/2024 5:30,19.282,0
9588,8/15/2024 5:45,18.236,0
9589,8/15/2024 6:00,17.665,9
9590,8/15/2024 6:15,17.379,27
9591,8/15/2024 6:30,16.808,46
9592,8/15/2024 6:45,16.618,69
9593,8/15/2024 7:00,16.237,106
9594,8/15/2024 7:15,16.237,144
9595,8/15/2024 7:30,15.76,192
9596,8/15/2024 7:45,15.76,232
9597,8/15/2024 8:00,17.094,272
9598,8/15/2024 8:15,17.475,320
9599,8/15/2024 8:30,17.094,384
9600,8/15/2024 8:45,17.57,448
9601,8/15/2024 9:00,18.14,480
9602,8/15/2024 9:15,17.855,576
9603,8/15/2024 9:30,17.094,608
9604,8/15/2024 9:45,17.95,768
9605,8/15/2024 10:00,18.14,800
9606,8/15/2024 10:15,17.95,960
9607,8/15/2024 10:30,18.806,864
9608,8/15/2024 10:45,18.806,992
9609,8/15/2024 11:00,18.806,1216
9610,8/15/2024 11:15,19.092,1280
9611,8/15/2024 11:30,19.567,1280
9612,8/15/2024 11:45,19.567,1728
9613,8/15/2024 12:00,19.853,1792
9614,8/15/2024 12:15,20.043,1152
9615,8/15/2024 12:30,20.519,1536
9616,8/15/2024 12:45,20.71,1536
9617,8/15/2024 13:00,20.234,1664
9618,8/15/2024 13:15,20.71,1600
9619,8/15/2024 13:30,20.805,1344
9620,8/15/2024 13:45,20.519,1024
9621,8/15/2024 14:00,20.424,1088
9622,8/15/2024 14:15,20.519,1344
9623,8/15/2024 14:30,19.853,1728
9624,8/15/2024 14:45,19.092,960
9625,8/15/2024 15:00,18.996,576
9626,8/15/2024 15:15,18.996,448
9627,8/15/2024 15:30,19.282,144
9628,8/15/2024 15:45,19.567,64
9629,8/15/2024 16:00,19.567,23
9630,8/15/2024 16:15,19.758,28
9631,8/15/2024 16:30,19.948,54
9632,8/15/2024 16:45,19.758,92
9633,8/15/2024 17:00,19.187,144
9634,8/15/2024 17:15,18.616,168
9635,8/15/2024 17:30,17.379,216
9636,8/15/2024 17:45,17.094,240
9637,8/15/2024 18:00,16.903,200
9638,8/15/2024 18:15,16.808,106
9639,8/15/2024 18:30,16.618,125
9640,8/15/2024 18:45,16.332,78
9641,8/15/2024 19:00,16.237,26
9642,8/15/2024 19:15,15.855,13
9643,8/15/2024 19:30,15.282,6
9644,8/15/2024 19:45,14.996,0
9645,8/15/2024 20:00,15.091,0
9646,8/15/2024 20:15,15.76,0
9647,8/15/2024 20:30,16.332,0
9648,8/15/2024 20:45,16.523,0
9649,8/15/2024 21:00,16.713,0
9650,8/15/2024 21:15,16.903,0
9651,8/15/2024 21:30,17.284,0
9652,8/15/2024 21:45,17.57,0
9653,8/15/2024 22:00,17.95,0
9654,8/15/2024 22:15,18.236,0
9655,8/15/2024 22:30,18.331,0
9656,8/15/2024 22:45,18.521,0
9657,8/15/2024 23:00,18.616,0
9658,8/15/2024 23:15,18.711,0
9659,8/15/2024 23:30,18.806,0
9660,8/15/2024 23:45,18.806,0
9661,8/16/2024 0:00,18.616,0
9662,8/16/2024 0:15,17.475,0
9663,8/16/2024 0:30,17.57,0
9664,8/16/2024 0:45,17.855,0
9665,8/16/2024 1:00,17.95,0
9666,8/16/2024 1:15,17.855,0
9667,8/16/2024 1:30,17.665,0
9668,8/16/2024 1:45,17.475,0
9669,8/16/2024 2:00,17.284,0
9670,8/16/2024 2:15,17.379,0
9671,8/16/2024 2:30,17.57,0
9672,8/16/2024 2:45,17.665,0
9673,8/16/2024 3:00,17.95,0
9674,8/16/2024 3:15,18.14,0
9675,8/16/2024 3:30,18.426,0
9676,8/16/2024 3:45,19.187,0
9677,8/16/2024 4:00,19.567,0
9678,8/16/2024 4:15,19.853,0
9679,8/16/2024 4:30,19.948,0
9680,8/16/2024 4:45,19.948,0
9681,8/16/2024 5:00,19.853,0
9682,8/16/2024 5:15,19.853,0
9683,8/16/2024 5:30,19.758,0
9684,8/16/2024 5:45,19.472,0
9685,8/16/2024 6:00,19.282,2
9686,8/16/2024 6:15,18.996,7
9687,8/16/2024 6:30,18.426,16
9688,8/16/2024 6:45,18.14,22
9689,8/16/2024 7:00,18.236,42
9690,8/16/2024 7:15,18.331,65
9691,8/16/2024 7:30,18.616,68
9692,8/16/2024 7:45,18.616,70
9693,8/16/2024 8:00,18.616,113
9694,8/16/2024 8:15,18.521,128
9695,8/16/2024 8:30,18.521,152
9696,8/16/2024 8:45,18.521,144
9697,8/16/2024 9:00,18.616,120
9698,8/16/2024 9:15,18.616,168
9699,8/16/2024 9:30,18.616,232
9700,8/16/2024 9:45,18.711,232
9701,8/16/2024 10:00,18.711,224
9702,8/16/2024 10:15,19.092,288
9703,8/16/2024 10:30,19.377,352
9704,8/16/2024 10:45,19.377,368
9705,8/16/2024 11:00,19.567,576
9706,8/16/2024 11:15,19.567,960
9707,8/16/2024 11:30,19.567,672
9708,8/16/2024 11:45,19.662,864
9709,8/16/2024 12:00,19.662,1152
9710,8/16/2024 12:15,19.758,1344
9711,8/16/2024 12:30,19.853,1216
9712,8/16/2024 12:45,19.948,1344
9713,8/16/2024 13:00,19.948,1344
9714,8/16/2024 13:15,19.948,1344
9715,8/16/2024 13:30,19.948,1536
9716,8/16/2024 13:45,20.043,1600
9717,8/16/2024 14:00,20.043,1344
9718,8/16/2024 14:15,20.234,1344
9719,8/16/2024 14:30,20.329,1024
9720,8/16/2024 14:45,20.424,1152
9721,8/16/2024 15:00,20.519,1152
9722,8/16/2024 15:15,20.519,992
9723,8/16/2024 15:30,20.519,896
9724,8/16/2024 15:45,20.519,704
9725,8/16/2024 16:00,20.519,768
9726,8/16/2024 16:15,20.519,608
9727,8/16/2024 16:30,20.424,512
9728,8/16/2024 16:45,19.758,496
9729,8/16/2024 17:00,19.567,368
9730,8/16/2024 17:15,19.472,336
9731,8/16/2024 17:30,19.377,288
9732,8/16/2024 17:45,19.377,216
9733,8/16/2024 18:00,19.377,168
9734,8/16/2024 18:15,19.377,124
9735,8/16/2024 18:30,19.282,91
9736,8/16/2024 18:45,18.521,60
9737,8/16/2024 19:00,17.855,38
9738,8/16/2024 19:15,15.855,20
9739,8/16/2024 19:30,15.664,7
9740,8/16/2024 19:45,15.282,0
9741,8/16/2024 20:00,14.996,0
9742,8/16/2024 20:15,15.664,0
9743,8/16/2024 20:30,14.9,0
9744,8/16/2024 20:45,14.804,0
9745,8/16/2024 21:00,14.9,0
9746,8/16/2024 21:15,16.427,0
9747,8/16/2024 21:30,18.236,0
9748,8/16/2024 21:45,18.426,0
9749,8/16/2024 22:00,18.426,0
9750,8/16/2024 22:15,18.711,0
9751,8/16/2024 22:30,19.187,0
9752,8/16/2024 22:45,19.282,0
9753,8/16/2024 23:00,19.377,0
9754,8/16/2024 23:15,19.282,0
9755,8/16/2024 23:30,19.282,0
9756,8/16/2024 23:45,19.282,0
9757,8/17/2024 0:00,19.282,0
9758,8/17/2024 0:15,19.377,0
9759,8/17/2024 0:30,19.377,0
9760,8/17/2024 0:45,19.472,0
9761,8/17/2024 1:00,19.377,0
9762,8/17/2024 1:15,19.472,0
9763,8/17/2024 1:30,19.472,0
9764,8/17/2024 1:45,19.472,0
9765,8/17/2024 2:00,19.472,0
9766,8/17/2024 2:15,19.377,0
9767,8/17/2024 2:30,19.377,0
9768,8/17/2024 2:45,19.282,0
9769,8/17/2024 3:00,19.282,0
9770,8/17/2024 3:15,19.282,0
9771,8/17/2024 3:30,19.282,0
9772,8/17/2024 3:45,19.282,0
9773,8/17/2024 4:00,19.282,0
9774,8/17/2024 4:15,19.187,0
9775,8/17/2024 4:30,19.282,0
9776,8/17/2024 4:45,19.187,0
9777,8/17/2024 5:00,19.187,0
9778,8/17/2024 5:15,19.187,0
9779,8/17/2024 5:30,19.187,0
9780,8/17/2024 5:45,18.806,1
9781,8/17/2024 6:00,19.092,8
9782,8/17/2024 6:15,18.996,21
9783,8/17/2024 6:30,18.711,54
9784,8/17/2024 6:45,18.426,91
9785,8/17/2024 7:00,18.521,121
9786,8/17/2024 7:15,17.665,160
9787,8/17/2024 7:30,17.284,192
9788,8/17/2024 7:45,17.284,216
9789,8/17/2024 8:00,17.284,256
9790,8/17/2024 8:15,17.855,288
9791,8/17/2024 8:30,16.713,336
9792,8/17/2024 8:45,16.332,368
9793,8/17/2024 9:00,16.713,400
9794,8/17/2024 9:15,18.045,448
9795,8/17/2024 9:30,16.523,384
9796,8/17/2024 9:45,16.332,368
9797,8/17/2024 10:00,15.76,352
9798,8/17/2024 10:15,15.282,496
9799,8/17/2024 10:30,15.378,320
9800,8/17/2024 10:45,15.378,400
9801,8/17/2024 11:00,15.569,288
9802,8/17/2024 11:15,16.141,576
9803,8/17/2024 11:30,16.427,864
9804,8/17/2024 11:45,17.094,1024
9805,8/17/2024 12:00,17.855,1088
9806,8/17/2024 12:15,18.14,1152
9807,8/17/2024 12:30,18.331,1344
9808,8/17/2024 12:45,18.901,800
9809,8/17/2024 13:00,19.282,1152
9810,8/17/2024 13:15,19.187,1152
9811,8/17/2024 13:30,18.996,768
9812,8/17/2024 13:45,18.996,768
9813,8/17/2024 14:00,18.806,608
9814,8/17/2024 14:15,18.711,800
9815,8/17/2024 14:30,18.711,1536
9816,8/17/2024 14:45,18.616,1600
9817,8/17/2024 15:00,18.521,896
9818,8/17/2024 15:15,18.521,1152
9819,8/17/2024 15:30,18.426,896
9820,8/17/2024 15:45,18.426,1152
9821,8/17/2024 16:00,18.521,896
9822,8/17/2024 16:15,18.901,992
9823,8/17/2024 16:30,18.996,768
9824,8/17/2024 16:45,18.616,608
9825,8/17/2024 17:00,18.521,496
9826,8/17/2024 17:15,18.14,400
9827,8/17/2024 17:30,17.95,288
9828,8/17/2024 17:45,17.76,256
9829,8/17/2024 18:00,17.665,152
9830,8/17/2024 18:15,17.76,240
9831,8/17/2024 18:30,17.95,144
9832,8/17/2024 18:45,16.713,96
9833,8/17/2024 19:00,16.523,53
9834,8/17/2024 19:15,16.332,14
9835,8/17/2024 19:30,15.76,6
9836,8/17/2024 19:45,15.664,0
9837,8/17/2024 20:00,15.569,0
9838,8/17/2024 20:15,15.282,0
9839,8/17/2024 20:30,15.091,0
9840,8/17/2024 20:45,15.091,0
9841,8/17/2024 21:00,15.091,0
9842,8/17/2024 21:15,14.9,0
9843,8/17/2024 21:30,14.804,0
9844,8/17/2024 21:45,14.804,0
9845,8/17/2024 22:00,14.804,0
9846,8/17/2024 22:15,14.804,0
9847,8/17/2024 22:30,14.804,0
9848,8/17/2024 22:45,14.804,0
9849,8/17/2024 23:00,14.804,0
9850,8/17/2024 23:15,14.9,0
9851,8/17/2024 23:30,14.996,0
9852,8/17/2024 23:45,14.996,0
9853,8/18/2024 0:00,15.091,0
9854,8/18/2024 0:15,15.091,0
9855,8/18/2024 0:30,15.091,0
9856,8/18/2024 0:45,15.091,0
9857,8/18/2024 1:00,15.091,0
9858,8/18/2024 1:15,15.187,0
9859,8/18/2024 1:30,15.569,0
9860,8/18/2024 1:45,15.664,0
9861,8/18/2024 2:00,15.76,0
9862,8/18/2024 2:15,15.76,0
9863,8/18/2024 2:30,15.855,0
9864,8/18/2024 2:45,15.951,0
9865,8/18/2024 3:00,16.046,0
9866,8/18/2024 3:15,16.237,0
9867,8/18/2024 3:30,16.808,0
9868,8/18/2024 3:45,17.57,0
9869,8/18/2024 4:00,17.95,0
9870,8/18/2024 4:15,18.14,0
9871,8/18/2024 4:30,18.14,0
9872,8/18/2024 4:45,18.14,0
9873,8/18/2024 5:00,18.14,0
9874,8/18/2024 5:15,17.665,0
9875,8/18/2024 5:30,17.475,0
9876,8/18/2024 5:45,16.237,0
9877,8/18/2024 6:00,16.713,0
9878,8/18/2024 6:15,16.808,7
9879,8/18/2024 6:30,16.713,18
9880,8/18/2024 6:45,16.903,44
9881,8/18/2024 7:00,17.284,51
9882,8/18/2024 7:15,17.475,46
9883,8/18/2024 7:30,17.475,65
9884,8/18/2024 7:45,17.284,50
9885,8/18/2024 8:00,17.189,32
9886,8/18/2024 8:15,17.379,57
9887,8/18/2024 8:30,17.284,74
9888,8/18/2024 8:45,17.284,46
9889,8/18/2024 9:00,17.284,32
9890,8/18/2024 9:15,17.189,48
9891,8/18/2024 9:30,17.189,82
9892,8/18/2024 9:45,17.284,128
9893,8/18/2024 10:00,17.284,240
9894,8/18/2024 10:15,17.189,136
9895,8/18/2024 10:30,17.189,144
9896,8/18/2024 10:45,17.189,118
9897,8/18/2024 11:00,16.618,288
9898,8/18/2024 11:15,15.76,208
9899,8/18/2024 11:30,15.569,288
9900,8/18/2024 11:45,15.76,320
9901,8/18/2024 12:00,16.713,272
9902,8/18/2024 12:15,16.523,448
9903,8/18/2024 12:30,16.523,416
9904,8/18/2024 12:45,16.713,416
9905,8/18/2024 13:00,16.808,336
9906,8/18/2024 13:15,16.808,336
9907,8/18/2024 13:30,16.903,320
9908,8/18/2024 13:45,16.999,304
9909,8/18/2024 14:00,17.189,272
9910,8/18/2024 14:15,17.379,336
9911,8/18/2024 14:30,17.475,224
9912,8/18/2024 14:45,17.57,272
9913,8/18/2024 15:00,17.57,256
9914,8/18/2024 15:15,17.665,368
9915,8/18/2024 15:30,17.665,336
9916,8/18/2024 15:45,17.665,432
9917,8/18/2024 16:00,17.76,672
9918,8/18/2024 16:15,17.76,480
9919,8/18/2024 16:30,17.76,768
9920,8/18/2024 16:45,17.665,480
9921,8/18/2024 17:00,17.76,512
9922,8/18/2024 17:15,17.76,448
9923,8/18/2024 17:30,17.665,304
9924,8/18/2024 17:45,17.665,224
9925,8/18/2024 18:00,17.665,272
9926,8/18/2024 18:15,17.665,216
9927,8/18/2024 18:30,17.57,123
9928,8/18/2024 18:45,17.57,54
9929,8/18/2024 19:00,17.57,23
9930,8/18/2024 19:15,17.57,12
9931,8/18/2024 19:30,17.57,2
9932,8/18/2024 19:45,17.57,0
9933,8/18/2024 20:00,17.57,0
9934,8/18/2024 20:15,17.094,0
9935,8/18/2024 20:30,17.094,0
9936,8/18/2024 20:45,17.189,0
9937,8/18/2024 21:00,16.999,0
9938,8/18/2024 21:15,16.713,0
9939,8/18/2024 21:30,17.094,0
9940,8/18/2024 21:45,17.189,0
9941,8/18/2024 22:00,16.713,0
9942,8/18/2024 22:15,16.046,0
9943,8/18/2024 22:30,16.046,0
9944,8/18/2024 22:45,16.141,0
9945,8/18/2024 23:00,15.951,0
9946,8/18/2024 23:15,15.664,0
9947,8/18/2024 23:30,15.473,0
9948,8/18/2024 23:45,15.664,0
9949,8/19/2024 0:00,15.664,0
9950,8/19/2024 0:15,15.76,0
9951,8/19/2024 0:30,15.951,0
9952,8/19/2024 0:45,16.046,0
9953,8/19/2024 1:00,16.046,0
9954,8/19/2024 1:15,16.141,0
9955,8/19/2024 1:30,16.141,0
9956,8/19/2024 1:45,16.332,0
9957,8/19/2024 2:00,16.427,0
9958,8/19/2024 2:15,16.523,0
9959,8/19/2024 2:30,16.618,0
9960,8/19/2024 2:45,16.618,0
9961,8/19/2024 3:00,16.713,0
9962,8/19/2024 3:15,16.713,0
9963,8/19/2024 3:30,16.808,0
9964,8/19/2024 3:45,16.808,0
9965,8/19/2024 4:00,16.903,0
9966,8/19/2024 4:15,16.999,0
9967,8/19/2024 4:30,16.999,0
9968,8/19/2024 4:45,17.094,0
9969,8/19/2024 5:00,17.284,0
9970,8/19/2024 5:15,17.284,0
9971,8/19/2024 5:30,17.379,0
9972,8/19/2024 5:45,17.475,0
9973,8/19/2024 6:00,17.475,18
9974,8/19/2024 6:15,17.57,14
9975,8/19/2024 6:30,17.57,20
9976,8/19/2024 6:45,17.57,38
9977,8/19/2024 7:00,17.475,58
9978,8/19/2024 7:15,17.475,76
9979,8/19/2024 7:30,17.475,192
9980,8/19/2024 7:45,17.379,256
9981,8/19/2024 8:00,17.189,248
9982,8/19/2024 8:15,16.999,168
9983,8/19/2024 8:30,16.903,176
9984,8/19/2024 8:45,16.903,320
9985,8/19/2024 9:00,16.808,336
9986,8/19/2024 9:15,16.808,400
9987,8/19/2024 9:30,16.713,336
9988,8/19/2024 9:45,16.713,320
9989,8/19/2024 10:00,16.713,608
9990,8/19/2024 10:15,16.618,400
9991,8/19/2024 10:30,16.618,320
9992,8/19/2024 10:45,16.523,248
9993,8/19/2024 11:00,16.618,240
9994,8/19/2024 11:15,16.713,352
9995,8/19/2024 11:30,16.618,248
9996,8/19/2024 11:45,16.618,200
9997,8/19/2024 12:00,16.713,432
9998,8/19/2024 12:15,16.523,232
9999,8/19/2024 12:30,16.618,800
10000,8/19/2024 12:45,16.523,352
10001,8/19/2024 13:00,16.618,576
10002,8/19/2024 13:15,16.523,232
10003,8/19/2024 13:30,16.618,336
10004,8/19/2024 13:45,16.713,336
10005,8/19/2024 14:00,16.808,240
10006,8/19/2024 14:15,16.903,304
10007,8/19/2024 14:30,17.094,496
10008,8/19/2024 14:45,17.284,672
10009,8/19/2024 15:00,17.189,512
10010,8/19/2024 15:15,17.284,800
10011,8/19/2024 15:30,17.284,480
10012,8/19/2024 15:45,17.284,432
10013,8/19/2024 16:00,17.379,1024
10014,8/19/2024 16:15,17.379,864
10015,8/19/2024 16:30,17.57,608
10016,8/19/2024 16:45,17.57,768
10017,8/19/2024 17:00,17.379,416
10018,8/19/2024 17:15,17.475,480
10019,8/19/2024 17:30,17.57,800
10020,8/19/2024 17:45,17.57,512
10021,8/19/2024 18:00,17.57,448
10022,8/19/2024 18:15,17.57,304
10023,8/19/2024 18:30,17.475,192
10024,8/19/2024 18:45,17.57,113
10025,8/19/2024 19:00,17.57,64
10026,8/19/2024 19:15,17.475,34
10027,8/19/2024 19:30,17.475,8
10028,8/19/2024 19:45,17.379,0
10029,8/19/2024 20:00,17.284,0
10030,8/19/2024 20:15,17.284,0
10031,8/19/2024 20:30,17.379,0
10032,8/19/2024 20:45,17.379,0
10033,8/19/2024 21:00,17.475,0
10034,8/19/2024 21:15,17.189,0
10035,8/19/2024 21:30,17.094,0
10036,8/19/2024 21:45,17.284,0
10037,8/19/2024 22:00,17.475,0
10038,8/19/2024 22:15,17.475,0
10039,8/19/2024 22:30,17.284,0
10040,8/19/2024 22:45,17.284,0
10041,8/19/2024 23:00,17.284,0
10042,8/19/2024 23:15,17.284,0
10043,8/19/2024 23:30,17.284,0
10044,8/19/2024 23:45,16.999,0
10045,8/20/2024 0:00,16.427,0
10046,8/20/2024 0:15,16.523,0
10047,8/20/2024 0:30,16.713,0
10048,8/20/2024 0:45,16.808,0
10049,8/20/2024 1:00,16.999,0
10050,8/20/2024 1:15,17.284,0
10051,8/20/2024 1:30,16.999,0
10052,8/20/2024 1:45,17.189,0
10053,8/20/2024 2:00,17.189,0
10054,8/20/2024 2:15,17.855,0
10055,8/20/2024 2:30,17.855,0
10056,8/20/2024 2:45,18.045,0
10057,8/20/2024 3:00,18.045,0
10058,8/20/2024 3:15,18.14,0
10059,8/20/2024 3:30,18.14,0
10060,8/20/2024 3:45,18.331,0
10061,8/20/2024 4:00,18.331,0
10062,8/20/2024 4:15,18.331,0
10063,8/20/2024 4:30,18.331,0
10064,8/20/2024 4:45,18.331,0
10065,8/20/2024 5:00,18.236,0
10066,8/20/2024 5:15,18.236,0
10067,8/20/2024 5:30,18.045,0
10068,8/20/2024 5:45,17.76,0
10069,8/20/2024 6:00,17.665,4
10070,8/20/2024 6:15,17.665,10
10071,8/20/2024 6:30,17.57,14
10072,8/20/2024 6:45,17.855,54
10073,8/20/2024 7:00,17.95,61
10074,8/20/2024 7:15,18.045,122
10075,8/20/2024 7:30,18.14,90
10076,8/20/2024 7:45,18.14,82
10077,8/20/2024 8:00,18.14,72
10078,8/20/2024 8:15,18.14,109
10079,8/20/2024 8:30,18.14,43
10080,8/20/2024 8:45,18.14,34
10081,8/20/2024 9:00,18.14,45
10082,8/20/2024 9:15,18.236,184
10083,8/20/2024 9:30,18.426,288
10084,8/20/2024 9:45,18.521,256
10085,8/20/2024 10:00,18.521,320
10086,8/20/2024 10:15,18.616,480
10087,8/20/2024 10:30,18.711,704
10088,8/20/2024 10:45,18.711,768
10089,8/20/2024 11:00,18.616,496
10090,8/20/2024 11:15,18.521,432
10091,8/20/2024 11:30,18.521,416
10092,8/20/2024 11:45,18.711,416
10093,8/20/2024 12:00,18.711,320
10094,8/20/2024 12:15,18.806,336
10095,8/20/2024 12:30,18.996,272
10096,8/20/2024 12:45,18.996,248
10097,8/20/2024 13:00,19.092,256
10098,8/20/2024 13:15,19.092,304
10099,8/20/2024 13:30,19.092,248
10100,8/20/2024 13:45,19.092,304
10101,8/20/2024 14:00,19.187,272
10102,8/20/2024 14:15,19.092,304
10103,8/20/2024 14:30,19.187,448
10104,8/20/2024 14:45,19.187,432
10105,8/20/2024 15:00,19.282,400
10106,8/20/2024 15:15,19.282,384
10107,8/20/2024 15:30,19.282,480
10108,8/20/2024 15:45,19.282,336
10109,8/20/2024 16:00,19.282,288
10110,8/20/2024 16:15,19.282,320
10111,8/20/2024 16:30,19.187,336
10112,8/20/2024 16:45,19.187,320
10113,8/20/2024 17:00,19.092,208
10114,8/20/2024 17:15,19.092,216
10115,8/20/2024 17:30,19.187,184
10116,8/20/2024 17:45,19.282,144
10117,8/20/2024 18:00,19.377,120
10118,8/20/2024 18:15,19.377,86
10119,8/20/2024 18:30,19.377,59
10120,8/20/2024 18:45,19.282,60
10121,8/20/2024 19:00,19.282,29
10122,8/20/2024 19:15,19.187,16
10123,8/20/2024 19:30,19.092,5
10124,8/20/2024 19:45,18.996,0
10125,8/20/2024 20:00,18.901,0
10126,8/20/2024 20:15,18.806,0
10127,8/20/2024 20:30,18.806,0
10128,8/20/2024 20:45,18.806,0
10129,8/20/2024 21:00,18.901,0
10130,8/20/2024 21:15,18.806,0
10131,8/20/2024 21:30,18.806,0
10132,8/20/2024 21:45,18.806,0
10133,8/20/2024 22:00,18.806,0
10134,8/20/2024 22:15,18.901,0
10135,8/20/2024 22:30,18.806,0
10136,8/20/2024 22:45,18.806,0
10137,8/20/2024 23:00,18.806,0
10138,8/20/2024 23:15,18.806,0
10139,8/20/2024 23:30,18.806,0
10140,8/20/2024 23:45,18.806,0
10141,8/21/2024 0:00,18.806,0
10142,8/21/2024 0:15,18.806,0
10143,8/21/2024 0:30,18.711,0
10144,8/21/2024 0:45,18.711,0
10145,8/21/2024 1:00,18.711,0
10146,8/21/2024 1:15,18.806,0
10147,8/21/2024 1:30,18.711,0
10148,8/21/2024 1:45,18.711,0
10149,8/21/2024 2:00,18.711,0
10150,8/21/2024 2:15,18.711,0
10151,8/21/2024 2:30,18.711,0
10152,8/21/2024 2:45,18.711,0
10153,8/21/2024 3:00,18.711,0
10154,8/21/2024 3:15,18.711,0
10155,8/21/2024 3:30,18.711,0
10156,8/21/2024 3:45,18.711,0
10157,8/21/2024 4:00,18.616,0
10158,8/21/2024 4:15,18.616,0
10159,8/21/2024 4:30,18.521,0
10160,8/21/2024 4:45,18.521,0
10161,8/21/2024 5:00,18.426,0
10162,8/21/2024 5:15,18.426,0
10163,8/21/2024 5:30,18.331,0
10164,8/21/2024 5:45,18.14,0
10165,8/21/2024 6:00,18.14,13
10166,8/21/2024 6:15,18.045,40
10167,8/21/2024 6:30,18.045,84
10168,8/21/2024 6:45,18.045,144
10169,8/21/2024 7:00,18.045,216
10170,8/21/2024 7:15,18.045,304
10171,8/21/2024 7:30,18.14,368
10172,8/21/2024 7:45,18.236,496
10173,8/21/2024 8:00,18.426,608
10174,8/21/2024 8:15,18.521,672
10175,8/21/2024 8:30,18.711,480
10176,8/21/2024 8:45,18.711,576
10177,8/21/2024 9:00,18.711,704
10178,8/21/2024 9:15,18.806,992
10179,8/21/2024 9:30,18.901,1088
10180,8/21/2024 9:45,18.901,800
10181,8/21/2024 10:00,18.901,960
10182,8/21/2024 10:15,18.996,800
10183,8/21/2024 10:30,18.996,800
10184,8/21/2024 10:45,18.901,1024
10185,8/21/2024 11:00,18.711,768
10186,8/21/2024 11:15,18.426,768
10187,8/21/2024 11:30,18.426,336
10188,8/21/2024 11:45,18.521,768
10189,8/21/2024 12:00,18.616,704
10190,8/21/2024 12:15,18.616,576
10191,8/21/2024 12:30,18.521,608
10192,8/21/2024 12:45,18.521,800
10193,8/21/2024 13:00,18.521,480
10194,8/21/2024 13:15,18.331,152
10195,8/21/2024 13:30,18.426,168
10196,8/21/2024 13:45,18.331,240
10197,8/21/2024 14:00,18.426,101
10198,8/21/2024 14:15,18.426,256
10199,8/21/2024 14:30,18.616,672
10200,8/21/2024 14:45,18.616,576
10201,8/21/2024 15:00,18.711,512
10202,8/21/2024 15:15,18.806,608
10203,8/21/2024 15:30,18.996,672
10204,8/21/2024 15:45,18.996,480
10205,8/21/2024 16:00,19.092,384
10206,8/21/2024 16:15,19.092,152
10207,8/21/2024 16:30,19.092,160
10208,8/21/2024 16:45,19.377,672
10209,8/21/2024 17:00,19.377,384
10210,8/21/2024 17:15,19.377,232
10211,8/21/2024 17:30,19.472,672
10212,8/21/2024 17:45,19.282,208
10213,8/21/2024 18:00,19.282,144
10214,8/21/2024 18:15,19.187,136
10215,8/21/2024 18:30,19.187,144
10216,8/21/2024 18:45,19.187,84
10217,8/21/2024 19:00,19.187,74
10218,8/21/2024 19:15,19.187,38
10219,8/21/2024 19:30,19.187,10
10220,8/21/2024 19:45,19.187,0
10221,8/21/2024 20:00,19.187,0
10222,8/21/2024 20:15,19.282,0
10223,8/21/2024 20:30,19.282,0
10224,8/21/2024 20:45,19.282,0
10225,8/21/2024 21:00,19.282,0
10226,8/21/2024 21:15,19.377,0
10227,8/21/2024 21:30,19.377,0
10228,8/21/2024 21:45,19.377,0
10229,8/21/2024 22:00,19.282,0
10230,8/21/2024 22:15,19.187,0
10231,8/21/2024 22:30,19.187,0
10232,8/21/2024 22:45,19.092,0
10233,8/21/2024 23:00,19.092,0
10234,8/21/2024 23:15,19.092,0
10235,8/21/2024 23:30,19.092,0
10236,8/21/2024 23:45,19.092,0
10237,8/22/2024 0:00,18.521,0
10238,8/22/2024 0:15,18.426,0
10239,8/22/2024 0:30,18.426,0
10240,8/22/2024 0:45,18.236,0
10241,8/22/2024 1:00,18.14,0
10242,8/22/2024 1:15,18.711,0
10243,8/22/2024 1:30,18.901,0
10244,8/22/2024 1:45,18.996,0
10245,8/22/2024 2:00,18.901,0
10246,8/22/2024 2:15,18.901,0
10247,8/22/2024 2:30,18.901,0
10248,8/22/2024 2:45,18.901,0
10249,8/22/2024 3:00,18.806,0
10250,8/22/2024 3:15,18.806,0
10251,8/22/2024 3:30,18.806,0
10252,8/22/2024 3:45,18.806,0
10253,8/22/2024 4:00,18.806,0
10254,8/22/2024 4:15,18.806,0
10255,8/22/2024 4:30,18.806,0
10256,8/22/2024 4:45,18.806,0
10257,8/22/2024 5:00,18.806,0
10258,8/22/2024 5:15,18.806,0
10259,8/22/2024 5:30,18.711,0
10260,8/22/2024 5:45,18.711,0
10261,8/22/2024 6:00,18.711,10
10262,8/22/2024 6:15,18.711,32
10263,8/22/2024 6:30,18.616,60
10264,8/22/2024 6:45,18.616,136
10265,8/22/2024 7:00,18.616,208
10266,8/22/2024 7:15,18.426,256
10267,8/22/2024 7:30,18.236,400
10268,8/22/2024 7:45,18.236,448
10269,8/22/2024 8:00,18.331,576
10270,8/22/2024 8:15,18.521,960
10271,8/22/2024 8:30,18.711,672
10272,8/22/2024 8:45,18.806,1024
10273,8/22/2024 9:00,18.996,992
10274,8/22/2024 9:15,19.092,1408
10275,8/22/2024 9:30,19.092,1152
10276,8/22/2024 9:45,19.187,1280
10277,8/22/2024 10:00,19.092,1024
10278,8/22/2024 10:15,19.282,1536
10279,8/22/2024 10:30,19.282,1216
10280,8/22/2024 10:45,19.282,1088
10281,8/22/2024 11:00,19.377,1152
10282,8/22/2024 11:15,19.282,1088
10283,8/22/2024 11:30,18.901,176
10284,8/22/2024 11:45,18.806,800
10285,8/22/2024 12:00,18.806,768
10286,8/22/2024 12:15,18.806,864
10287,8/22/2024 12:30,18.806,704
10288,8/22/2024 12:45,18.806,672
10289,8/22/2024 13:00,18.806,608
10290,8/22/2024 13:15,17.284,208
10291,8/22/2024 13:30,17.189,480
10292,8/22/2024 13:45,17.57,352
10293,8/22/2024 14:00,17.95,304
10294,8/22/2024 14:15,18.045,480
10295,8/22/2024 14:30,18.14,480
10296,8/22/2024 14:45,18.14,160
10297,8/22/2024 15:00,18.426,75
10298,8/22/2024 15:15,18.521,160
10299,8/22/2024 15:30,18.521,81
10300,8/22/2024 15:45,18.521,256
10301,8/22/2024 16:00,18.616,272
10302,8/22/2024 16:15,18.711,448
10303,8/22/2024 16:30,18.806,352
10304,8/22/2024 16:45,18.996,368
10305,8/22/2024 17:00,19.092,200
10306,8/22/2024 17:15,19.092,336
10307,8/22/2024 17:30,19.187,320
10308,8/22/2024 17:45,19.187,288
10309,8/22/2024 18:00,19.187,232
10310,8/22/2024 18:15,19.282,248
10311,8/22/2024 18:30,19.377,125
10312,8/22/2024 18:45,19.377,113
10313,8/22/2024 19:00,19.377,81
10314,8/22/2024 19:15,19.377,40
10315,8/22/2024 19:30,19.377,11
10316,8/22/2024 19:45,19.282,0
10317,8/22/2024 20:00,19.377,0
10318,8/22/2024 20:15,19.377,0
10319,8/22/2024 20:30,19.282,0
10320,8/22/2024 20:45,19.377,0
10321,8/22/2024 21:00,19.377,0
10322,8/22/2024 21:15,19.377,0
10323,8/22/2024 21:30,19.377,0
10324,8/22/2024 21:45,19.377,0
10325,8/22/2024 22:00,19.472,0
10326,8/22/2024 22:15,19.662,0
10327,8/22/2024 22:30,19.662,0
10328,8/22/2024 22:45,19.662,0
10329,8/22/2024 23:00,19.567,0
10330,8/22/2024 23:15,19.377,0
10331,8/22/2024 23:30,19.282,0
10332,8/22/2024 23:45,19.282,0
10333,8/23/2024 0:00,19.282,0
10334,8/23/2024 0:15,19.282,0
10335,8/23/2024 0:30,19.282,0
10336,8/23/2024 0:45,19.282,0
10337,8/23/2024 1:00,19.282,0
10338,8/23/2024 1:15,17.855,0
10339,8/23/2024 1:30,17.379,0
10340,8/23/2024 1:45,16.999,0
10341,8/23/2024 2:00,18.236,0
10342,8/23/2024 2:15,17.475,0
10343,8/23/2024 2:30,18.806,0
10344,8/23/2024 2:45,18.711,0
10345,8/23/2024 3:00,18.616,0
10346,8/23/2024 3:15,18.806,0
10347,8/23/2024 3:30,18.996,0
10348,8/23/2024 3:45,18.996,0
10349,8/23/2024 4:00,18.901,0
10350,8/23/2024 4:15,19.092,0
10351,8/23/2024 4:30,19.092,0
10352,8/23/2024 4:45,19.092,0
10353,8/23/2024 5:00,19.092,0
10354,8/23/2024 5:15,18.996,0
10355,8/23/2024 5:30,18.901,0
10356,8/23/2024 5:45,18.901,0
10357,8/23/2024 6:00,18.901,6
10358,8/23/2024 6:15,18.901,26
10359,8/23/2024 6:30,18.901,55
10360,8/23/2024 6:45,18.901,122
10361,8/23/2024 7:00,18.996,224
10362,8/23/2024 7:15,18.996,320
10363,8/23/2024 7:30,19.092,512
10364,8/23/2024 7:45,19.092,608
10365,8/23/2024 8:00,19.187,1088
10366,8/23/2024 8:15,19.282,864
10367,8/23/2024 8:30,19.377,896
10368,8/23/2024 8:45,19.567,896
10369,8/23/2024 9:00,19.567,1280
10370,8/23/2024 9:15,19.662,2560
10371,8/23/2024 9:30,19.662,1408
10372,8/23/2024 9:45,19.758,1536
10373,8/23/2024 10:00,19.853,1728
10374,8/23/2024 10:15,19.853,2048
10375,8/23/2024 10:30,19.948,1920
10376,8/23/2024 10:45,19.948,1856
10377,8/23/2024 11:00,19.853,1792
10378,8/23/2024 11:15,19.662,1600
10379,8/23/2024 11:30,19.662,1408
10380,8/23/2024 11:45,19.567,1408
10381,8/23/2024 12:00,19.567,1344
10382,8/23/2024 12:15,19.567,1152
10383,8/23/2024 12:30,19.567,960
10384,8/23/2024 12:45,18.806,864
10385,8/23/2024 13:00,18.236,800
10386,8/23/2024 13:15,18.236,800
10387,8/23/2024 13:30,18.236,768
10388,8/23/2024 13:45,18.331,672
10389,8/23/2024 14:00,18.331,704
10390,8/23/2024 14:15,18.045,101
10391,8/23/2024 14:30,18.14,576
10392,8/23/2024 14:45,18.14,480
10393,8/23/2024 15:00,17.95,480
10394,8/23/2024 15:15,17.76,480
10395,8/23/2024 15:30,17.855,176
10396,8/23/2024 15:45,17.95,160
10397,8/23/2024 16:00,18.045,192
10398,8/23/2024 16:15,18.045,160
10399,8/23/2024 16:30,18.331,352
10400,8/23/2024 16:45,18.331,336
10401,8/23/2024 17:00,18.331,304
10402,8/23/2024 17:15,18.331,256
10403,8/23/2024 17:30,18.426,256
10404,8/23/2024 17:45,18.616,240
10405,8/23/2024 18:00,18.711,216
10406,8/23/2024 18:15,18.711,176
10407,8/23/2024 18:30,18.806,136
10408,8/23/2024 18:45,18.806,110
10409,8/23/2024 19:00,18.711,78
10410,8/23/2024 19:15,18.806,42
10411,8/23/2024 19:30,18.806,11
10412,8/23/2024 19:45,18.806,0
10413,8/23/2024 20:00,18.806,0
10414,8/23/2024 20:15,18.996,0
10415,8/23/2024 20:30,18.996,0
10416,8/23/2024 20:45,18.996,0
10417,8/23/2024 21:00,18.901,0
10418,8/23/2024 21:15,18.901,0
10419,8/23/2024 21:30,18.806,0
10420,8/23/2024 21:45,18.806,0
10421,8/23/2024 22:00,18.996,0
10422,8/23/2024 22:15,18.996,0
10423,8/23/2024 22:30,19.092,0
10424,8/23/2024 22:45,19.092,0
10425,8/23/2024 23:00,19.187,0
10426,8/23/2024 23:15,19.187,0
10427,8/23/2024 23:30,19.187,0
10428,8/23/2024 23:45,19.187,0
10429,8/24/2024 0:00,19.187,0
10430,8/24/2024 0:15,19.092,0
10431,8/24/2024 0:30,18.996,0
10432,8/24/2024 0:45,18.996,0
10433,8/24/2024 1:00,18.806,0
10434,8/24/2024 1:15,18.045,0
10435,8/24/2024 1:30,17.76,0
10436,8/24/2024 1:45,17.665,0
10437,8/24/2024 2:00,17.284,0
10438,8/24/2024 2:15,17.475,0
10439,8/24/2024 2:30,17.76,0
10440,8/24/2024 2:45,18.045,0
10441,8/24/2024 3:00,18.045,0
10442,8/24/2024 3:15,17.665,0
10443,8/24/2024 3:30,17.094,0
10444,8/24/2024 3:45,16.903,0
10445,8/24/2024 4:00,17.855,0
10446,8/24/2024 4:15,18.236,0
10447,8/24/2024 4:30,18.331,0
10448,8/24/2024 4:45,18.521,0
10449,8/24/2024 5:00,18.616,0
10450,8/24/2024 5:15,18.711,0
10451,8/24/2024 5:30,18.711,0
10452,8/24/2024 5:45,18.711,0
10453,8/24/2024 6:00,18.711,3
10454,8/24/2024 6:15,18.711,20
10455,8/24/2024 6:30,18.711,47
10456,8/24/2024 6:45,18.711,67
10457,8/24/2024 7:00,18.711,112
10458,8/24/2024 7:15,18.806,232
10459,8/24/2024 7:30,18.806,304
10460,8/24/2024 7:45,18.901,496
10461,8/24/2024 8:00,18.996,672
10462,8/24/2024 8:15,19.092,1024
10463,8/24/2024 8:30,19.187,864
10464,8/24/2024 8:45,19.282,1536
10465,8/24/2024 9:00,19.472,1536
10466,8/24/2024 9:15,19.567,2432
10467,8/24/2024 9:30,19.662,2304
10468,8/24/2024 9:45,19.758,2304
10469,8/24/2024 10:00,19.758,2048
10470,8/24/2024 10:15,19.758,1408
10471,8/24/2024 10:30,19.758,3584
10472,8/24/2024 10:45,19.758,1728
10473,8/24/2024 11:00,19.758,2304
10474,8/24/2024 11:15,19.662,1408
10475,8/24/2024 11:30,19.567,1536
10476,8/24/2024 11:45,19.472,1728
10477,8/24/2024 12:00,19.472,1344
10478,8/24/2024 12:15,19.377,1152
10479,8/24/2024 12:30,19.377,1344
10480,8/24/2024 12:45,19.092,1152
10481,8/24/2024 13:00,18.996,1024
10482,8/24/2024 13:15,18.331,960
10483,8/24/2024 13:30,18.331,992
10484,8/24/2024 13:45,18.331,704
10485,8/24/2024 14:00,18.616,608
10486,8/24/2024 14:15,17.284,448
10487,8/24/2024 14:30,16.903,480
10488,8/24/2024 14:45,16.808,480
10489,8/24/2024 15:00,16.713,384
10490,8/24/2024 15:15,16.141,416
10491,8/24/2024 15:30,16.237,288
10492,8/24/2024 15:45,16.523,336
10493,8/24/2024 16:00,16.618,272
10494,8/24/2024 16:15,17.094,288
10495,8/24/2024 16:30,17.189,320
10496,8/24/2024 16:45,16.999,288
10497,8/24/2024 17:00,16.903,256
10498,8/24/2024 17:15,16.903,208
10499,8/24/2024 17:30,17.284,200
10500,8/24/2024 17:45,17.57,160
10501,8/24/2024 18:00,17.76,136
10502,8/24/2024 18:15,17.855,116
10503,8/24/2024 18:30,17.95,92
10504,8/24/2024 18:45,18.045,60
10505,8/24/2024 19:00,18.14,40
10506,8/24/2024 19:15,18.236,23
10507,8/24/2024 19:30,18.331,6
10508,8/24/2024 19:45,18.426,0
10509,8/24/2024 20:00,18.426,0
10510,8/24/2024 20:15,18.426,0
10511,8/24/2024 20:30,18.426,0
10512,8/24/2024 20:45,18.331,0
10513,8/24/2024 21:00,18.331,0
10514,8/24/2024 21:15,18.331,0
10515,8/24/2024 21:30,18.331,0
10516,8/24/2024 21:45,18.521,0
10517,8/24/2024 22:00,18.616,0
10518,8/24/2024 22:15,18.711,0
10519,8/24/2024 22:30,18.806,0
10520,8/24/2024 22:45,18.901,0
10521,8/24/2024 23:00,18.996,0
10522,8/24/2024 23:15,18.996,0
10523,8/24/2024 23:30,18.996,0
10524,8/24/2024 23:45,18.996,0
10525,8/25/2024 0:00,18.996,0
10526,8/25/2024 0:15,18.711,0
10527,8/25/2024 0:30,18.616,0
10528,8/25/2024 0:45,18.426,0
10529,8/25/2024 1:00,18.331,0
10530,8/25/2024 1:15,18.14,0
10531,8/25/2024 1:30,18.14,0
10532,8/25/2024 1:45,18.14,0
10533,8/25/2024 2:00,18.14,0
10534,8/25/2024 2:15,18.14,0
10535,8/25/2024 2:30,18.236,0
10536,8/25/2024 2:45,18.236,0
10537,8/25/2024 3:00,18.236,0
10538,8/25/2024 3:15,18.331,0
10539,8/25/2024 3:30,18.236,0
10540,8/25/2024 3:45,17.665,0
10541,8/25/2024 4:00,17.189,0
10542,8/25/2024 4:15,16.808,0
10543,8/25/2024 4:30,16.046,0
10544,8/25/2024 4:45,16.046,0
10545,8/25/2024 5:00,16.237,0
10546,8/25/2024 5:15,16.523,0
10547,8/25/2024 5:30,16.427,0
10548,8/25/2024 5:45,16.903,0
10549,8/25/2024 6:00,16.999,1
10550,8/25/2024 6:15,17.284,11
10551,8/25/2024 6:30,17.665,28
10552,8/25/2024 6:45,18.14,49
10553,8/25/2024 7:00,18.236,76
10554,8/25/2024 7:15,18.236,136
10555,8/25/2024 7:30,18.331,240
10556,8/25/2024 7:45,18.806,336
10557,8/25/2024 8:00,18.806,432
10558,8/25/2024 8:15,18.806,480
10559,8/25/2024 8:30,18.806,608
10560,8/25/2024 8:45,18.806,608
10561,8/25/2024 9:00,18.806,960
10562,8/25/2024 9:15,18.996,1344
10563,8/25/2024 9:30,18.996,1536
10564,8/25/2024 9:45,19.092,1920
10565,8/25/2024 10:00,19.187,1856
10566,8/25/2024 10:15,19.377,2304
10567,8/25/2024 10:30,19.472,2304
10568,8/25/2024 10:45,19.567,2048
10569,8/25/2024 11:00,19.662,2432
10570,8/25/2024 11:15,19.662,2048
10571,8/25/2024 11:30,19.662,2048
10572,8/25/2024 11:45,19.567,1728
10573,8/25/2024 12:00,19.567,1728
10574,8/25/2024 12:15,19.377,1216
10575,8/25/2024 12:30,19.282,896
10576,8/25/2024 12:45,19.187,608
10577,8/25/2024 13:00,19.282,992
10578,8/25/2024 13:15,19.377,1088
10579,8/25/2024 13:30,19.187,800
10580,8/25/2024 13:45,17.665,512
10581,8/25/2024 14:00,16.046,672
10582,8/25/2024 14:15,16.141,800
10583,8/25/2024 14:30,16.141,336
10584,8/25/2024 14:45,16.427,288
10585,8/25/2024 15:00,16.713,256
10586,8/25/2024 15:15,16.332,256
10587,8/25/2024 15:30,15.855,304
10588,8/25/2024 15:45,15.951,320
10589,8/25/2024 16:00,16.046,304
10590,8/25/2024 16:15,16.141,352
10591,8/25/2024 16:30,16.141,232
10592,8/25/2024 16:45,16.141,144
10593,8/25/2024 17:00,16.141,128
10594,8/25/2024 17:15,16.237,115
10595,8/25/2024 17:30,16.332,100
10596,8/25/2024 17:45,16.427,95
10597,8/25/2024 18:00,16.618,100
10598,8/25/2024 18:15,17.284,69
10599,8/25/2024 18:30,17.379,42
10600,8/25/2024 18:45,17.855,28
10601,8/25/2024 19:00,18.236,22
10602,8/25/2024 19:15,18.331,10
10603,8/25/2024 19:30,18.331,2
10604,8/25/2024 19:45,18.331,0
10605,8/25/2024 20:00,18.426,0
10606,8/25/2024 20:15,18.521,0
10607,8/25/2024 20:30,18.521,0
10608,8/25/2024 20:45,18.521,0
10609,8/25/2024 21:00,18.521,0
10610,8/25/2024 21:15,18.331,0
10611,8/25/2024 21:30,18.236,0
10612,8/25/2024 21:45,18.236,0
10613,8/25/2024 22:00,18.14,0
10614,8/25/2024 22:15,18.045,0
10615,8/25/2024 22:30,18.045,0
10616,8/25/2024 22:45,18.236,0
10617,8/25/2024 23:00,18.331,0
10618,8/25/2024 23:15,18.996,0
10619,8/25/2024 23:30,19.377,0
10620,8/25/2024 23:45,19.092,0
10621,8/26/2024 0:00,18.901,0
10622,8/26/2024 0:15,17.855,0
10623,8/26/2024 0:30,17.76,0
10624,8/26/2024 0:45,17.665,0
10625,8/26/2024 1:00,17.665,0
10626,8/26/2024 1:15,17.665,0
10627,8/26/2024 1:30,17.855,0
10628,8/26/2024 1:45,17.95,0
10629,8/26/2024 2:00,18.045,0
10630,8/26/2024 2:15,18.426,0
10631,8/26/2024 2:30,18.426,0
10632,8/26/2024 2:45,18.426,0
10633,8/26/2024 3:00,18.616,0
10634,8/26/2024 3:15,18.616,0
10635,8/26/2024 3:30,18.616,0
10636,8/26/2024 3:45,18.521,0
10637,8/26/2024 4:00,18.426,0
10638,8/26/2024 4:15,17.76,0
10639,8/26/2024 4:30,16.999,0
10640,8/26/2024 4:45,16.808,0
10641,8/26/2024 5:00,16.808,0
10642,8/26/2024 5:15,16.808,0
10643,8/26/2024 5:30,16.903,0
10644,8/26/2024 5:45,16.999,0
10645,8/26/2024 6:00,16.903,0
10646,8/26/2024 6:15,17.094,4
10647,8/26/2024 6:30,17.284,18
10648,8/26/2024 6:45,17.379,35
10649,8/26/2024 7:00,17.475,56
10650,8/26/2024 7:15,17.665,106
10651,8/26/2024 7:30,17.76,100
10652,8/26/2024 7:45,17.855,176
10653,8/26/2024 8:00,17.95,184
10654,8/26/2024 8:15,18.045,256
10655,8/26/2024 8:30,18.045,240
10656,8/26/2024 8:45,18.14,288
10657,8/26/2024 9:00,18.331,480
10658,8/26/2024 9:15,18.426,704
10659,8/26/2024 9:30,18.711,576
10660,8/26/2024 9:45,18.806,896
10661,8/26/2024 10:00,18.996,992
10662,8/26/2024 10:15,19.282,1536
10663,8/26/2024 10:30,19.472,1536
10664,8/26/2024 10:45,18.996,704
10665,8/26/2024 11:00,18.806,400
10666,8/26/2024 11:15,18.806,576
10667,8/26/2024 11:30,18.996,1280
10668,8/26/2024 11:45,19.282,2304
10669,8/26/2024 12:00,19.472,2304
10670,8/26/2024 12:15,19.472,2560
10671,8/26/2024 12:30,19.472,2432
10672,8/26/2024 12:45,19.187,2176
10673,8/26/2024 13:00,18.996,1408
10674,8/26/2024 13:15,18.996,1728
10675,8/26/2024 13:30,19.092,1664
10676,8/26/2024 13:45,19.187,1344
10677,8/26/2024 14:00,19.187,1152
10678,8/26/2024 14:15,19.187,1024
10679,8/26/2024 14:30,19.187,896
10680,8/26/2024 14:45,19.092,800
10681,8/26/2024 15:00,19.092,576
10682,8/26/2024 15:15,18.806,176
10683,8/26/2024 15:30,18.616,304
10684,8/26/2024 15:45,18.521,200
10685,8/26/2024 16:00,18.331,136
10686,8/26/2024 16:15,18.236,168
10687,8/26/2024 16:30,18.14,192
10688,8/26/2024 16:45,18.14,232
10689,8/26/2024 17:00,18.045,91
10690,8/26/2024 17:15,17.95,113
10691,8/26/2024 17:30,17.95,103
10692,8/26/2024 17:45,17.95,82
10693,8/26/2024 18:00,17.95,72
10694,8/26/2024 18:15,17.855,57
10695,8/26/2024 18:30,17.855,28
10696,8/26/2024 18:45,17.855,23
10697,8/26/2024 19:00,17.855,14
10698,8/26/2024 19:15,17.76,2
10699,8/26/2024 19:30,17.665,0
10700,8/26/2024 19:45,17.57,0
10701,8/26/2024 20:00,17.475,0
10702,8/26/2024 20:15,17.475,0
10703,8/26/2024 20:30,17.475,0
10704,8/26/2024 20:45,17.475,0
10705,8/26/2024 21:00,17.57,0
10706,8/26/2024 21:15,17.665,0
10707,8/26/2024 21:30,17.665,0
10708,8/26/2024 21:45,17.855,0
10709,8/26/2024 22:00,17.95,0
10710,8/26/2024 22:15,18.045,0
10711,8/26/2024 22:30,18.14,0
10712,8/26/2024 22:45,18.521,0
10713,8/26/2024 23:00,18.901,0
10714,8/26/2024 23:15,19.187,0
10715,8/26/2024 23:30,19.282,0
10716,8/26/2024 23:45,19.377,0
10717,8/27/2024 0:00,19.377,0
10718,8/27/2024 0:15,19.472,0
10719,8/27/2024 0:30,19.472,0
10720,8/27/2024 0:45,19.472,0
10721,8/27/2024 1:00,19.472,0
10722,8/27/2024 1:15,19.377,0
10723,8/27/2024 1:30,19.282,0
10724,8/27/2024 1:45,19.187,0
10725,8/27/2024 2:00,19.187,0
10726,8/27/2024 2:15,19.187,0
10727,8/27/2024 2:30,19.187,0
10728,8/27/2024 2:45,19.187,0
10729,8/27/2024 3:00,19.187,0
10730,8/27/2024 3:15,19.187,0
10731,8/27/2024 3:30,19.187,0
10732,8/27/2024 3:45,19.282,0
10733,8/27/2024 4:00,19.187,0
10734,8/27/2024 4:15,19.187,0
10735,8/27/2024 4:30,19.187,0
10736,8/27/2024 4:45,19.092,0
10737,8/27/2024 5:00,19.092,0
10738,8/27/2024 5:15,18.996,0
10739,8/27/2024 5:30,18.806,0
10740,8/27/2024 5:45,18.331,0
10741,8/27/2024 6:00,18.616,0
10742,8/27/2024 6:15,18.996,4
10743,8/27/2024 6:30,19.092,12
10744,8/27/2024 6:45,19.092,27
10745,8/27/2024 7:00,19.092,32
10746,8/27/2024 7:15,18.996,49
10747,8/27/2024 7:30,18.901,74
10748,8/27/2024 7:45,18.806,81
10749,8/27/2024 8:00,18.901,128
10750,8/27/2024 8:15,18.996,136
10751,8/27/2024 8:30,18.996,168
10752,8/27/2024 8:45,18.996,192
10753,8/27/2024 9:00,19.092,224
10754,8/27/2024 9:15,19.092,272
10755,8/27/2024 9:30,19.377,368
10756,8/27/2024 9:45,19.472,400
10757,8/27/2024 10:00,19.377,512
10758,8/27/2024 10:15,19.472,768
10759,8/27/2024 10:30,19.567,800
10760,8/27/2024 10:45,19.662,1088
10761,8/27/2024 11:00,19.662,1472
10762,8/27/2024 11:15,19.758,2048
10763,8/27/2024 11:30,19.948,2304
10764,8/27/2024 11:45,20.138,3200
10765,8/27/2024 12:00,20.234,1728
10766,8/27/2024 12:15,20.234,2688
10767,8/27/2024 12:30,20.234,2048
10768,8/27/2024 12:45,20.329,3200
10769,8/27/2024 13:00,20.234,2432
10770,8/27/2024 13:15,20.043,2048
10771,8/27/2024 13:30,19.948,2432
10772,8/27/2024 13:45,19.948,1664
10773,8/27/2024 14:00,20.043,1408
10774,8/27/2024 14:15,20.138,1472
10775,8/27/2024 14:30,20.043,1728
10776,8/27/2024 14:45,19.948,1344
10777,8/27/2024 15:00,19.853,1088
10778,8/27/2024 15:15,19.853,1088
10779,8/27/2024 15:30,19.758,864
10780,8/27/2024 15:45,19.662,608
10781,8/27/2024 16:00,19.567,464
10782,8/27/2024 16:15,19.567,512
10783,8/27/2024 16:30,19.567,448
10784,8/27/2024 16:45,19.567,352
10785,8/27/2024 17:00,18.901,288
10786,8/27/2024 17:15,18.521,224
10787,8/27/2024 17:30,18.236,184
10788,8/27/2024 17:45,18.045,144
10789,8/27/2024 18:00,17.665,120
10790,8/27/2024 18:15,17.76,80
10791,8/27/2024 18:30,17.284,46
10792,8/27/2024 18:45,17.094,38
10793,8/27/2024 19:00,17.475,16
10794,8/27/2024 19:15,17.95,6
10795,8/27/2024 19:30,18.045,0
10796,8/27/2024 19:45,18.236,0
10797,8/27/2024 20:00,18.236,0
10798,8/27/2024 20:15,18.236,0
10799,8/27/2024 20:30,18.331,0
10800,8/27/2024 20:45,18.426,0
10801,8/27/2024 21:00,18.521,0
10802,8/27/2024 21:15,18.521,0
10803,8/27/2024 21:30,18.521,0
10804,8/27/2024 21:45,18.521,0
10805,8/27/2024 22:00,18.521,0
10806,8/27/2024 22:15,18.521,0
10807,8/27/2024 22:30,18.521,0
10808,8/27/2024 22:45,18.521,0
10809,8/27/2024 23:00,18.521,0
10810,8/27/2024 23:15,18.616,0
10811,8/27/2024 23:30,18.521,0
10812,8/27/2024 23:45,18.616,0
10813,8/28/2024 0:00,18.616,0
10814,8/28/2024 0:15,18.616,0
10815,8/28/2024 0:30,18.711,0
10816,8/28/2024 0:45,18.806,0
10817,8/28/2024 1:00,18.996,0
10818,8/28/2024 1:15,18.996,0
10819,8/28/2024 1:30,19.092,0
10820,8/28/2024 1:45,19.377,0
10821,8/28/2024 2:00,19.472,0
10822,8/28/2024 2:15,19.472,0
10823,8/28/2024 2:30,19.187,0
10824,8/28/2024 2:45,19.187,0
10825,8/28/2024 3:00,19.282,0
10826,8/28/2024 3:15,19.282,0
10827,8/28/2024 3:30,19.377,0
10828,8/28/2024 3:45,19.377,0
10829,8/28/2024 4:00,19.377,0
10830,8/28/2024 4:15,19.472,0
10831,8/28/2024 4:30,19.472,0
10832,8/28/2024 4:45,19.472,0
10833,8/28/2024 5:00,19.377,0
10834,8/28/2024 5:15,19.377,0
10835,8/28/2024 5:30,19.377,0
10836,8/28/2024 5:45,18.521,0
10837,8/28/2024 6:00,18.426,0
10838,8/28/2024 6:15,18.426,5
10839,8/28/2024 6:30,16.903,17
10840,8/28/2024 6:45,15.855,23
10841,8/28/2024 7:00,16.141,23
10842,8/28/2024 7:15,15.664,78
10843,8/28/2024 7:30,17.379,78
10844,8/28/2024 7:45,16.903,57
10845,8/28/2024 8:00,16.713,111
10846,8/28/2024 8:15,19.187,136
10847,8/28/2024 8:30,19.092,208
10848,8/28/2024 8:45,19.567,248
10849,8/28/2024 9:00,19.567,432
10850,8/28/2024 9:15,19.758,320
10851,8/28/2024 9:30,19.758,352
10852,8/28/2024 9:45,19.662,256
10853,8/28/2024 10:00,19.853,608
10854,8/28/2024 10:15,19.758,800
10855,8/28/2024 10:30,19.758,704
10856,8/28/2024 10:45,19.853,800
10857,8/28/2024 11:00,19.948,1344
10858,8/28/2024 11:15,20.043,1088
10859,8/28/2024 11:30,20.138,1536
10860,8/28/2024 11:45,20.329,1600
10861,8/28/2024 12:00,20.519,3072
10862,8/28/2024 12:15,20.519,608
10863,8/28/2024 12:30,20.519,768
10864,8/28/2024 12:45,20.519,672
10865,8/28/2024 13:00,20.71,2304
10866,8/28/2024 13:15,20.805,3072
10867,8/28/2024 13:30,20.805,2304
10868,8/28/2024 13:45,20.901,2816
10869,8/28/2024 14:00,20.615,672
10870,8/28/2024 14:15,20.519,496
10871,8/28/2024 14:30,20.71,992
10872,8/28/2024 14:45,20.519,672
10873,8/28/2024 15:00,20.71,1536
10874,8/28/2024 15:15,20.71,1472
10875,8/28/2024 15:30,20.519,1408
10876,8/28/2024 15:45,19.948,864
10877,8/28/2024 16:00,19.853,864
10878,8/28/2024 16:15,20.138,672
10879,8/28/2024 16:30,20.71,608
10880,8/28/2024 16:45,20.805,432
10881,8/28/2024 17:00,20.71,336
10882,8/28/2024 17:15,20.615,240
10883,8/28/2024 17:30,20.138,216
10884,8/28/2024 17:45,20.138,152
10885,8/28/2024 18:00,20.138,113
10886,8/28/2024 18:15,20.138,72
10887,8/28/2024 18:30,19.948,41
10888,8/28/2024 18:45,19.758,26
10889,8/28/2024 19:00,19.758,6
10890,8/28/2024 19:15,19.567,4
10891,8/28/2024 19:30,19.567,0
10892,8/28/2024 19:45,19.662,0
10893,8/28/2024 20:00,19.758,0
10894,8/28/2024 20:15,19.758,0
10895,8/28/2024 20:30,19.567,0
10896,8/28/2024 20:45,18.901,0
10897,8/28/2024 21:00,18.806,0
10898,8/28/2024 21:15,18.711,0
10899,8/28/2024 21:30,18.711,0
10900,8/28/2024 21:45,18.806,0
10901,8/28/2024 22:00,18.996,0
10902,8/28/2024 22:15,19.282,0
10903,8/28/2024 22:30,19.377,0
10904,8/28/2024 22:45,19.472,0
10905,8/28/2024 23:00,19.662,0
10906,8/28/2024 23:15,19.948,0
10907,8/28/2024 23:30,20.043,0
10908,8/28/2024 23:45,19.948,0
10909,8/29/2024 0:00,20.138,0
10910,8/29/2024 0:15,20.138,0
10911,8/29/2024 0:30,20.138,0
10912,8/29/2024 0:45,20.043,0
10913,8/29/2024 1:00,19.948,0
10914,8/29/2024 1:15,19.948,0
10915,8/29/2024 1:30,19.853,0
10916,8/29/2024 1:45,19.853,0
10917,8/29/2024 2:00,19.758,0
10918,8/29/2024 2:15,19.758,0
10919,8/29/2024 2:30,19.758,0
10920,8/29/2024 2:45,19.758,0
10921,8/29/2024 3:00,19.662,0
10922,8/29/2024 3:15,19.662,0
10923,8/29/2024 3:30,19.567,0
10924,8/29/2024 3:45,19.567,0
10925,8/29/2024 4:00,19.567,0
10926,8/29/2024 4:15,19.567,0
10927,8/29/2024 4:30,19.567,0
10928,8/29/2024 4:45,19.567,0
10929,8/29/2024 5:00,19.567,0
10930,8/29/2024 5:15,19.567,0
10931,8/29/2024 5:30,19.472,0
10932,8/29/2024 5:45,19.377,0
10933,8/29/2024 6:00,19.282,0
10934,8/29/2024 6:15,19.282,4
10935,8/29/2024 6:30,19.282,10
10936,8/29/2024 6:45,19.187,16
10937,8/29/2024 7:00,19.187,29
10938,8/29/2024 7:15,19.187,36
10939,8/29/2024 7:30,19.187,61
10940,8/29/2024 7:45,19.187,72
10941,8/29/2024 8:00,19.187,85
10942,8/29/2024 8:15,18.045,92
10943,8/29/2024 8:30,17.95,118
10944,8/29/2024 8:45,18.045,152
10945,8/29/2024 9:00,18.806,192
10946,8/29/2024 9:15,19.092,240
10947,8/29/2024 9:30,18.996,288
10948,8/29/2024 9:45,18.996,320
10949,8/29/2024 10:00,18.996,416
10950,8/29/2024 10:15,19.092,496
10951,8/29/2024 10:30,19.092,480
10952,8/29/2024 10:45,19.282,608
10953,8/29/2024 11:00,19.187,800
10954,8/29/2024 11:15,19.377,896
10955,8/29/2024 11:30,19.472,960
10956,8/29/2024 11:45,19.567,1280
10957,8/29/2024 12:00,19.758,1216
10958,8/29/2024 12:15,19.853,1920
10959,8/29/2024 12:30,19.948,2304
10960,8/29/2024 12:45,20.043,2176
10961,8/29/2024 13:00,20.138,1984
10962,8/29/2024 13:15,20.234,2432
10963,8/29/2024 13:30,20.234,2432
10964,8/29/2024 13:45,20.329,2048
10965,8/29/2024 14:00,20.329,2816
10966,8/29/2024 14:15,20.234,1856
10967,8/29/2024 14:30,20.234,2560
10968,8/29/2024 14:45,20.234,1856
10969,8/29/2024 15:00,20.234,1728
10970,8/29/2024 15:15,20.234,1408
10971,8/29/2024 15:30,20.138,1408
10972,8/29/2024 15:45,20.043,1728
10973,8/29/2024 16:00,19.853,1216
10974,8/29/2024 16:15,19.758,1088
10975,8/29/2024 16:30,19.567,960
10976,8/29/2024 16:45,19.472,768
10977,8/29/2024 17:00,19.377,576
10978,8/29/2024 17:15,19.282,480
10979,8/29/2024 17:30,19.282,320
10980,8/29/2024 17:45,19.187,216
10981,8/29/2024 18:00,19.187,176
10982,8/29/2024 18:15,19.187,109
10983,8/29/2024 18:30,19.187,65
10984,8/29/2024 18:45,19.187,35
10985,8/29/2024 19:00,19.187,17
10986,8/29/2024 19:15,19.187,5
10987,8/29/2024 19:30,19.187,0
10988,8/29/2024 19:45,19.187,0
10989,8/29/2024 20:00,19.187,0
10990,8/29/2024 20:15,19.187,0
10991,8/29/2024 20:30,19.187,0
10992,8/29/2024 20:45,18.901,0
10993,8/29/2024 21:00,18.806,0
10994,8/29/2024 21:15,18.806,0
10995,8/29/2024 21:30,18.426,0
10996,8/29/2024 21:45,18.331,0
10997,8/29/2024 22:00,18.521,0
10998,8/29/2024 22:15,18.521,0
10999,8/29/2024 22:30,18.521,0
11000,8/29/2024 22:45,18.521,0
11001,8/29/2024 23:00,18.616,0
11002,8/29/2024 23:15,18.616,0
11003,8/29/2024 23:30,18.616,0
11004,8/29/2024 23:45,18.616,0
11005,8/30/2024 0:00,18.616,0
11006,8/30/2024 0:15,18.616,0
11007,8/30/2024 0:30,18.711,0
11008,8/30/2024 0:45,18.806,0
11009,8/30/2024 1:00,18.806,0
11010,8/30/2024 1:15,18.996,0
11011,8/30/2024 1:30,19.092,0
11012,8/30/2024 1:45,19.092,0
11013,8/30/2024 2:00,19.187,0
11014,8/30/2024 2:15,19.187,0
11015,8/30/2024 2:30,19.187,0
11016,8/30/2024 2:45,19.187,0
11017,8/30/2024 3:00,19.187,0
11018,8/30/2024 3:15,19.187,0
11019,8/30/2024 3:30,19.187,0
11020,8/30/2024 3:45,19.187,0
11021,8/30/2024 4:00,19.282,0
11022,8/30/2024 4:15,19.187,0
11023,8/30/2024 4:30,19.187,0
11024,8/30/2024 4:45,19.282,0
11025,8/30/2024 5:00,19.282,0
11026,8/30/2024 5:15,19.282,0
11027,8/30/2024 5:30,19.282,0
11028,8/30/2024 5:45,19.282,0
11029,8/30/2024 6:00,19.282,1
11030,8/30/2024 6:15,19.282,9
11031,8/30/2024 6:30,19.187,24
11032,8/30/2024 6:45,19.282,43
11033,8/30/2024 7:00,18.996,52
11034,8/30/2024 7:15,18.901,83
11035,8/30/2024 7:30,18.996,123
11036,8/30/2024 7:45,19.092,192
11037,8/30/2024 8:00,18.996,160
11038,8/30/2024 8:15,18.996,176
11039,8/30/2024 8:30,19.092,208
11040,8/30/2024 8:45,19.092,106
11041,8/30/2024 9:00,19.092,256
11042,8/30/2024 9:15,19.092,144
11043,8/30/2024 9:30,19.187,352
11044,8/30/2024 9:45,19.187,448
11045,8/30/2024 10:00,19.282,480
11046,8/30/2024 10:15,19.377,480
11047,8/30/2024 10:30,19.472,608
11048,8/30/2024 10:45,19.472,480
11049,8/30/2024 11:00,19.472,304
11050,8/30/2024 11:15,19.567,768
11051,8/30/2024 11:30,19.567,960
11052,8/30/2024 11:45,19.567,1024
11053,8/30/2024 12:00,19.662,1344
11054,8/30/2024 12:15,19.758,1280
11055,8/30/2024 12:30,19.853,1536
11056,8/30/2024 12:45,19.662,608
11057,8/30/2024 13:00,19.662,864
11058,8/30/2024 13:15,19.758,608
11059,8/30/2024 13:30,19.758,672
11060,8/30/2024 13:45,19.853,1152
11061,8/30/2024 14:00,20.234,1984
11062,8/30/2024 14:15,20.234,2688
11063,8/30/2024 14:30,20.329,2816
11064,8/30/2024 14:45,20.329,3072
11065,8/30/2024 15:00,20.138,2560
11066,8/30/2024 15:15,20.234,1728
11067,8/30/2024 15:30,20.234,1792
11068,8/30/2024 15:45,20.138,2304
11069,8/30/2024 16:00,20.138,1024
11070,8/30/2024 16:15,19.948,1280
11071,8/30/2024 16:30,19.662,864
11072,8/30/2024 16:45,19.567,992
11073,8/30/2024 17:00,19.567,704
11074,8/30/2024 17:15,19.567,608
11075,8/30/2024 17:30,19.472,464
11076,8/30/2024 17:45,19.472,352
11077,8/30/2024 18:00,19.377,240
11078,8/30/2024 18:15,19.377,160
11079,8/30/2024 18:30,19.282,89
11080,8/30/2024 18:45,19.282,45
11081,8/30/2024 19:00,19.282,22
11082,8/30/2024 19:15,19.187,6
11083,8/30/2024 19:30,18.236,0
11084,8/30/2024 19:45,18.045,0
11085,8/30/2024 20:00,17.855,0
11086,8/30/2024 20:15,17.665,0
11087,8/30/2024 20:30,17.57,0
11088,8/30/2024 20:45,17.57,0
11089,8/30/2024 21:00,17.665,0
11090,8/30/2024 21:15,17.57,0
11091,8/30/2024 21:30,17.57,0
11092,8/30/2024 21:45,17.855,0
11093,8/30/2024 22:00,17.475,0
11094,8/30/2024 22:15,17.57,0
11095,8/30/2024 22:30,17.57,0
11096,8/30/2024 22:45,17.57,0
11097,8/30/2024 23:00,17.665,0
11098,8/30/2024 23:15,17.76,0
11099,8/30/2024 23:30,17.76,0
11100,8/30/2024 23:45,17.855,0
11101,8/31/2024 0:00,17.95,0
11102,8/31/2024 0:15,18.331,0
11103,8/31/2024 0:30,18.426,0
11104,8/31/2024 0:45,18.521,0
11105,8/31/2024 1:00,18.521,0
11106,8/31/2024 1:15,18.616,0
11107,8/31/2024 1:30,18.616,0
11108,8/31/2024 1:45,18.616,0
11109,8/31/2024 2:00,18.711,0
11110,8/31/2024 2:15,18.711,0
11111,8/31/2024 2:30,18.711,0
11112,8/31/2024 2:45,18.616,0
11113,8/31/2024 3:00,18.616,0
11114,8/31/2024 3:15,18.616,0
11115,8/31/2024 3:30,18.616,0
11116,8/31/2024 3:45,18.521,0
11117,8/31/2024 4:00,18.521,0
11118,8/31/2024 4:15,18.616,0
11119,8/31/2024 4:30,18.616,0
11120,8/31/2024 4:45,18.616,0
11121,8/31/2024 5:00,18.711,0
11122,8/31/2024 5:15,18.806,0
11123,8/31/2024 5:30,18.806,0
11124,8/31/2024 5:45,18.806,0
11125,8/31/2024 6:00,18.806,2
11126,8/31/2024 6:15,18.806,15
11127,8/31/2024 6:30,18.806,42
11128,8/31/2024 6:45,18.806,68
11129,8/31/2024 7:00,18.806,84
11130,8/31/2024 7:15,18.711,100
11131,8/31/2024 7:30,18.711,108
11132,8/31/2024 7:45,18.521,104
11133,8/31/2024 8:00,18.521,136
11134,8/31/2024 8:15,17.95,128
11135,8/31/2024 8:30,17.76,168
11136,8/31/2024 8:45,17.76,152
11137,8/31/2024 9:00,17.76,200
11138,8/31/2024 9:15,17.189,192
11139,8/31/2024 9:30,16.808,248
11140,8/31/2024 9:45,16.903,232
11141,8/31/2024 10:00,17.094,432
11142,8/31/2024 10:15,17.284,320
11143,8/31/2024 10:30,17.379,480
11144,8/31/2024 10:45,17.284,448
11145,8/31/2024 11:00,17.284,672
11146,8/31/2024 11:15,17.284,608
11147,8/31/2024 11:30,17.855,800
11148,8/31/2024 11:45,17.95,960
11149,8/31/2024 12:00,17.665,960
11150,8/31/2024 12:15,18.426,1152
11151,8/31/2024 12:30,18.521,1152
11152,8/31/2024 12:45,19.092,1536
11153,8/31/2024 13:00,19.377,1664
11154,8/31/2024 13:15,19.567,1728
11155,8/31/2024 13:30,19.758,1728
11156,8/31/2024 13:45,19.853,1792
11157,8/31/2024 14:00,19.948,2432
11158,8/31/2024 14:15,19.853,2048
11159,8/31/2024 14:30,19.662,1920
11160,8/31/2024 14:45,19.948,2432
11161,8/31/2024 15:00,19.567,2048
11162,8/31/2024 15:15,18.996,1664
11163,8/31/2024 15:30,18.806,704
11164,8/31/2024 15:45,18.711,512
11165,8/31/2024 16:00,18.616,704
11166,8/31/2024 16:15,18.426,704
11167,8/31/2024 16:30,18.616,768
11168,8/31/2024 16:45,18.521,672
11169,8/31/2024 17:00,18.426,432
11170,8/31/2024 17:15,18.426,400
11171,8/31/2024 17:30,18.426,256
11172,8/31/2024 17:45,18.331,320
11173,8/31/2024 18:00,17.57,168
11174,8/31/2024 18:15,17.284,176
11175,8/31/2024 18:30,16.808,49
11176,8/31/2024 18:45,16.713,24
11177,8/31/2024 19:00,16.713,11
11178,8/31/2024 19:15,16.713,2
11179,8/31/2024 19:30,16.523,0
11180,8/31/2024 19:45,16.332,0
11181,8/31/2024 20:00,16.237,0
11182,8/31/2024 20:15,16.237,0
11183,8/31/2024 20:30,16.141,0
11184,8/31/2024 20:45,15.951,0
11185,8/31/2024 21:00,15.951,0
11186,8/31/2024 21:15,15.855,0
11187,8/31/2024 21:30,16.046,0
11188,8/31/2024 21:45,16.046,0
11189,8/31/2024 22:00,15.855,0
11190,8/31/2024 22:15,15.76,0
11191,8/31/2024 22:30,15.76,0
11192,8/31/2024 22:45,15.76,0
11193,8/31/2024 23:00,15.855,0
11194,8/31/2024 23:15,16.046,0
11195,8/31/2024 23:30,16.141,0
11196,8/31/2024 23:45,15.855,0
11197,9/1/2024 0:00,15.855,0
11198,9/1/2024 0:15,15.951,0
11199,9/1/2024 0:30,15.951,0
11200,9/1/2024 0:45,15.951,0
11201,9/1/2024 1:00,15.951,0
11202,9/1/2024 1:15,16.046,0
11203,9/1/2024 1:30,16.523,0
11204,9/1/2024 1:45,16.523,0
11205,9/1/2024 2:00,16.713,0
11206,9/1/2024 2:15,16.808,0
11207,9/1/2024 2:30,16.808,0
11208,9/1/2024 2:45,16.808,0
11209,9/1/2024 3:00,16.713,0
11210,9/1/2024 3:15,16.618,0
11211,9/1/2024 3:30,16.523,0
11212,9/1/2024 3:45,16.523,0
11213,9/1/2024 4:00,16.618,0
11214,9/1/2024 4:15,16.618,0
11215,9/1/2024 4:30,16.713,0
11216,9/1/2024 4:45,16.999,0
11217,9/1/2024 5:00,17.284,0
11218,9/1/2024 5:15,17.57,0
11219,9/1/2024 5:30,17.76,0
11220,9/1/2024 5:45,17.855,0
11221,9/1/2024 6:00,17.95,0
11222,9/1/2024 6:15,17.95,4
11223,9/1/2024 6:30,17.95,25
11224,9/1/2024 6:45,17.855,47
11225,9/1/2024 7:00,17.95,88
11226,9/1/2024 7:15,17.76,96
11227,9/1/2024 7:30,17.57,152
11228,9/1/2024 7:45,17.665,136
11229,9/1/2024 8:00,17.665,160
11230,9/1/2024 8:15,17.665,168
11231,9/1/2024 8:30,17.665,168
11232,9/1/2024 8:45,17.475,200
11233,9/1/2024 9:00,17.475,208
11234,9/1/2024 9:15,17.57,248
11235,9/1/2024 9:30,17.855,304
11236,9/1/2024 9:45,17.95,432
11237,9/1/2024 10:00,17.95,320
11238,9/1/2024 10:15,18.236,336
11239,9/1/2024 10:30,18.331,608
11240,9/1/2024 10:45,18.521,800
11241,9/1/2024 11:00,18.521,864
11242,9/1/2024 11:15,18.426,672
11243,9/1/2024 11:30,18.521,1216
11244,9/1/2024 11:45,18.616,1216
11245,9/1/2024 12:00,18.236,496
11246,9/1/2024 12:15,18.331,576
11247,9/1/2024 12:30,17.95,896
11248,9/1/2024 12:45,17.665,480
11249,9/1/2024 13:00,17.57,416
11250,9/1/2024 13:15,17.57,496
11251,9/1/2024 13:30,17.855,1216
11252,9/1/2024 13:45,17.95,2176
11253,9/1/2024 14:00,17.95,1536
11254,9/1/2024 14:15,18.236,1280
11255,9/1/2024 14:30,18.521,1728
11256,9/1/2024 14:45,18.616,960
11257,9/1/2024 15:00,18.806,1152
11258,9/1/2024 15:15,18.711,768
11259,9/1/2024 15:30,18.806,896
11260,9/1/2024 15:45,18.616,432
11261,9/1/2024 16:00,18.711,1280
11262,9/1/2024 16:15,18.806,1984
11263,9/1/2024 16:30,18.806,1152
11264,9/1/2024 16:45,18.711,1536
11265,9/1/2024 17:00,18.616,768
11266,9/1/2024 17:15,18.711,960
11267,9/1/2024 17:30,18.711,336
11268,9/1/2024 17:45,18.711,152
11269,9/1/2024 18:00,18.711,248
11270,9/1/2024 18:15,18.711,208
11271,9/1/2024 18:30,18.521,91
11272,9/1/2024 18:45,18.616,60
11273,9/1/2024 19:00,18.616,27
11274,9/1/2024 19:15,18.806,8
11275,9/1/2024 19:30,18.806,0
11276,9/1/2024 19:45,17.379,0
11277,9/1/2024 20:00,16.523,0
11278,9/1/2024 20:15,16.618,0
11279,9/1/2024 20:30,17.95,0
11280,9/1/2024 20:45,18.045,0
11281,9/1/2024 21:00,18.045,0
11282,9/1/2024 21:15,18.045,0
11283,9/1/2024 21:30,18.045,0
11284,9/1/2024 21:45,18.045,0
11285,9/1/2024 22:00,17.95,0
11286,9/1/2024 22:15,17.665,0
11287,9/1/2024 22:30,16.808,0
11288,9/1/2024 22:45,16.332,0
11289,9/1/2024 23:00,16.427,0
11290,9/1/2024 23:15,17.855,0
11291,9/1/2024 23:30,16.618,0
11292,9/1/2024 23:45,14.996,0
11293,9/2/2024 0:00,14.709,0
11294,9/2/2024 0:15,15.473,0
11295,9/2/2024 0:30,17.379,0
11296,9/2/2024 0:45,17.95,0
11297,9/2/2024 1:00,17.855,0
11298,9/2/2024 1:15,18.045,0
11299,9/2/2024 1:30,18.045,0
11300,9/2/2024 1:45,18.045,0
11301,9/2/2024 2:00,18.14,0
11302,9/2/2024 2:15,18.045,0
11303,9/2/2024 2:30,18.14,0
11304,9/2/2024 2:45,18.14,0
11305,9/2/2024 3:00,18.045,0
11306,9/2/2024 3:15,17.95,0
11307,9/2/2024 3:30,17.665,0
11308,9/2/2024 3:45,17.665,0
11309,9/2/2024 4:00,17.76,0
11310,9/2/2024 4:15,17.665,0
11311,9/2/2024 4:30,17.665,0
11312,9/2/2024 4:45,17.665,0
11313,9/2/2024 5:00,17.665,0
11314,9/2/2024 5:15,17.665,0
11315,9/2/2024 5:30,17.665,0
11316,9/2/2024 5:45,17.665,0
11317,9/2/2024 6:00,17.665,0
11318,9/2/2024 6:15,17.665,14
11319,9/2/2024 6:30,17.665,31
11320,9/2/2024 6:45,17.76,64
11321,9/2/2024 7:00,17.855,118
11322,9/2/2024 7:15,17.855,224
11323,9/2/2024 7:30,17.95,288
11324,9/2/2024 7:45,17.95,160
11325,9/2/2024 8:00,17.95,208
11326,9/2/2024 8:15,17.95,336
11327,9/2/2024 8:30,18.045,320
11328,9/2/2024 8:45,18.045,272
11329,9/2/2024 9:00,18.14,208
11330,9/2/2024 9:15,18.14,336
11331,9/2/2024 9:30,18.14,400
11332,9/2/2024 9:45,18.14,320
11333,9/2/2024 10:00,18.236,576
11334,9/2/2024 10:15,18.236,304
11335,9/2/2024 10:30,18.236,416
11336,9/2/2024 10:45,16.999,496
11337,9/2/2024 11:00,16.618,768
11338,9/2/2024 11:15,16.713,608
11339,9/2/2024 11:30,16.713,576
11340,9/2/2024 11:45,17.094,448
11341,9/2/2024 12:00,17.284,320
11342,9/2/2024 12:15,17.189,512
11343,9/2/2024 12:30,17.189,768
11344,9/2/2024 12:45,17.094,992
11345,9/2/2024 13:00,17.189,1216
11346,9/2/2024 13:15,17.189,1280
11347,9/2/2024 13:30,17.284,1152
11348,9/2/2024 13:45,17.284,1088
11349,9/2/2024 14:00,17.475,1280
11350,9/2/2024 14:15,17.57,384
11351,9/2/2024 14:30,18.045,1344
11352,9/2/2024 14:45,18.236,1984
11353,9/2/2024 15:00,18.331,1728
11354,9/2/2024 15:15,18.521,2048
11355,9/2/2024 15:30,18.426,1920
11356,9/2/2024 15:45,18.711,1920
11357,9/2/2024 16:00,18.806,1728
11358,9/2/2024 16:15,18.711,1792
11359,9/2/2024 16:30,18.616,288
11360,9/2/2024 16:45,18.996,672
11361,9/2/2024 17:00,19.187,1280
11362,9/2/2024 17:15,18.996,272
11363,9/2/2024 17:30,19.187,864
11364,9/2/2024 17:45,19.187,304
11365,9/2/2024 18:00,19.187,416
11366,9/2/2024 18:15,19.187,272
11367,9/2/2024 18:30,19.187,136
11368,9/2/2024 18:45,19.092,67
11369,9/2/2024 19:00,19.092,25
11370,9/2/2024 19:15,19.092,6
11371,9/2/2024 19:30,18.996,0
11372,9/2/2024 19:45,18.996,0
11373,9/2/2024 20:00,18.996,0
11374,9/2/2024 20:15,18.996,0
11375,9/2/2024 20:30,18.996,0
11376,9/2/2024 20:45,18.996,0
11377,9/2/2024 21:00,18.996,0
11378,9/2/2024 21:15,18.996,0
11379,9/2/2024 21:30,18.901,0
11380,9/2/2024 21:45,18.806,0
11381,9/2/2024 22:00,18.806,0
11382,9/2/2024 22:15,18.806,0
11383,9/2/2024 22:30,18.806,0
11384,9/2/2024 22:45,18.806,0
11385,9/2/2024 23:00,18.806,0
11386,9/2/2024 23:15,18.806,0
11387,9/2/2024 23:30,18.711,0
11388,9/2/2024 23:45,18.711,0
11389,9/3/2024 0:00,18.616,0
11390,9/3/2024 0:15,18.711,0
11391,9/3/2024 0:30,18.616,0
11392,9/3/2024 0:45,18.616,0
11393,9/3/2024 1:00,18.616,0
11394,9/3/2024 1:15,18.616,0
11395,9/3/2024 1:30,18.521,0
11396,9/3/2024 1:45,18.521,0
11397,9/3/2024 2:00,18.521,0
11398,9/3/2024 2:15,18.521,0
11399,9/3/2024 2:30,18.426,0
11400,9/3/2024 2:45,18.426,0
11401,9/3/2024 3:00,18.426,0
11402,9/3/2024 3:15,18.331,0
11403,9/3/2024 3:30,18.331,0
11404,9/3/2024 3:45,18.331,0
11405,9/3/2024 4:00,18.236,0
11406,9/3/2024 4:15,18.14,0
11407,9/3/2024 4:30,18.14,0
11408,9/3/2024 4:45,18.045,0
11409,9/3/2024 5:00,17.95,0
11410,9/3/2024 5:15,17.855,0
11411,9/3/2024 5:30,17.284,0
11412,9/3/2024 5:45,17.379,0
11413,9/3/2024 6:00,17.284,0
11414,9/3/2024 6:15,17.284,9
11415,9/3/2024 6:30,17.284,30
11416,9/3/2024 6:45,17.284,56
11417,9/3/2024 7:00,17.475,88
11418,9/3/2024 7:15,17.57,152
11419,9/3/2024 7:30,17.665,176
11420,9/3/2024 7:45,17.855,224
11421,9/3/2024 8:00,18.14,232
11422,9/3/2024 8:15,18.331,240
11423,9/3/2024 8:30,18.616,256
11424,9/3/2024 8:45,18.711,304
11425,9/3/2024 9:00,18.616,336
11426,9/3/2024 9:15,18.616,400
11427,9/3/2024 9:30,18.711,496
11428,9/3/2024 9:45,18.711,432
11429,9/3/2024 10:00,18.711,448
11430,9/3/2024 10:15,18.711,512
11431,9/3/2024 10:30,18.711,576
11432,9/3/2024 10:45,18.806,608
11433,9/3/2024 11:00,18.806,576
11434,9/3/2024 11:15,18.711,512
11435,9/3/2024 11:30,18.616,704
11436,9/3/2024 11:45,18.711,768
11437,9/3/2024 12:00,18.711,864
11438,9/3/2024 12:15,18.806,800
11439,9/3/2024 12:30,18.901,896
11440,9/3/2024 12:45,18.996,1152
11441,9/3/2024 13:00,19.092,1216
11442,9/3/2024 13:15,19.092,1152
11443,9/3/2024 13:30,19.187,1344
11444,9/3/2024 13:45,19.187,1408
11445,9/3/2024 14:00,19.282,1536
11446,9/3/2024 14:15,19.282,1408
11447,9/3/2024 14:30,19.377,1536
11448,9/3/2024 14:45,19.377,1728
11449,9/3/2024 15:00,19.472,1856
11450,9/3/2024 15:15,19.472,1600
11451,9/3/2024 15:30,19.567,1472
11452,9/3/2024 15:45,19.567,1280
11453,9/3/2024 16:00,19.567,1280
11454,9/3/2024 16:15,19.567,1600
11455,9/3/2024 16:30,19.567,1152
11456,9/3/2024 16:45,19.472,512
11457,9/3/2024 17:00,19.472,576
11458,9/3/2024 17:15,19.472,512
11459,9/3/2024 17:30,19.472,384
11460,9/3/2024 17:45,19.377,304
11461,9/3/2024 18:00,19.377,304
11462,9/3/2024 18:15,19.282,320
11463,9/3/2024 18:30,19.187,176
11464,9/3/2024 18:45,19.187,90
11465,9/3/2024 19:00,19.092,38
11466,9/3/2024 19:15,19.092,8
11467,9/3/2024 19:30,19.092,0
11468,9/3/2024 19:45,18.996,0
11469,9/3/2024 20:00,18.996,0
11470,9/3/2024 20:15,18.996,0
11471,9/3/2024 20:30,18.901,0
11472,9/3/2024 20:45,18.901,0
11473,9/3/2024 21:00,18.901,0
11474,9/3/2024 21:15,18.901,0
11475,9/3/2024 21:30,18.901,0
11476,9/3/2024 21:45,18.806,0
11477,9/3/2024 22:00,18.806,0
11478,9/3/2024 22:15,18.806,0
11479,9/3/2024 22:30,18.806,0
11480,9/3/2024 22:45,18.806,0
11481,9/3/2024 23:00,18.806,0
11482,9/3/2024 23:15,18.806,0
11483,9/3/2024 23:30,18.711,0
11484,9/3/2024 23:45,18.711,0
11485,9/4/2024 0:00,18.711,0
11486,9/4/2024 0:15,18.711,0
11487,9/4/2024 0:30,18.806,0
11488,9/4/2024 0:45,18.806,0
11489,9/4/2024 1:00,18.806,0
11490,9/4/2024 1:15,18.711,0
11491,9/4/2024 1:30,18.711,0
11492,9/4/2024 1:45,18.711,0
11493,9/4/2024 2:00,18.711,0
11494,9/4/2024 2:15,18.806,0
11495,9/4/2024 2:30,18.806,0
11496,9/4/2024 2:45,18.806,0
11497,9/4/2024 3:00,18.806,0
11498,9/4/2024 3:15,18.806,0
11499,9/4/2024 3:30,18.806,0
11500,9/4/2024 3:45,18.806,0
11501,9/4/2024 4:00,18.711,0
11502,9/4/2024 4:15,18.711,0
11503,9/4/2024 4:30,18.711,0
11504,9/4/2024 4:45,18.711,0
11505,9/4/2024 5:00,18.616,0
11506,9/4/2024 5:15,18.616,0
11507,9/4/2024 5:30,18.521,0
11508,9/4/2024 5:45,18.426,0
11509,9/4/2024 6:00,18.426,0
11510,9/4/2024 6:15,18.426,14
11511,9/4/2024 6:30,18.426,43
11512,9/4/2024 6:45,18.521,72
11513,9/4/2024 7:00,18.521,128
11514,9/4/2024 7:15,18.616,176
11515,9/4/2024 7:30,18.711,216
11516,9/4/2024 7:45,18.711,256
11517,9/4/2024 8:00,18.806,352
11518,9/4/2024 8:15,18.806,416
11519,9/4/2024 8:30,18.901,432
11520,9/4/2024 8:45,18.996,432
11521,9/4/2024 9:00,18.996,496
11522,9/4/2024 9:15,18.996,480
11523,9/4/2024 9:30,18.996,576
11524,9/4/2024 9:45,19.092,608
11525,9/4/2024 10:00,19.092,672
11526,9/4/2024 10:15,19.092,704
11527,9/4/2024 10:30,19.092,800
11528,9/4/2024 10:45,19.187,800
11529,9/4/2024 11:00,19.187,992
11530,9/4/2024 11:15,19.282,1024
11531,9/4/2024 11:30,19.377,1088
11532,9/4/2024 11:45,19.377,1152
11533,9/4/2024 12:00,19.377,1280
11534,9/4/2024 12:15,19.377,1088
11535,9/4/2024 12:30,19.377,1216
11536,9/4/2024 12:45,19.472,1280
11537,9/4/2024 13:00,19.377,1344
11538,9/4/2024 13:15,19.377,1344
11539,9/4/2024 13:30,19.377,1280
11540,9/4/2024 13:45,19.282,1088
11541,9/4/2024 14:00,19.282,1152
11542,9/4/2024 14:15,19.187,1344
11543,9/4/2024 14:30,19.282,1088
11544,9/4/2024 14:45,19.282,1344
11545,9/4/2024 15:00,19.282,1280
11546,9/4/2024 15:15,19.282,1152
11547,9/4/2024 15:30,19.377,1024
11548,9/4/2024 15:45,19.377,1344
11549,9/4/2024 16:00,19.377,1088
11550,9/4/2024 16:15,19.377,960
11551,9/4/2024 16:30,19.377,1152
11552,9/4/2024 16:45,19.377,992
11553,9/4/2024 17:00,19.377,800
11554,9/4/2024 17:15,19.377,576
11555,9/4/2024 17:30,19.377,384
11556,9/4/2024 17:45,19.472,368
11557,9/4/2024 18:00,19.472,336
11558,9/4/2024 18:15,19.472,168
11559,9/4/2024 18:30,19.472,91
11560,9/4/2024 18:45,19.472,58
11561,9/4/2024 19:00,19.472,19
11562,9/4/2024 19:15,19.472,4
11563,9/4/2024 19:30,19.472,0
11564,9/4/2024 19:45,19.472,0
11565,9/4/2024 20:00,19.472,0
11566,9/4/2024 20:15,19.472,0
11567,9/4/2024 20:30,19.472,0
11568,9/4/2024 20:45,19.472,0
11569,9/4/2024 21:00,19.377,0
11570,9/4/2024 21:15,19.377,0
11571,9/4/2024 21:30,19.187,0
11572,9/4/2024 21:45,19.187,0
11573,9/4/2024 22:00,19.092,0
11574,9/4/2024 22:15,19.092,0
11575,9/4/2024 22:30,19.092,0
11576,9/4/2024 22:45,18.996,0
11577,9/4/2024 23:00,18.996,0
11578,9/4/2024 23:15,19.092,0
11579,9/4/2024 23:30,18.996,0
11580,9/4/2024 23:45,18.996,0
11581,9/5/2024 0:00,18.901,0
11582,9/5/2024 0:15,18.901,0
11583,9/5/2024 0:30,18.901,0
11584,9/5/2024 0:45,18.806,0
11585,9/5/2024 1:00,18.616,0
11586,9/5/2024 1:15,18.521,0
11587,9/5/2024 1:30,18.711,0
11588,9/5/2024 1:45,18.806,0
11589,9/5/2024 2:00,18.806,0
11590,9/5/2024 2:15,18.901,0
11591,9/5/2024 2:30,18.901,0
11592,9/5/2024 2:45,18.806,0
11593,9/5/2024 3:00,18.806,0
11594,9/5/2024 3:15,18.901,0
11595,9/5/2024 3:30,18.806,0
11596,9/5/2024 3:45,18.806,0
11597,9/5/2024 4:00,18.806,0
11598,9/5/2024 4:15,18.806,0
11599,9/5/2024 4:30,18.806,0
11600,9/5/2024 4:45,18.806,0
11601,9/5/2024 5:00,18.806,0
11602,9/5/2024 5:15,18.806,0
11603,9/5/2024 5:30,18.806,0
11604,9/5/2024 5:45,18.806,0
11605,9/5/2024 6:00,18.806,0
11606,9/5/2024 6:15,18.806,13
11607,9/5/2024 6:30,18.806,41
11608,9/5/2024 6:45,18.806,66
11609,9/5/2024 7:00,18.806,136
11610,9/5/2024 7:15,18.901,184
11611,9/5/2024 7:30,18.996,208
11612,9/5/2024 7:45,18.996,288
11613,9/5/2024 8:00,19.092,320
11614,9/5/2024 8:15,19.092,400
11615,9/5/2024 8:30,19.092,416
11616,9/5/2024 8:45,19.187,512
11617,9/5/2024 9:00,19.282,512
11618,9/5/2024 9:15,19.282,576
11619,9/5/2024 9:30,19.282,576
11620,9/5/2024 9:45,19.377,608
11621,9/5/2024 10:00,19.472,704
11622,9/5/2024 10:15,19.472,768
11623,9/5/2024 10:30,19.567,896
11624,9/5/2024 10:45,19.567,960
11625,9/5/2024 11:00,19.567,1152
11626,9/5/2024 11:15,19.567,1024
11627,9/5/2024 11:30,19.472,1152
11628,9/5/2024 11:45,19.472,1152
11629,9/5/2024 12:00,19.472,1088
11630,9/5/2024 12:15,19.472,1152
11631,9/5/2024 12:30,19.567,1344
11632,9/5/2024 12:45,19.472,1344
11633,9/5/2024 13:00,19.567,1280
11634,9/5/2024 13:15,19.472,1152
11635,9/5/2024 13:30,19.567,1344
11636,9/5/2024 13:45,19.472,1216
11637,9/5/2024 14:00,19.377,1216
11638,9/5/2024 14:15,19.377,1408
11639,9/5/2024 14:30,19.377,1088
11640,9/5/2024 14:45,19.377,1152
11641,9/5/2024 15:00,19.377,1152
11642,9/5/2024 15:15,19.282,1152
11643,9/5/2024 15:30,19.282,960
11644,9/5/2024 15:45,19.282,1088
11645,9/5/2024 16:00,19.282,992
11646,9/5/2024 16:15,19.282,960
11647,9/5/2024 16:30,19.282,768
11648,9/5/2024 16:45,19.282,800
11649,9/5/2024 17:00,19.282,800
11650,9/5/2024 17:15,19.282,480
11651,9/5/2024 17:30,19.282,288
11652,9/5/2024 17:45,19.187,480
11653,9/5/2024 18:00,19.187,224
11654,9/5/2024 18:15,19.187,136
11655,9/5/2024 18:30,19.092,136
11656,9/5/2024 18:45,19.092,96
11657,9/5/2024 19:00,18.996,31
11658,9/5/2024 19:15,18.996,6
11659,9/5/2024 19:30,18.996,0
11660,9/5/2024 19:45,18.996,0
11661,9/5/2024 20:00,18.996,0
11662,9/5/2024 20:15,18.996,0
11663,9/5/2024 20:30,18.996,0
11664,9/5/2024 20:45,18.996,0
11665,9/5/2024 21:00,18.996,0
11666,9/5/2024 21:15,18.996,0
11667,9/5/2024 21:30,18.996,0
11668,9/5/2024 21:45,18.996,0
11669,9/5/2024 22:00,18.996,0
11670,9/5/2024 22:15,18.996,0
11671,9/5/2024 22:30,18.996,0
11672,9/5/2024 22:45,18.901,0
11673,9/5/2024 23:00,18.806,0
11674,9/5/2024 23:15,18.616,0
11675,9/5/2024 23:30,18.426,0
11676,9/5/2024 23:45,18.426,0
11677,9/6/2024 0:00,18.236,0
11678,9/6/2024 0:15,18.236,0
11679,9/6/2024 0:30,16.713,0
11680,9/6/2024 0:45,15.378,0
11681,9/6/2024 1:00,15.664,0
11682,9/6/2024 1:15,17.665,0
11683,9/6/2024 1:30,17.189,0
11684,9/6/2024 1:45,15.569,0
11685,9/6/2024 2:00,15.282,0
11686,9/6/2024 2:15,15.187,0
11687,9/6/2024 2:30,15.091,0
11688,9/6/2024 2:45,15.569,0
11689,9/6/2024 3:00,15.951,0
11690,9/6/2024 3:15,15.855,0
11691,9/6/2024 3:30,16.046,0
11692,9/6/2024 3:45,16.332,0
11693,9/6/2024 4:00,16.618,0
11694,9/6/2024 4:15,16.523,0
11695,9/6/2024 4:30,16.618,0
11696,9/6/2024 4:45,16.903,0
11697,9/6/2024 5:00,17.475,0
11698,9/6/2024 5:15,17.855,0
11699,9/6/2024 5:30,18.14,0
11700,9/6/2024 5:45,18.236,0
11701,9/6/2024 6:00,18.236,0
11702,9/6/2024 6:15,18.236,3
11703,9/6/2024 6:30,18.236,23
11704,9/6/2024 6:45,18.331,57
11705,9/6/2024 7:00,18.331,102
11706,9/6/2024 7:15,18.331,208
11707,9/6/2024 7:30,18.331,216
11708,9/6/2024 7:45,18.236,208
11709,9/6/2024 8:00,18.331,256
11710,9/6/2024 8:15,18.331,336
11711,9/6/2024 8:30,18.426,336
11712,9/6/2024 8:45,18.426,464
11713,9/6/2024 9:00,18.426,464
11714,9/6/2024 9:15,18.331,416
11715,9/6/2024 9:30,18.331,336
11716,9/6/2024 9:45,18.331,336
11717,9/6/2024 10:00,17.855,448
11718,9/6/2024 10:15,17.665,400
11719,9/6/2024 10:30,17.665,480
11720,9/6/2024 10:45,17.665,240
11721,9/6/2024 11:00,17.665,368
11722,9/6/2024 11:15,17.855,336
11723,9/6/2024 11:30,18.045,480
11724,9/6/2024 11:45,18.236,480
11725,9/6/2024 12:00,18.236,464
11726,9/6/2024 12:15,18.045,368
11727,9/6/2024 12:30,18.045,272
11728,9/6/2024 12:45,17.95,400
11729,9/6/2024 13:00,16.713,336
11730,9/6/2024 13:15,15.664,320
11731,9/6/2024 13:30,15.76,480
11732,9/6/2024 13:45,15.855,384
11733,9/6/2024 14:00,15.855,464
11734,9/6/2024 14:15,15.76,512
11735,9/6/2024 14:30,15.76,368
11736,9/6/2024 14:45,15.76,496
11737,9/6/2024 15:00,15.76,304
11738,9/6/2024 15:15,15.951,256
11739,9/6/2024 15:30,15.951,200
11740,9/6/2024 15:45,16.046,98
11741,9/6/2024 16:00,16.141,128
11742,9/6/2024 16:15,16.427,184
11743,9/6/2024 16:30,16.618,200
11744,9/6/2024 16:45,16.808,256
11745,9/6/2024 17:00,16.999,152
11746,9/6/2024 17:15,17.284,176
11747,9/6/2024 17:30,17.379,122
11748,9/6/2024 17:45,17.379,76
11749,9/6/2024 18:00,17.665,102
11750,9/6/2024 18:15,17.855,60
11751,9/6/2024 18:30,18.045,59
11752,9/6/2024 18:45,18.045,34
11753,9/6/2024 19:00,18.14,14
11754,9/6/2024 19:15,18.331,0
11755,9/6/2024 19:30,18.331,0
11756,9/6/2024 19:45,18.331,0
11757,9/6/2024 20:00,18.426,0
11758,9/6/2024 20:15,18.521,0
11759,9/6/2024 20:30,18.616,0
11760,9/6/2024 20:45,18.711,0
11761,9/6/2024 21:00,18.806,0
11762,9/6/2024 21:15,18.901,0
11763,9/6/2024 21:30,18.901,0
11764,9/6/2024 21:45,18.901,0
11765,9/6/2024 22:00,18.996,0
11766,9/6/2024 22:15,18.996,0
11767,9/6/2024 22:30,18.996,0
11768,9/6/2024 22:45,18.901,0
11769,9/6/2024 23:00,18.806,0
11770,9/6/2024 23:15,18.806,0
11771,9/6/2024 23:30,18.711,0
11772,9/6/2024 23:45,18.711,0
11773,9/7/2024 0:00,18.711,0
11774,9/7/2024 0:15,18.711,0
11775,9/7/2024 0:30,18.711,0
11776,9/7/2024 0:45,18.711,0
11777,9/7/2024 1:00,18.711,0
11778,9/7/2024 1:15,18.616,0
11779,9/7/2024 1:30,18.426,0
11780,9/7/2024 1:45,18.045,0
11781,9/7/2024 2:00,17.855,0
11782,9/7/2024 2:15,17.76,0
11783,9/7/2024 2:30,17.76,0
11784,9/7/2024 2:45,17.665,0
11785,9/7/2024 3:00,17.57,0
11786,9/7/2024 3:15,17.57,0
11787,9/7/2024 3:30,17.665,0
11788,9/7/2024 3:45,17.665,0
11789,9/7/2024 4:00,17.76,0
11790,9/7/2024 4:15,17.76,0
11791,9/7/2024 4:30,17.855,0
11792,9/7/2024 4:45,17.855,0
11793,9/7/2024 5:00,17.855,0
11794,9/7/2024 5:15,17.95,0
11795,9/7/2024 5:30,17.95,0
11796,9/7/2024 5:45,17.95,0
11797,9/7/2024 6:00,18.045,0
11798,9/7/2024 6:15,18.045,2
11799,9/7/2024 6:30,18.045,18
11800,9/7/2024 6:45,18.14,30
11801,9/7/2024 7:00,18.236,60
11802,9/7/2024 7:15,18.236,84
11803,9/7/2024 7:30,18.331,80
11804,9/7/2024 7:45,18.521,248
11805,9/7/2024 8:00,18.616,272
11806,9/7/2024 8:15,18.616,120
11807,9/7/2024 8:30,18.711,480
11808,9/7/2024 8:45,18.711,168
11809,9/7/2024 9:00,18.806,248
11810,9/7/2024 9:15,18.806,288
11811,9/7/2024 9:30,18.806,224
11812,9/7/2024 9:45,18.901,256
11813,9/7/2024 10:00,19.092,704
11814,9/7/2024 10:15,19.092,608
11815,9/7/2024 10:30,19.187,768
11816,9/7/2024 10:45,19.282,576
11817,9/7/2024 11:00,19.187,800
11818,9/7/2024 11:15,19.377,1024
11819,9/7/2024 11:30,19.377,368
11820,9/7/2024 11:45,19.282,464
11821,9/7/2024 12:00,18.711,208
11822,9/7/2024 12:15,18.521,512
11823,9/7/2024 12:30,18.426,400
11824,9/7/2024 12:45,18.331,512
11825,9/7/2024 13:00,18.331,224
11826,9/7/2024 13:15,18.331,480
11827,9/7/2024 13:30,18.331,336
11828,9/7/2024 13:45,18.236,160
11829,9/7/2024 14:00,18.236,97
11830,9/7/2024 14:15,18.236,192
11831,9/7/2024 14:30,18.236,119
11832,9/7/2024 14:45,18.236,432
11833,9/7/2024 15:00,18.331,496
11834,9/7/2024 15:15,18.426,144
11835,9/7/2024 15:30,18.426,336
11836,9/7/2024 15:45,18.426,216
11837,9/7/2024 16:00,18.426,136
11838,9/7/2024 16:15,18.426,136
11839,9/7/2024 16:30,18.426,216
11840,9/7/2024 16:45,18.426,62
11841,9/7/2024 17:00,18.426,93
11842,9/7/2024 17:15,18.426,91
11843,9/7/2024 17:30,18.521,77
11844,9/7/2024 17:45,18.521,72
11845,9/7/2024 18:00,18.521,128
11846,9/7/2024 18:15,18.521,128
11847,9/7/2024 18:30,18.521,29
11848,9/7/2024 18:45,18.521,4
11849,9/7/2024 19:00,18.616,2
11850,9/7/2024 19:15,18.616,0
11851,9/7/2024 19:30,18.616,0
11852,9/7/2024 19:45,18.616,0
11853,9/7/2024 20:00,18.616,0
11854,9/7/2024 20:15,18.616,0
11855,9/7/2024 20:30,18.616,0
11856,9/7/2024 20:45,18.616,0
11857,9/7/2024 21:00,18.616,0
11858,9/7/2024 21:15,18.616,0
11859,9/7/2024 21:30,18.521,0
11860,9/7/2024 21:45,18.521,0
11861,9/7/2024 22:00,18.521,0
11862,9/7/2024 22:15,18.521,0
11863,9/7/2024 22:30,18.521,0
11864,9/7/2024 22:45,18.426,0
11865,9/7/2024 23:00,18.521,0
11866,9/7/2024 23:15,18.426,0
11867,9/7/2024 23:30,18.426,0
11868,9/7/2024 23:45,18.426,0
11869,9/8/2024 0:00,18.426,0
11870,9/8/2024 0:15,18.426,0
11871,9/8/2024 0:30,18.426,0
11872,9/8/2024 0:45,18.426,0
11873,9/8/2024 1:00,18.426,0
11874,9/8/2024 1:15,18.426,0
11875,9/8/2024 1:30,18.426,0
11876,9/8/2024 1:45,18.426,0
11877,9/8/2024 2:00,18.426,0
11878,9/8/2024 2:15,18.426,0
11879,9/8/2024 2:30,18.331,0
11880,9/8/2024 2:45,18.331,0
11881,9/8/2024 3:00,18.331,0
11882,9/8/2024 3:15,18.331,0
11883,9/8/2024 3:30,18.331,0
11884,9/8/2024 3:45,18.331,0
11885,9/8/2024 4:00,18.331,0
11886,9/8/2024 4:15,18.331,0
11887,9/8/2024 4:30,18.236,0
11888,9/8/2024 4:45,18.236,0
11889,9/8/2024 5:00,18.236,0
11890,9/8/2024 5:15,18.236,0
11891,9/8/2024 5:30,18.14,0
11892,9/8/2024 5:45,18.14,0
11893,9/8/2024 6:00,18.14,0
11894,9/8/2024 6:15,18.045,4
11895,9/8/2024 6:30,18.045,6
11896,9/8/2024 6:45,18.045,29
11897,9/8/2024 7:00,18.045,55
11898,9/8/2024 7:15,18.045,96
11899,9/8/2024 7:30,18.045,128
11900,9/8/2024 7:45,18.045,184
11901,9/8/2024 8:00,18.045,216
11902,9/8/2024 8:15,18.045,288
11903,9/8/2024 8:30,18.045,384
11904,9/8/2024 8:45,18.045,384
11905,9/8/2024 9:00,18.045,480
11906,9/8/2024 9:15,18.045,512
11907,9/8/2024 9:30,18.14,448
11908,9/8/2024 9:45,18.236,480
11909,9/8/2024 10:00,18.331,480
11910,9/8/2024 10:15,18.426,512
11911,9/8/2024 10:30,18.521,608
11912,9/8/2024 10:45,18.521,576
11913,9/8/2024 11:00,18.616,960
11914,9/8/2024 11:15,18.711,1088
11915,9/8/2024 11:30,18.806,1344
11916,9/8/2024 11:45,18.806,800
11917,9/8/2024 12:00,18.901,1024
11918,9/8/2024 12:15,18.996,1216
11919,9/8/2024 12:30,19.092,1216
11920,9/8/2024 12:45,19.187,992
11921,9/8/2024 13:00,19.187,960
11922,9/8/2024 13:15,19.187,992
11923,9/8/2024 13:30,19.282,1088
11924,9/8/2024 13:45,19.282,768
11925,9/8/2024 14:00,19.377,608
11926,9/8/2024 14:15,19.377,480
11927,9/8/2024 14:30,19.472,576
11928,9/8/2024 14:45,19.472,480
11929,9/8/2024 15:00,19.377,480
11930,9/8/2024 15:15,19.377,416
11931,9/8/2024 15:30,19.282,84
11932,9/8/2024 15:45,19.377,416
11933,9/8/2024 16:00,19.187,107
11934,9/8/2024 16:15,19.282,320
11935,9/8/2024 16:30,19.282,336
11936,9/8/2024 16:45,19.282,200
11937,9/8/2024 17:00,19.377,74
11938,9/8/2024 17:15,19.377,176
11939,9/8/2024 17:30,19.377,64
11940,9/8/2024 17:45,19.377,78
11941,9/8/2024 18:00,19.377,74
11942,9/8/2024 18:15,19.282,43
11943,9/8/2024 18:30,19.282,48
11944,9/8/2024 18:45,19.187,23
11945,9/8/2024 19:00,19.187,8
11946,9/8/2024 19:15,19.092,0
11947,9/8/2024 19:30,19.092,0
11948,9/8/2024 19:45,19.187,0
11949,9/8/2024 20:00,19.377,0
11950,9/8/2024 20:15,19.282,0
11951,9/8/2024 20:30,19.282,0
11952,9/8/2024 20:45,19.282,0
11953,9/8/2024 21:00,19.282,0
11954,9/8/2024 21:15,19.187,0
11955,9/8/2024 21:30,18.996,0
11956,9/8/2024 21:45,18.806,0
11957,9/8/2024 22:00,18.806,0
11958,9/8/2024 22:15,18.806,0
11959,9/8/2024 22:30,18.806,0
11960,9/8/2024 22:45,18.806,0
11961,9/8/2024 23:00,18.806,0
11962,9/8/2024 23:15,18.806,0
11963,9/8/2024 23:30,18.806,0
11964,9/8/2024 23:45,18.806,0
11965,9/9/2024 0:00,18.806,0
11966,9/9/2024 0:15,18.806,0
11967,9/9/2024 0:30,18.806,0
11968,9/9/2024 0:45,18.711,0
11969,9/9/2024 1:00,18.426,0
11970,9/9/2024 1:15,18.331,0
11971,9/9/2024 1:30,18.331,0
11972,9/9/2024 1:45,18.331,0
11973,9/9/2024 2:00,18.236,0
11974,9/9/2024 2:15,18.236,0
11975,9/9/2024 2:30,18.14,0
11976,9/9/2024 2:45,18.14,0
11977,9/9/2024 3:00,18.236,0
11978,9/9/2024 3:15,18.236,0
11979,9/9/2024 3:30,18.236,0
11980,9/9/2024 3:45,18.331,0
11981,9/9/2024 4:00,18.236,0
11982,9/9/2024 4:15,18.236,0
11983,9/9/2024 4:30,18.331,0
11984,9/9/2024 4:45,18.331,0
11985,9/9/2024 5:00,18.426,0
11986,9/9/2024 5:15,18.521,0
11987,9/9/2024 5:30,18.521,0
11988,9/9/2024 5:45,18.521,0
11989,9/9/2024 6:00,18.521,0
11990,9/9/2024 6:15,18.521,1
11991,9/9/2024 6:30,18.521,12
11992,9/9/2024 6:45,18.426,24
11993,9/9/2024 7:00,18.331,52
11994,9/9/2024 7:15,18.236,78
11995,9/9/2024 7:30,18.331,110
11996,9/9/2024 7:45,18.331,128
11997,9/9/2024 8:00,18.236,192
11998,9/9/2024 8:15,18.236,288
11999,9/9/2024 8:30,18.236,368
12000,9/9/2024 8:45,18.236,416
12001,9/9/2024 9:00,18.236,448
12002,9/9/2024 9:15,18.331,480
12003,9/9/2024 9:30,18.426,608
12004,9/9/2024 9:45,18.521,800
12005,9/9/2024 10:00,18.616,1024
12006,9/9/2024 10:15,18.616,608
12007,9/9/2024 10:30,18.806,1408
12008,9/9/2024 10:45,18.806,1280
12009,9/9/2024 11:00,18.901,1216
12010,9/9/2024 11:15,18.996,1728
12011,9/9/2024 11:30,19.092,1920
12012,9/9/2024 11:45,19.092,1536
12013,9/9/2024 12:00,19.187,1600
12014,9/9/2024 12:15,19.187,1152
12015,9/9/2024 12:30,19.187,1920
12016,9/9/2024 12:45,19.187,1664
12017,9/9/2024 13:00,19.187,1216
12018,9/9/2024 13:15,19.187,1344
12019,9/9/2024 13:30,19.187,1344
12020,9/9/2024 13:45,19.187,672
12021,9/9/2024 14:00,19.282,864
12022,9/9/2024 14:15,19.282,704
12023,9/9/2024 14:30,19.282,672
12024,9/9/2024 14:45,19.282,896
12025,9/9/2024 15:00,19.282,704
12026,9/9/2024 15:15,19.282,704
12027,9/9/2024 15:30,19.187,480
12028,9/9/2024 15:45,19.187,512
12029,9/9/2024 16:00,19.187,96
12030,9/9/2024 16:15,19.092,117
12031,9/9/2024 16:30,19.092,432
12032,9/9/2024 16:45,19.092,352
12033,9/9/2024 17:00,19.092,304
12034,9/9/2024 17:15,19.092,94
12035,9/9/2024 17:30,19.092,184
12036,9/9/2024 17:45,19.092,176
12037,9/9/2024 18:00,19.092,87
12038,9/9/2024 18:15,19.092,74
12039,9/9/2024 18:30,19.092,49
12040,9/9/2024 18:45,19.092,17
12041,9/9/2024 19:00,19.092,4
12042,9/9/2024 19:15,19.092,0
12043,9/9/2024 19:30,19.092,0
12044,9/9/2024 19:45,19.092,0
12045,9/9/2024 20:00,18.996,0
12046,9/9/2024 20:15,18.996,0
12047,9/9/2024 20:30,18.996,0
12048,9/9/2024 20:45,18.996,0
12049,9/9/2024 21:00,18.996,0
12050,9/9/2024 21:15,18.996,0
12051,9/9/2024 21:30,18.996,0
12052,9/9/2024 21:45,18.996,0
12053,9/9/2024 22:00,18.901,0
12054,9/9/2024 22:15,18.901,0
12055,9/9/2024 22:30,18.901,0
12056,9/9/2024 22:45,18.806,0
12057,9/9/2024 23:00,18.806,0
12058,9/9/2024 23:15,18.806,0
12059,9/9/2024 23:30,18.806,0
12060,9/9/2024 23:45,18.806,0
12061,9/10/2024 0:00,18.806,0
12062,9/10/2024 0:15,18.806,0
12063,9/10/2024 0:30,18.806,0
12064,9/10/2024 0:45,18.806,0
12065,9/10/2024 1:00,18.806,0
12066,9/10/2024 1:15,18.806,0
12067,9/10/2024 1:30,18.806,0
12068,9/10/2024 1:45,18.806,0
12069,9/10/2024 2:00,18.806,0
12070,9/10/2024 2:15,18.806,0
12071,9/10/2024 2:30,18.806,0
12072,9/10/2024 2:45,18.806,0
12073,9/10/2024 3:00,18.616,0
12074,9/10/2024 3:15,18.521,0
12075,9/10/2024 3:30,18.426,0
12076,9/10/2024 3:45,18.426,0
12077,9/10/2024 4:00,18.426,0
12078,9/10/2024 4:15,18.521,0
12079,9/10/2024 4:30,18.521,0
12080,9/10/2024 4:45,18.521,0
12081,9/10/2024 5:00,18.616,0
12082,9/10/2024 5:15,18.711,0
12083,9/10/2024 5:30,18.711,0
12084,9/10/2024 5:45,18.711,0
12085,9/10/2024 6:00,18.711,0
12086,9/10/2024 6:15,18.616,1
12087,9/10/2024 6:30,18.616,9
12088,9/10/2024 6:45,18.616,26
12089,9/10/2024 7:00,18.616,51
12090,9/10/2024 7:15,18.616,71
12091,9/10/2024 7:30,18.616,84
12092,9/10/2024 7:45,18.616,113
12093,9/10/2024 8:00,18.711,160
12094,9/10/2024 8:15,18.711,216
12095,9/10/2024 8:30,18.711,232
12096,9/10/2024 8:45,18.711,304
12097,9/10/2024 9:00,18.806,320
12098,9/10/2024 9:15,18.806,352
12099,9/10/2024 9:30,18.901,512
12100,9/10/2024 9:45,18.996,704
12101,9/10/2024 10:00,18.996,480
12102,9/10/2024 10:15,19.092,768
12103,9/10/2024 10:30,19.187,800
12104,9/10/2024 10:45,19.282,1600
12105,9/10/2024 11:00,19.377,896
12106,9/10/2024 11:15,19.377,1728
12107,9/10/2024 11:30,19.472,1856
12108,9/10/2024 11:45,19.472,1792
12109,9/10/2024 12:00,19.567,1728
12110,9/10/2024 12:15,19.567,1600
12111,9/10/2024 12:30,19.567,1152
12112,9/10/2024 12:45,19.567,1536
12113,9/10/2024 13:00,19.567,1088
12114,9/10/2024 13:15,19.662,1536
12115,9/10/2024 13:30,19.662,1600
12116,9/10/2024 13:45,19.567,1280
12117,9/10/2024 14:00,19.567,1216
12118,9/10/2024 14:15,19.472,864
12119,9/10/2024 14:30,19.472,864
12120,9/10/2024 14:45,19.377,864
12121,9/10/2024 15:00,19.282,672
12122,9/10/2024 15:15,19.282,704
12123,9/10/2024 15:30,19.187,480
12124,9/10/2024 15:45,19.187,464
12125,9/10/2024 16:00,19.187,320
12126,9/10/2024 16:15,19.187,464
12127,9/10/2024 16:30,19.187,368
12128,9/10/2024 16:45,19.187,320
12129,9/10/2024 17:00,19.187,256
12130,9/10/2024 17:15,19.187,152
12131,9/10/2024 17:30,19.187,168
12132,9/10/2024 17:45,19.187,80
12133,9/10/2024 18:00,19.187,81
12134,9/10/2024 18:15,19.187,61
12135,9/10/2024 18:30,19.187,41
12136,9/10/2024 18:45,19.187,15
12137,9/10/2024 19:00,19.282,2
12138,9/10/2024 19:15,19.282,0
12139,9/10/2024 19:30,19.282,0
12140,9/10/2024 19:45,19.282,0
12141,9/10/2024 20:00,19.377,0
12142,9/10/2024 20:15,19.282,0
12143,9/10/2024 20:30,19.282,0
12144,9/10/2024 20:45,19.282,0
12145,9/10/2024 21:00,19.282,0
12146,9/10/2024 21:15,19.282,0
12147,9/10/2024 21:30,19.282,0
12148,9/10/2024 21:45,19.282,0
12149,9/10/2024 22:00,19.282,0
12150,9/10/2024 22:15,19.282,0
12151,9/10/2024 22:30,19.282,0
12152,9/10/2024 22:45,19.282,0
12153,9/10/2024 23:00,19.282,0
12154,9/10/2024 23:15,19.282,0
12155,9/10/2024 23:30,19.187,0
12156,9/10/2024 23:45,19.187,0
12157,9/11/2024 0:00,19.187,0
12158,9/11/2024 0:15,19.187,0
12159,9/11/2024 0:30,19.187,0
12160,9/11/2024 0:45,19.187,0
12161,9/11/2024 1:00,19.187,0
12162,9/11/2024 1:15,19.187,0
12163,9/11/2024 1:30,19.092,0
12164,9/11/2024 1:45,19.092,0
12165,9/11/2024 2:00,19.092,0
12166,9/11/2024 2:15,19.092,0
12167,9/11/2024 2:30,19.092,0
12168,9/11/2024 2:45,19.092,0
12169,9/11/2024 3:00,19.092,0
12170,9/11/2024 3:15,19.092,0
12171,9/11/2024 3:30,19.092,0
12172,9/11/2024 3:45,19.092,0
12173,9/11/2024 4:00,19.092,0
12174,9/11/2024 4:15,19.092,0
12175,9/11/2024 4:30,19.092,0
12176,9/11/2024 4:45,18.996,0
12177,9/11/2024 5:00,18.711,0
12178,9/11/2024 5:15,18.616,0
12179,9/11/2024 5:30,18.616,0
12180,9/11/2024 5:45,18.616,0
12181,9/11/2024 6:00,18.616,0
12182,9/11/2024 6:15,18.521,1
12183,9/11/2024 6:30,18.521,11
12184,9/11/2024 6:45,18.616,29
12185,9/11/2024 7:00,18.616,45
12186,9/11/2024 7:15,18.521,75
12187,9/11/2024 7:30,18.616,89
12188,9/11/2024 7:45,18.616,112
12189,9/11/2024 8:00,18.616,176
12190,9/11/2024 8:15,18.616,200
12191,9/11/2024 8:30,18.616,272
12192,9/11/2024 8:45,18.711,288
12193,9/11/2024 9:00,18.806,352
12194,9/11/2024 9:15,18.806,448
12195,9/11/2024 9:30,18.901,576
12196,9/11/2024 9:45,18.996,704
12197,9/11/2024 10:00,19.092,800
12198,9/11/2024 10:15,19.282,1024
12199,9/11/2024 10:30,19.377,1280
12200,9/11/2024 10:45,19.472,1344
12201,9/11/2024 11:00,19.567,1024
12202,9/11/2024 11:15,19.662,1344
12203,9/11/2024 11:30,19.758,1792
12204,9/11/2024 11:45,19.853,1152
12205,9/11/2024 12:00,19.853,1536
12206,9/11/2024 12:15,19.853,1024
12207,9/11/2024 12:30,19.853,1408
12208,9/11/2024 12:45,19.853,1408
12209,9/11/2024 13:00,19.853,1088
12210,9/11/2024 13:15,19.853,1344
12211,9/11/2024 13:30,19.853,1408
12212,9/11/2024 13:45,19.758,1536
12213,9/11/2024 14:00,19.662,2176
12214,9/11/2024 14:15,19.662,800
12215,9/11/2024 14:30,19.662,992
12216,9/11/2024 14:45,19.567,896
12217,9/11/2024 15:00,19.567,608
12218,9/11/2024 15:15,19.567,864
12219,9/11/2024 15:30,19.567,800
12220,9/11/2024 15:45,19.567,480
12221,9/11/2024 16:00,19.567,512
12222,9/11/2024 16:15,19.282,288
12223,9/11/2024 16:30,18.426,272
12224,9/11/2024 16:45,18.14,352
12225,9/11/2024 17:00,18.14,176
12226,9/11/2024 17:15,18.236,208
12227,9/11/2024 17:30,18.236,184
12228,9/11/2024 17:45,18.14,94
12229,9/11/2024 18:00,17.95,72
12230,9/11/2024 18:15,17.284,53
12231,9/11/2024 18:30,17.379,28
12232,9/11/2024 18:45,17.665,9
12233,9/11/2024 19:00,17.57,2
12234,9/11/2024 19:15,17.665,0
12235,9/11/2024 19:30,17.855,0
12236,9/11/2024 19:45,18.045,0
12237,9/11/2024 20:00,18.236,0
12238,9/11/2024 20:15,18.426,0
12239,9/11/2024 20:30,18.426,0
12240,9/11/2024 20:45,18.521,0
12241,9/11/2024 21:00,18.616,0
12242,9/11/2024 21:15,18.616,0
12243,9/11/2024 21:30,18.616,0
12244,9/11/2024 21:45,18.616,0
12245,9/11/2024 22:00,18.711,0
12246,9/11/2024 22:15,18.711,0
12247,9/11/2024 22:30,18.711,0
12248,9/11/2024 22:45,18.711,0
12249,9/11/2024 23:00,18.616,0
12250,9/11/2024 23:15,18.616,0
12251,9/11/2024 23:30,18.616,0
12252,9/11/2024 23:45,18.616,0
12253,9/12/2024 0:00,18.616,0
12254,9/12/2024 0:15,18.616,0
12255,9/12/2024 0:30,18.521,0
12256,9/12/2024 0:45,18.521,0
12257,9/12/2024 1:00,18.521,0
12258,9/12/2024 1:15,18.521,0
12259,9/12/2024 1:30,18.521,0
12260,9/12/2024 1:45,18.521,0
12261,9/12/2024 2:00,18.521,0
12262,9/12/2024 2:15,18.521,0
12263,9/12/2024 2:30,18.521,0
12264,9/12/2024 2:45,18.521,0
12265,9/12/2024 3:00,18.521,0
12266,9/12/2024 3:15,18.521,0
12267,9/12/2024 3:30,18.521,0
12268,9/12/2024 3:45,18.521,0
12269,9/12/2024 4:00,18.521,0
12270,9/12/2024 4:15,18.521,0
12271,9/12/2024 4:30,18.521,0
12272,9/12/2024 4:45,18.426,0
12273,9/12/2024 5:00,18.426,0
12274,9/12/2024 5:15,18.426,0
12275,9/12/2024 5:30,18.426,0
12276,9/12/2024 5:45,18.426,0
12277,9/12/2024 6:00,18.426,0
12278,9/12/2024 6:15,18.426,0
12279,9/12/2024 6:30,18.426,5
12280,9/12/2024 6:45,18.331,25
12281,9/12/2024 7:00,18.331,58
12282,9/12/2024 7:15,18.331,78
12283,9/12/2024 7:30,18.426,111
12284,9/12/2024 7:45,18.426,136
12285,9/12/2024 8:00,18.426,216
12286,9/12/2024 8:15,18.521,216
12287,9/12/2024 8:30,18.521,352
12288,9/12/2024 8:45,18.616,384
12289,9/12/2024 9:00,18.616,432
12290,9/12/2024 9:15,18.711,400
12291,9/12/2024 9:30,18.711,512
12292,9/12/2024 9:45,18.711,432
12293,9/12/2024 10:00,18.806,896
12294,9/12/2024 10:15,18.901,704
12295,9/12/2024 10:30,18.996,992
12296,9/12/2024 10:45,19.187,1344
12297,9/12/2024 11:00,19.282,1536
12298,9/12/2024 11:15,19.472,1344
12299,9/12/2024 11:30,19.567,1216
12300,9/12/2024 11:45,19.567,1344
12301,9/12/2024 12:00,19.567,1728
12302,9/12/2024 12:15,19.567,1728
12303,9/12/2024 12:30,19.567,1664
12304,9/12/2024 12:45,19.472,2048
12305,9/12/2024 13:00,19.472,1216
12306,9/12/2024 13:15,19.567,1472
12307,9/12/2024 13:30,19.567,2688
12308,9/12/2024 13:45,19.377,1536
12309,9/12/2024 14:00,19.377,1216
12310,9/12/2024 14:15,19.282,1216
12311,9/12/2024 14:30,19.187,1408
12312,9/12/2024 14:45,19.187,1024
12313,9/12/2024 15:00,19.092,800
12314,9/12/2024 15:15,19.092,800
12315,9/12/2024 15:30,18.996,576
12316,9/12/2024 15:45,18.045,672
12317,9/12/2024 16:00,17.855,464
12318,9/12/2024 16:15,17.475,480
12319,9/12/2024 16:30,17.57,288
12320,9/12/2024 16:45,17.189,272
12321,9/12/2024 17:00,16.332,208
12322,9/12/2024 17:15,15.378,192
12323,9/12/2024 17:30,15.091,128
12324,9/12/2024 17:45,14.421,82
12325,9/12/2024 18:00,13.269,69
12326,9/12/2024 18:15,13.269,45
12327,9/12/2024 18:30,13.076,20
12328,9/12/2024 18:45,13.076,12
12329,9/12/2024 19:00,13.654,0
12330,9/12/2024 19:15,13.846,0
12331,9/12/2024 19:30,13.846,0
12332,9/12/2024 19:45,14.709,0
12333,9/12/2024 20:00,14.517,0
12334,9/12/2024 20:15,14.421,0
12335,9/12/2024 20:30,14.421,0
12336,9/12/2024 20:45,14.421,0
12337,9/12/2024 21:00,14.421,0
12338,9/12/2024 21:15,14.517,0
12339,9/12/2024 21:30,14.421,0
12340,9/12/2024 21:45,14.517,0
12341,9/12/2024 22:00,14.613,0
12342,9/12/2024 22:15,14.517,0
12343,9/12/2024 22:30,14.517,0
12344,9/12/2024 22:45,14.517,0
12345,9/12/2024 23:00,14.804,0
12346,9/12/2024 23:15,14.9,0
12347,9/12/2024 23:30,14.996,0
12348,9/12/2024 23:45,15.282,0
12349,9/13/2024 0:00,15.378,0
12350,9/13/2024 0:15,15.473,0
12351,9/13/2024 0:30,15.569,0
12352,9/13/2024 0:45,15.76,0
12353,9/13/2024 1:00,16.046,0
12354,9/13/2024 1:15,16.713,0
12355,9/13/2024 1:30,16.713,0
12356,9/13/2024 1:45,16.618,0
12357,9/13/2024 2:00,15.569,0
12358,9/13/2024 2:15,13.558,0
12359,9/13/2024 2:30,16.523,0
12360,9/13/2024 2:45,17.475,0
12361,9/13/2024 3:00,17.855,0
12362,9/13/2024 3:15,17.95,0
12363,9/13/2024 3:30,17.76,0
12364,9/13/2024 3:45,17.57,0
12365,9/13/2024 4:00,16.141,0
12366,9/13/2024 4:15,16.618,0
12367,9/13/2024 4:30,16.999,0
12368,9/13/2024 4:45,17.189,0
12369,9/13/2024 5:00,17.284,0
12370,9/13/2024 5:15,17.284,0
12371,9/13/2024 5:30,17.284,0
12372,9/13/2024 5:45,17.284,0
12373,9/13/2024 6:00,17.284,0
12374,9/13/2024 6:15,17.284,0
12375,9/13/2024 6:30,17.284,4
12376,9/13/2024 6:45,15.76,10
12377,9/13/2024 7:00,14.23,16
12378,9/13/2024 7:15,13.654,39
12379,9/13/2024 7:30,12.787,77
12380,9/13/2024 7:45,12.594,78
12381,9/13/2024 8:00,12.497,152
12382,9/13/2024 8:15,12.497,192
12383,9/13/2024 8:30,14.9,208
12384,9/13/2024 8:45,15.664,272
12385,9/13/2024 9:00,15.76,320
12386,9/13/2024 9:15,16.141,416
12387,9/13/2024 9:30,16.332,432
12388,9/13/2024 9:45,16.427,512
12389,9/13/2024 10:00,16.713,672
12390,9/13/2024 10:15,16.903,864
12391,9/13/2024 10:30,17.094,864
12392,9/13/2024 10:45,17.284,1088
12393,9/13/2024 11:00,17.475,1152
12394,9/13/2024 11:15,17.57,1024
12395,9/13/2024 11:30,17.76,1216
12396,9/13/2024 11:45,17.76,1216
12397,9/13/2024 12:00,17.855,992
12398,9/13/2024 12:15,17.76,1536
12399,9/13/2024 12:30,17.665,1344
12400,9/13/2024 12:45,17.855,1152
12401,9/13/2024 13:00,17.76,1280
12402,9/13/2024 13:15,17.475,1408
12403,9/13/2024 13:30,17.284,1536
12404,9/13/2024 13:45,17.379,1600
12405,9/13/2024 14:00,17.284,1344
12406,9/13/2024 14:15,17.284,1728
12407,9/13/2024 14:30,17.284,1152
12408,9/13/2024 14:45,17.284,1216
12409,9/13/2024 15:00,17.475,1152
12410,9/13/2024 15:15,17.475,896
12411,9/13/2024 15:30,17.379,576
12412,9/13/2024 15:45,17.189,704
12413,9/13/2024 16:00,17.094,576
12414,9/13/2024 16:15,16.999,480
12415,9/13/2024 16:30,16.808,480
12416,9/13/2024 16:45,16.427,336
12417,9/13/2024 17:00,16.427,320
12418,9/13/2024 17:15,16.808,272
12419,9/13/2024 17:30,17.189,152
12420,9/13/2024 17:45,17.189,128
12421,9/13/2024 18:00,17.189,97
12422,9/13/2024 18:15,16.999,29
12423,9/13/2024 18:30,14.421,16
12424,9/13/2024 18:45,13.269,6
12425,9/13/2024 19:00,12.883,0
12426,9/13/2024 19:15,12.98,0
12427,9/13/2024 19:30,12.787,0
12428,9/13/2024 19:45,12.69,0
12429,9/13/2024 20:00,12.69,0
12430,9/13/2024 20:15,13.076,0
12431,9/13/2024 20:30,13.173,0
12432,9/13/2024 20:45,14.134,0
12433,9/13/2024 21:00,14.613,0
12434,9/13/2024 21:15,15.187,0
12435,9/13/2024 21:30,15.569,0
12436,9/13/2024 21:45,15.664,0
12437,9/13/2024 22:00,15.76,0
12438,9/13/2024 22:15,15.855,0
12439,9/13/2024 22:30,15.951,0
12440,9/13/2024 22:45,16.046,0
12441,9/13/2024 23:00,16.141,0
12442,9/13/2024 23:15,16.237,0
12443,9/13/2024 23:30,16.427,0
12444,9/13/2024 23:45,16.427,0
12445,9/14/2024 0:00,16.427,0
12446,9/14/2024 0:15,16.523,0
12447,9/14/2024 0:30,16.427,0
12448,9/14/2024 0:45,16.427,0
12449,9/14/2024 1:00,16.427,0
12450,9/14/2024 1:15,16.332,0
12451,9/14/2024 1:30,16.332,0
12452,9/14/2024 1:45,16.237,0
12453,9/14/2024 2:00,16.237,0
12454,9/14/2024 2:15,16.141,0
12455,9/14/2024 2:30,16.332,0
12456,9/14/2024 2:45,16.427,0
12457,9/14/2024 3:00,16.523,0
12458,9/14/2024 3:15,16.618,0
12459,9/14/2024 3:30,16.713,0
12460,9/14/2024 3:45,16.999,0
12461,9/14/2024 4:00,17.284,0
12462,9/14/2024 4:15,17.379,0
12463,9/14/2024 4:30,17.379,0
12464,9/14/2024 4:45,17.379,0
12465,9/14/2024 5:00,17.189,0
12466,9/14/2024 5:15,17.094,0
12467,9/14/2024 5:30,17.094,0
12468,9/14/2024 5:45,17.189,0
12469,9/14/2024 6:00,17.094,0
12470,9/14/2024 6:15,16.999,0
12471,9/14/2024 6:30,16.999,6
12472,9/14/2024 6:45,17.094,19
12473,9/14/2024 7:00,17.189,39
12474,9/14/2024 7:15,17.189,50
12475,9/14/2024 7:30,17.189,69
12476,9/14/2024 7:45,16.713,66
12477,9/14/2024 8:00,15.282,93
12478,9/14/2024 8:15,15.282,152
12479,9/14/2024 8:30,16.141,176
12480,9/14/2024 8:45,15.664,192
12481,9/14/2024 9:00,15.282,208
12482,9/14/2024 9:15,15.187,200
12483,9/14/2024 9:30,14.996,320
12484,9/14/2024 9:45,15.091,352
12485,9/14/2024 10:00,15.187,448
12486,9/14/2024 10:15,15.282,448
12487,9/14/2024 10:30,15.473,672
12488,9/14/2024 10:45,15.951,704
12489,9/14/2024 11:00,16.141,864
12490,9/14/2024 11:15,16.523,1152
12491,9/14/2024 11:30,16.808,1088
12492,9/14/2024 11:45,16.903,1536
12493,9/14/2024 12:00,17.284,1152
12494,9/14/2024 12:15,17.475,1536
12495,9/14/2024 12:30,17.76,2048
12496,9/14/2024 12:45,17.665,1024
12497,9/14/2024 13:00,17.76,1408
12498,9/14/2024 13:15,17.855,1728
12499,9/14/2024 13:30,17.95,2176
12500,9/14/2024 13:45,17.95,1536
12501,9/14/2024 14:00,18.236,1536
12502,9/14/2024 14:15,18.236,2048
12503,9/14/2024 14:30,18.045,1024
12504,9/14/2024 14:45,18.045,896
12505,9/14/2024 15:00,18.045,1216
12506,9/14/2024 15:15,18.045,512
12507,9/14/2024 15:30,17.95,1152
12508,9/14/2024 15:45,17.95,864
12509,9/14/2024 16:00,17.57,416
12510,9/14/2024 16:15,17.284,672
12511,9/14/2024 16:30,17.094,304
12512,9/14/2024 16:45,17.094,352
12513,9/14/2024 17:00,17.094,208
12514,9/14/2024 17:15,16.999,144
12515,9/14/2024 17:30,16.808,108
12516,9/14/2024 17:45,16.713,76
12517,9/14/2024 18:00,16.618,46
12518,9/14/2024 18:15,16.523,32
12519,9/14/2024 18:30,16.523,19
12520,9/14/2024 18:45,16.523,5
12521,9/14/2024 19:00,16.523,0
12522,9/14/2024 19:15,16.523,0
12523,9/14/2024 19:30,16.523,0
12524,9/14/2024 19:45,16.523,0
12525,9/14/2024 20:00,16.523,0
12526,9/14/2024 20:15,16.523,0
12527,9/14/2024 20:30,16.427,0
12528,9/14/2024 20:45,16.427,0
12529,9/14/2024 21:00,16.332,0
12530,9/14/2024 21:15,16.332,0
12531,9/14/2024 21:30,16.332,0
12532,9/14/2024 21:45,16.332,0
12533,9/14/2024 22:00,16.332,0
12534,9/14/2024 22:15,16.332,0
12535,9/14/2024 22:30,16.332,0
12536,9/14/2024 22:45,16.332,0
12537,9/14/2024 23:00,16.332,0
12538,9/14/2024 23:15,16.332,0
12539,9/14/2024 23:30,16.332,0
12540,9/14/2024 23:45,16.332,0
12541,9/15/2024 0:00,16.332,0
12542,9/15/2024 0:15,16.332,0
12543,9/15/2024 0:30,16.332,0
12544,9/15/2024 0:45,16.332,0
12545,9/15/2024 1:00,16.332,0
12546,9/15/2024 1:15,16.332,0
12547,9/15/2024 1:30,16.427,0
12548,9/15/2024 1:45,16.427,0
12549,9/15/2024 2:00,16.523,0
12550,9/15/2024 2:15,16.713,0
12551,9/15/2024 2:30,16.713,0
12552,9/15/2024 2:45,16.903,0
12553,9/15/2024 3:00,17.094,0
12554,9/15/2024 3:15,17.094,0
12555,9/15/2024 3:30,17.284,0
12556,9/15/2024 3:45,17.379,0
12557,9/15/2024 4:00,17.475,0
12558,9/15/2024 4:15,17.57,0
12559,9/15/2024 4:30,17.665,0
12560,9/15/2024 4:45,17.665,0
12561,9/15/2024 5:00,17.665,0
12562,9/15/2024 5:15,17.57,0
12563,9/15/2024 5:30,17.475,0
12564,9/15/2024 5:45,17.475,0
12565,9/15/2024 6:00,17.475,0
12566,9/15/2024 6:15,17.475,0
12567,9/15/2024 6:30,17.475,6
12568,9/15/2024 6:45,17.475,20
12569,9/15/2024 7:00,17.475,36
12570,9/15/2024 7:15,17.475,60
12571,9/15/2024 7:30,17.284,84
12572,9/15/2024 7:45,17.284,88
12573,9/15/2024 8:00,17.379,136
12574,9/15/2024 8:15,17.379,176
12575,9/15/2024 8:30,17.379,184
12576,9/15/2024 8:45,17.475,192
12577,9/15/2024 9:00,17.57,272
12578,9/15/2024 9:15,17.665,304
12579,9/15/2024 9:30,17.665,288
12580,9/15/2024 9:45,17.76,320
12581,9/15/2024 10:00,17.855,416
12582,9/15/2024 10:15,17.95,480
12583,9/15/2024 10:30,18.045,512
12584,9/15/2024 10:45,18.045,576
12585,9/15/2024 11:00,18.14,704
12586,9/15/2024 11:15,18.236,864
12587,9/15/2024 11:30,18.236,800
12588,9/15/2024 11:45,18.331,768
12589,9/15/2024 12:00,18.331,960
12590,9/15/2024 12:15,18.426,1536
12591,9/15/2024 12:30,18.616,1280
12592,9/15/2024 12:45,18.711,1536
12593,9/15/2024 13:00,18.711,864
12594,9/15/2024 13:15,18.711,1216
12595,9/15/2024 13:30,18.806,1600
12596,9/15/2024 13:45,18.806,2432
12597,9/15/2024 14:00,18.901,1344
12598,9/15/2024 14:15,18.901,2048
12599,9/15/2024 14:30,18.901,1536
12600,9/15/2024 14:45,18.996,2048
12601,9/15/2024 15:00,19.092,1216
12602,9/15/2024 15:15,18.996,1152
12603,9/15/2024 15:30,18.806,704
12604,9/15/2024 15:45,18.806,512
12605,9/15/2024 16:00,18.806,800
12606,9/15/2024 16:15,18.806,672
12607,9/15/2024 16:30,18.711,512
12608,9/15/2024 16:45,18.711,512
12609,9/15/2024 17:00,18.616,336
12610,9/15/2024 17:15,18.521,200
12611,9/15/2024 17:30,18.521,208
12612,9/15/2024 17:45,18.426,184
12613,9/15/2024 18:00,18.426,85
12614,9/15/2024 18:15,18.331,48
12615,9/15/2024 18:30,18.331,25
12616,9/15/2024 18:45,18.236,7
12617,9/15/2024 19:00,18.045,0
12618,9/15/2024 19:15,17.76,0
12619,9/15/2024 19:30,17.665,0
12620,9/15/2024 19:45,17.665,0
12621,9/15/2024 20:00,17.57,0
12622,9/15/2024 20:15,17.57,0
12623,9/15/2024 20:30,17.475,0
12624,9/15/2024 20:45,17.475,0
12625,9/15/2024 21:00,17.57,0
12626,9/15/2024 21:15,17.665,0
12627,9/15/2024 21:30,17.665,0
12628,9/15/2024 21:45,17.379,0
12629,9/15/2024 22:00,16.523,0
12630,9/15/2024 22:15,16.237,0
12631,9/15/2024 22:30,16.427,0
12632,9/15/2024 22:45,16.332,0
12633,9/15/2024 23:00,16.523,0
12634,9/15/2024 23:15,16.808,0
12635,9/15/2024 23:30,16.999,0
12636,9/15/2024 23:45,17.189,0
12637,9/16/2024 0:00,17.284,0
12638,9/16/2024 0:15,17.189,0
12639,9/16/2024 0:30,17.379,0
12640,9/16/2024 0:45,17.475,0
12641,9/16/2024 1:00,17.475,0
12642,9/16/2024 1:15,17.57,0
12643,9/16/2024 1:30,17.57,0
12644,9/16/2024 1:45,17.57,0
12645,9/16/2024 2:00,17.57,0
12646,9/16/2024 2:15,17.57,0
12647,9/16/2024 2:30,17.57,0
12648,9/16/2024 2:45,17.57,0
12649,9/16/2024 3:00,17.57,0
12650,9/16/2024 3:15,17.57,0
12651,9/16/2024 3:30,17.57,0
12652,9/16/2024 3:45,17.57,0
12653,9/16/2024 4:00,17.57,0
12654,9/16/2024 4:15,17.57,0
12655,9/16/2024 4:30,17.57,0
12656,9/16/2024 4:45,17.57,0
12657,9/16/2024 5:00,17.475,0
12658,9/16/2024 5:15,17.475,0
12659,9/16/2024 5:30,17.475,0
12660,9/16/2024 5:45,17.475,0
12661,9/16/2024 6:00,17.57,0
12662,9/16/2024 6:15,17.57,0
12663,9/16/2024 6:30,17.57,7
12664,9/16/2024 6:45,17.57,28
12665,9/16/2024 7:00,17.57,44
12666,9/16/2024 7:15,17.57,68
12667,9/16/2024 7:30,17.57,92
12668,9/16/2024 7:45,17.379,128
12669,9/16/2024 8:00,17.189,168
12670,9/16/2024 8:15,17.094,192
12671,9/16/2024 8:30,17.284,224
12672,9/16/2024 8:45,17.475,216
12673,9/16/2024 9:00,17.57,272
12674,9/16/2024 9:15,17.665,320
12675,9/16/2024 9:30,17.76,320
12676,9/16/2024 9:45,17.855,400
12677,9/16/2024 10:00,17.855,464
12678,9/16/2024 10:15,17.95,464
12679,9/16/2024 10:30,17.95,464
12680,9/16/2024 10:45,17.95,384
12681,9/16/2024 11:00,18.045,576
12682,9/16/2024 11:15,18.14,960
12683,9/16/2024 11:30,18.331,960
12684,9/16/2024 11:45,18.426,960
12685,9/16/2024 12:00,18.616,1344
12686,9/16/2024 12:15,18.711,1152
12687,9/16/2024 12:30,18.806,992
12688,9/16/2024 12:45,18.806,512
12689,9/16/2024 13:00,18.996,1344
12690,9/16/2024 13:15,18.996,1152
12691,9/16/2024 13:30,19.092,1088
12692,9/16/2024 13:45,19.187,2176
12693,9/16/2024 14:00,19.187,1344
12694,9/16/2024 14:15,19.282,1216
12695,9/16/2024 14:30,19.377,2176
12696,9/16/2024 14:45,19.282,2304
12697,9/16/2024 15:00,19.187,1664
12698,9/16/2024 15:15,19.187,1152
12699,9/16/2024 15:30,19.092,1024
12700,9/16/2024 15:45,19.092,1728
12701,9/16/2024 16:00,18.996,1344
12702,9/16/2024 16:15,18.996,1088
12703,9/16/2024 16:30,18.901,576
12704,9/16/2024 16:45,18.806,576
12705,9/16/2024 17:00,18.806,512
12706,9/16/2024 17:15,18.711,304
12707,9/16/2024 17:30,18.711,224
12708,9/16/2024 17:45,18.711,144
12709,9/16/2024 18:00,18.616,105
12710,9/16/2024 18:15,18.521,65
12711,9/16/2024 18:30,18.521,25
12712,9/16/2024 18:45,18.331,7
12713,9/16/2024 19:00,18.331,0
12714,9/16/2024 19:15,18.045,0
12715,9/16/2024 19:30,17.665,0
12716,9/16/2024 19:45,17.379,0
12717,9/16/2024 20:00,17.284,0
12718,9/16/2024 20:15,17.284,0
12719,9/16/2024 20:30,17.379,0
12720,9/16/2024 20:45,17.284,0
12721,9/16/2024 21:00,17.189,0
12722,9/16/2024 21:15,17.189,0
12723,9/16/2024 21:30,16.713,0
12724,9/16/2024 21:45,15.091,0
12725,9/16/2024 22:00,14.804,0
12726,9/16/2024 22:15,14.804,0
12727,9/16/2024 22:30,14.421,0
12728,9/16/2024 22:45,14.709,0
12729,9/16/2024 23:00,15.378,0
12730,9/16/2024 23:15,15.187,0
12731,9/16/2024 23:30,15.951,0
12732,9/16/2024 23:45,16.523,0
12733,9/17/2024 0:00,16.713,0
12734,9/17/2024 0:15,16.808,0
12735,9/17/2024 0:30,16.999,0
12736,9/17/2024 0:45,17.284,0
12737,9/17/2024 1:00,17.57,0
12738,9/17/2024 1:15,17.665,0
12739,9/17/2024 1:30,17.665,0
12740,9/17/2024 1:45,17.665,0
12741,9/17/2024 2:00,17.665,0
12742,9/17/2024 2:15,17.57,0
12743,9/17/2024 2:30,17.475,0
12744,9/17/2024 2:45,17.379,0
12745,9/17/2024 3:00,17.284,0
12746,9/17/2024 3:15,17.189,0
12747,9/17/2024 3:30,17.189,0
12748,9/17/2024 3:45,17.189,0
12749,9/17/2024 4:00,17.189,0
12750,9/17/2024 4:15,17.189,0
12751,9/17/2024 4:30,17.284,0
12752,9/17/2024 4:45,17.284,0
12753,9/17/2024 5:00,17.284,0
12754,9/17/2024 5:15,17.284,0
12755,9/17/2024 5:30,17.284,0
12756,9/17/2024 5:45,17.284,0
12757,9/17/2024 6:00,17.284,0
12758,9/17/2024 6:15,17.284,0
12759,9/17/2024 6:30,17.284,14
12760,9/17/2024 6:45,17.284,40
12761,9/17/2024 7:00,17.379,56
12762,9/17/2024 7:15,17.379,83
12763,9/17/2024 7:30,17.475,103
12764,9/17/2024 7:45,17.475,136
12765,9/17/2024 8:00,17.475,144
12766,9/17/2024 8:15,17.57,176
12767,9/17/2024 8:30,17.475,216
12768,9/17/2024 8:45,17.475,224
12769,9/17/2024 9:00,17.379,304
12770,9/17/2024 9:15,17.379,304
12771,9/17/2024 9:30,17.379,288
12772,9/17/2024 9:45,17.475,368
12773,9/17/2024 10:00,17.57,480
12774,9/17/2024 10:15,17.57,432
12775,9/17/2024 10:30,17.475,416
12776,9/17/2024 10:45,16.999,480
12777,9/17/2024 11:00,16.523,480
12778,9/17/2024 11:15,16.332,704
12779,9/17/2024 11:30,16.618,864
12780,9/17/2024 11:45,16.903,768
12781,9/17/2024 12:00,16.713,768
12782,9/17/2024 12:15,16.999,800
12783,9/17/2024 12:30,17.475,1536
12784,9/17/2024 12:45,17.665,1344
12785,9/17/2024 13:00,17.76,1472
12786,9/17/2024 13:15,17.855,1920
12787,9/17/2024 13:30,17.855,1088
12788,9/17/2024 13:45,17.665,480
12789,9/17/2024 14:00,17.665,480
12790,9/17/2024 14:15,17.95,896
12791,9/17/2024 14:30,18.14,864
12792,9/17/2024 14:45,18.045,896
12793,9/17/2024 15:00,17.95,608
12794,9/17/2024 15:15,17.95,608
12795,9/17/2024 15:30,17.95,672
12796,9/17/2024 15:45,17.95,608
12797,9/17/2024 16:00,17.95,432
12798,9/17/2024 16:15,17.95,576
12799,9/17/2024 16:30,18.045,480
12800,9/17/2024 16:45,18.045,416
12801,9/17/2024 17:00,18.045,384
12802,9/17/2024 17:15,18.045,272
12803,9/17/2024 17:30,17.95,272
12804,9/17/2024 17:45,17.95,144
12805,9/17/2024 18:00,17.95,118
12806,9/17/2024 18:15,17.855,85
12807,9/17/2024 18:30,17.855,29
12808,9/17/2024 18:45,17.76,4
12809,9/17/2024 19:00,17.76,0
12810,9/17/2024 19:15,17.665,0
12811,9/17/2024 19:30,17.665,0
12812,9/17/2024 19:45,17.665,0
12813,9/17/2024 20:00,17.665,0
12814,9/17/2024 20:15,17.189,0
12815,9/17/2024 20:30,16.523,0
12816,9/17/2024 20:45,16.141,0
12817,9/17/2024 21:00,15.951,0
12818,9/17/2024 21:15,15.855,0
12819,9/17/2024 21:30,15.855,0
12820,9/17/2024 21:45,16.141,0
12821,9/17/2024 22:00,16.237,0
12822,9/17/2024 22:15,16.046,0
12823,9/17/2024 22:30,16.046,0
12824,9/17/2024 22:45,15.76,0
12825,9/17/2024 23:00,15.664,0
12826,9/17/2024 23:15,15.569,0
12827,9/17/2024 23:30,15.569,0
12828,9/17/2024 23:45,15.282,0
12829,9/18/2024 0:00,14.709,0
12830,9/18/2024 0:15,14.709,0
12831,9/18/2024 0:30,14.9,0
12832,9/18/2024 0:45,15.569,0
12833,9/18/2024 1:00,15.76,0
12834,9/18/2024 1:15,16.046,0
12835,9/18/2024 1:30,16.141,0
12836,9/18/2024 1:45,16.141,0
12837,9/18/2024 2:00,16.141,0
12838,9/18/2024 2:15,16.237,0
12839,9/18/2024 2:30,16.427,0
12840,9/18/2024 2:45,16.618,0
12841,9/18/2024 3:00,16.523,0
12842,9/18/2024 3:15,16.523,0
12843,9/18/2024 3:30,16.523,0
12844,9/18/2024 3:45,16.523,0
12845,9/18/2024 4:00,16.523,0
12846,9/18/2024 4:15,16.618,0
12847,9/18/2024 4:30,16.618,0
12848,9/18/2024 4:45,16.713,0
12849,9/18/2024 5:00,16.713,0
12850,9/18/2024 5:15,16.713,0
12851,9/18/2024 5:30,16.713,0
12852,9/18/2024 5:45,16.808,0
12853,9/18/2024 6:00,16.808,0
12854,9/18/2024 6:15,16.808,0
12855,9/18/2024 6:30,16.808,8
12856,9/18/2024 6:45,16.808,30
12857,9/18/2024 7:00,16.903,52
12858,9/18/2024 7:15,16.903,84
12859,9/18/2024 7:30,16.903,120
12860,9/18/2024 7:45,16.999,168
12861,9/18/2024 8:00,16.999,136
12862,9/18/2024 8:15,17.094,168
12863,9/18/2024 8:30,17.094,224
12864,9/18/2024 8:45,17.094,118
12865,9/18/2024 9:00,16.427,240
12866,9/18/2024 9:15,16.046,288
12867,9/18/2024 9:30,16.141,208
12868,9/18/2024 9:45,15.951,416
12869,9/18/2024 10:00,15.569,304
12870,9/18/2024 10:15,15.569,336
12871,9/18/2024 10:30,15.569,416
12872,9/18/2024 10:45,15.473,384
12873,9/18/2024 11:00,15.76,512
12874,9/18/2024 11:15,16.046,368
12875,9/18/2024 11:30,15.855,464
12876,9/18/2024 11:45,15.76,432
12877,9/18/2024 12:00,15.664,400
12878,9/18/2024 12:15,15.664,272
12879,9/18/2024 12:30,15.378,256
12880,9/18/2024 12:45,15.378,608
12881,9/18/2024 13:00,15.378,480
12882,9/18/2024 13:15,15.473,384
12883,9/18/2024 13:30,15.569,320
12884,9/18/2024 13:45,15.664,464
12885,9/18/2024 14:00,15.76,480
12886,9/18/2024 14:15,15.951,768
12887,9/18/2024 14:30,15.951,480
12888,9/18/2024 14:45,16.046,672
12889,9/18/2024 15:00,16.237,576
12890,9/18/2024 15:15,16.332,480
12891,9/18/2024 15:30,16.332,416
12892,9/18/2024 15:45,16.332,432
12893,9/18/2024 16:00,16.332,384
12894,9/18/2024 16:15,16.427,464
12895,9/18/2024 16:30,16.427,496
12896,9/18/2024 16:45,16.523,432
12897,9/18/2024 17:00,16.618,304
12898,9/18/2024 17:15,16.618,368
12899,9/18/2024 17:30,16.618,168
12900,9/18/2024 17:45,16.618,176
12901,9/18/2024 18:00,16.618,115
12902,9/18/2024 18:15,16.618,64
12903,9/18/2024 18:30,16.618,28
12904,9/18/2024 18:45,16.618,6
12905,9/18/2024 19:00,16.618,0
12906,9/18/2024 19:15,16.713,0
12907,9/18/2024 19:30,16.713,0
12908,9/18/2024 19:45,16.713,0
12909,9/18/2024 20:00,16.713,0
12910,9/18/2024 20:15,16.618,0
12911,9/18/2024 20:30,16.523,0
12912,9/18/2024 20:45,16.523,0
12913,9/18/2024 21:00,16.332,0
12914,9/18/2024 21:15,15.282,0
12915,9/18/2024 21:30,14.996,0
12916,9/18/2024 21:45,14.9,0
12917,9/18/2024 22:00,14.9,0
12918,9/18/2024 22:15,14.996,0
12919,9/18/2024 22:30,14.9,0
12920,9/18/2024 22:45,14.9,0
12921,9/18/2024 23:00,14.9,0
12922,9/18/2024 23:15,14.996,0
12923,9/18/2024 23:30,14.996,0
12924,9/18/2024 23:45,14.9,0
12925,9/19/2024 0:00,14.709,0
12926,9/19/2024 0:15,14.613,0
12927,9/19/2024 0:30,14.613,0
12928,9/19/2024 0:45,14.613,0
12929,9/19/2024 1:00,14.804,0
12930,9/19/2024 1:15,14.9,0
12931,9/19/2024 1:30,14.996,0
12932,9/19/2024 1:45,15.187,0
12933,9/19/2024 2:00,15.378,0
12934,9/19/2024 2:15,15.473,0
12935,9/19/2024 2:30,15.378,0
12936,9/19/2024 2:45,15.473,0
12937,9/19/2024 3:00,15.664,0
12938,9/19/2024 3:15,15.855,0
12939,9/19/2024 3:30,15.855,0
12940,9/19/2024 3:45,15.855,0
12941,9/19/2024 4:00,16.046,0
12942,9/19/2024 4:15,16.141,0
12943,9/19/2024 4:30,16.141,0
12944,9/19/2024 4:45,16.237,0
12945,9/19/2024 5:00,16.237,0
12946,9/19/2024 5:15,16.237,0
12947,9/19/2024 5:30,16.141,0
12948,9/19/2024 5:45,16.141,0
12949,9/19/2024 6:00,16.141,0
12950,9/19/2024 6:15,16.237,0
12951,9/19/2024 6:30,16.332,1
12952,9/19/2024 6:45,16.332,12
12953,9/19/2024 7:00,16.332,44
12954,9/19/2024 7:15,16.332,52
12955,9/19/2024 7:30,16.332,80
12956,9/19/2024 7:45,16.332,68
12957,9/19/2024 8:00,16.332,176
12958,9/19/2024 8:15,16.332,86
12959,9/19/2024 8:30,16.332,176
12960,9/19/2024 8:45,16.332,128
12961,9/19/2024 9:00,16.332,240
12962,9/19/2024 9:15,16.332,144
12963,9/19/2024 9:30,16.237,272
12964,9/19/2024 9:45,15.951,136
12965,9/19/2024 10:00,15.664,55
12966,9/19/2024 10:15,15.473,70
12967,9/19/2024 10:30,15.473,37
12968,9/19/2024 10:45,15.473,192
12969,9/19/2024 11:00,15.378,192
12970,9/19/2024 11:15,15.091,128
12971,9/19/2024 11:30,15.091,192
12972,9/19/2024 11:45,14.996,144
12973,9/19/2024 12:00,14.996,192
12974,9/19/2024 12:15,14.996,240
12975,9/19/2024 12:30,14.996,336
12976,9/19/2024 12:45,14.996,103
12977,9/19/2024 13:00,14.996,128
12978,9/19/2024 13:15,15.091,320
12979,9/19/2024 13:30,15.091,152
12980,9/19/2024 13:45,15.091,200
12981,9/19/2024 14:00,15.187,240
12982,9/19/2024 14:15,15.187,304
12983,9/19/2024 14:30,15.378,608
12984,9/19/2024 14:45,15.473,576
12985,9/19/2024 15:00,15.473,400
12986,9/19/2024 15:15,15.569,496
12987,9/19/2024 15:30,15.569,480
12988,9/19/2024 15:45,15.664,416
12989,9/19/2024 16:00,15.76,416
12990,9/19/2024 16:15,15.855,352
12991,9/19/2024 16:30,15.951,416
12992,9/19/2024 16:45,16.046,304
12993,9/19/2024 17:00,16.046,384
12994,9/19/2024 17:15,16.046,272
12995,9/19/2024 17:30,16.141,152
12996,9/19/2024 17:45,16.141,224
12997,9/19/2024 18:00,16.141,75
12998,9/19/2024 18:15,16.237,101
12999,9/19/2024 18:30,16.237,30
13000,9/19/2024 18:45,16.237,3
13001,9/19/2024 19:00,16.237,0
13002,9/19/2024 19:15,16.237,0
13003,9/19/2024 19:30,16.332,0
13004,9/19/2024 19:45,16.332,0
13005,9/19/2024 20:00,16.332,0
13006,9/19/2024 20:15,16.332,0
13007,9/19/2024 20:30,16.332,0
13008,9/19/2024 20:45,16.332,0
13009,9/19/2024 21:00,16.332,0
13010,9/19/2024 21:15,16.332,0
13011,9/19/2024 21:30,16.332,0
13012,9/19/2024 21:45,16.427,0
13013,9/19/2024 22:00,16.427,0
13014,9/19/2024 22:15,16.332,0
13015,9/19/2024 22:30,16.427,0
13016,9/19/2024 22:45,16.427,0
13017,9/19/2024 23:00,16.427,0
13018,9/19/2024 23:15,16.523,0
13019,9/19/2024 23:30,16.523,0
13020,9/19/2024 23:45,16.523,0
13021,9/20/2024 0:00,16.523,0
13022,9/20/2024 0:15,16.523,0
13023,9/20/2024 0:30,16.523,0
13024,9/20/2024 0:45,16.618,0
13025,9/20/2024 1:00,16.523,0
13026,9/20/2024 1:15,16.523,0
13027,9/20/2024 1:30,16.523,0
13028,9/20/2024 1:45,16.427,0
13029,9/20/2024 2:00,16.427,0
13030,9/20/2024 2:15,16.427,0
13031,9/20/2024 2:30,16.427,0
13032,9/20/2024 2:45,16.427,0
13033,9/20/2024 3:00,16.523,0
13034,9/20/2024 3:15,16.523,0
13035,9/20/2024 3:30,16.523,0
13036,9/20/2024 3:45,16.523,0
13037,9/20/2024 4:00,16.523,0
13038,9/20/2024 4:15,16.523,0
13039,9/20/2024 4:30,16.618,0
13040,9/20/2024 4:45,16.523,0
13041,9/20/2024 5:00,16.618,0
13042,9/20/2024 5:15,16.618,0
13043,9/20/2024 5:30,16.618,0
13044,9/20/2024 5:45,16.618,0
13045,9/20/2024 6:00,16.618,0
13046,9/20/2024 6:15,16.618,0
13047,9/20/2024 6:30,16.618,0
13048,9/20/2024 6:45,16.618,0
13049,9/20/2024 7:00,16.618,0
13050,9/20/2024 7:15,16.618,3
13051,9/20/2024 7:30,16.618,17
13052,9/20/2024 7:45,16.618,13
13053,9/20/2024 8:00,16.618,7
13054,9/20/2024 8:15,16.618,3
13055,9/20/2024 8:30,16.618,14
13056,9/20/2024 8:45,16.523,11
13057,9/20/2024 9:00,16.523,5
13058,9/20/2024 9:15,16.523,6
13059,9/20/2024 9:30,16.523,30
13060,9/20/2024 9:45,16.523,0
13061,9/20/2024 10:00,16.427,2
13062,9/20/2024 10:15,16.427,5
13063,9/20/2024 10:30,16.427,0
13064,9/20/2024 10:45,16.427,1
13065,9/20/2024 11:00,16.427,1
13066,9/20/2024 11:15,16.427,0
13067,9/20/2024 11:30,16.427,2
13068,9/20/2024 11:45,16.427,4
13069,9/20/2024 12:00,16.523,0
13070,9/20/2024 12:15,16.523,0
13071,9/20/2024 12:30,16.523,0
13072,9/20/2024 12:45,16.523,0
13073,9/20/2024 13:00,16.523,0
13074,9/20/2024 13:15,16.523,0
13075,9/20/2024 13:30,16.523,0
13076,9/20/2024 13:45,16.523,0
13077,9/20/2024 14:00,16.523,0
13078,9/20/2024 14:15,16.523,0
13079,9/20/2024 14:30,16.523,0
13080,9/20/2024 14:45,16.523,0
13081,9/20/2024 15:00,16.523,0
13082,9/20/2024 15:15,16.523,0
13083,9/20/2024 15:30,16.523,3
13084,9/20/2024 15:45,16.523,1
13085,9/20/2024 16:00,16.523,4
13086,9/20/2024 16:15,16.523,3
13087,9/20/2024 16:30,16.523,6
13088,9/20/2024 16:45,16.523,3
13089,9/20/2024 17:00,16.523,21
13090,9/20/2024 17:15,16.523,0
13091,9/20/2024 17:30,16.618,0
13092,9/20/2024 17:45,16.618,2
13093,9/20/2024 18:00,16.523,13
13094,9/20/2024 18:15,16.523,4
13095,9/20/2024 18:30,16.523,0
13096,9/20/2024 18:45,16.618,0
13097,9/20/2024 19:00,16.618,0
13098,9/20/2024 19:15,16.523,0
13099,9/20/2024 19:30,16.523,0
13100,9/20/2024 19:45,16.523,0
13101,9/20/2024 20:00,16.523,0
13102,9/20/2024 20:15,16.523,0
13103,9/20/2024 20:30,16.523,0
13104,9/20/2024 20:45,16.523,0
13105,9/20/2024 21:00,16.618,0
13106,9/20/2024 21:15,16.618,0
13107,9/20/2024 21:30,16.618,0
13108,9/20/2024 21:45,16.618,0
13109,9/20/2024 22:00,16.713,0
13110,9/20/2024 22:15,16.713,0
13111,9/20/2024 22:30,16.713,0
13112,9/20/2024 22:45,16.713,0
13113,9/20/2024 23:00,16.713,0
13114,9/20/2024 23:15,16.713,0
13115,9/20/2024 23:30,16.713,0
13116,9/20/2024 23:45,16.713,0
13117,9/21/2024 0:00,16.713,0
13118,9/21/2024 0:15,16.713,0
13119,9/21/2024 0:30,16.713,0
13120,9/21/2024 0:45,16.713,0
13121,9/21/2024 1:00,16.713,0
13122,9/21/2024 1:15,16.713,0
13123,9/21/2024 1:30,16.713,0
13124,9/21/2024 1:45,16.713,0
13125,9/21/2024 2:00,16.618,0
13126,9/21/2024 2:15,16.618,0
13127,9/21/2024 2:30,16.618,0
13128,9/21/2024 2:45,16.713,0
13129,9/21/2024 3:00,16.713,0
13130,9/21/2024 3:15,16.713,0
13131,9/21/2024 3:30,16.713,0
13132,9/21/2024 3:45,16.808,0
13133,9/21/2024 4:00,16.808,0
13134,9/21/2024 4:15,16.713,0
13135,9/21/2024 4:30,16.713,0
13136,9/21/2024 4:45,16.618,0
13137,9/21/2024 5:00,16.713,0
13138,9/21/2024 5:15,16.713,0
13139,9/21/2024 5:30,16.808,0
13140,9/21/2024 5:45,16.903,0
13141,9/21/2024 6:00,16.903,0
13142,9/21/2024 6:15,16.903,0
13143,9/21/2024 6:30,16.903,0
13144,9/21/2024 6:45,16.999,0
13145,9/21/2024 7:00,17.094,0
13146,9/21/2024 7:15,17.094,5
13147,9/21/2024 7:30,17.094,5
13148,9/21/2024 7:45,17.094,0
13149,9/21/2024 8:00,16.999,4
13150,9/21/2024 8:15,17.094,27
13151,9/21/2024 8:30,17.094,14
13152,9/21/2024 8:45,17.094,38
13153,9/21/2024 9:00,17.094,64
13154,9/21/2024 9:15,17.094,25
13155,9/21/2024 9:30,17.094,2
13156,9/21/2024 9:45,17.094,1
13157,9/21/2024 10:00,17.094,12
13158,9/21/2024 10:15,17.094,1
13159,9/21/2024 10:30,17.094,2
13160,9/21/2024 10:45,17.094,18
13161,9/21/2024 11:00,17.094,18
13162,9/21/2024 11:15,17.094,26
13163,9/21/2024 11:30,17.094,0
13164,9/21/2024 11:45,17.094,14
13165,9/21/2024 12:00,17.094,11
13166,9/21/2024 12:15,17.094,20
13167,9/21/2024 12:30,17.094,0
13168,9/21/2024 12:45,17.189,0
13169,9/21/2024 13:00,17.189,5
13170,9/21/2024 13:15,17.189,6
13171,9/21/2024 13:30,17.189,3
13172,9/21/2024 13:45,17.189,0
13173,9/21/2024 14:00,17.189,6
13174,9/21/2024 14:15,17.094,3
13175,9/21/2024 14:30,17.094,0
13176,9/21/2024 14:45,17.094,2
13177,9/21/2024 15:00,17.094,1
13178,9/21/2024 15:15,17.094,3
13179,9/21/2024 15:30,17.094,2
13180,9/21/2024 15:45,17.094,0
13181,9/21/2024 16:00,17.094,1
13182,9/21/2024 16:15,17.094,0
13183,9/21/2024 16:30,16.999,1
13184,9/21/2024 16:45,16.999,8
13185,9/21/2024 17:00,17.094,1
13186,9/21/2024 17:15,16.999,4
13187,9/21/2024 17:30,17.094,1
13188,9/21/2024 17:45,17.094,1
13189,9/21/2024 18:00,16.999,5
13190,9/21/2024 18:15,16.999,2
13191,9/21/2024 18:30,16.903,0
13192,9/21/2024 18:45,16.903,0
13193,9/21/2024 19:00,16.903,0
13194,9/21/2024 19:15,16.903,0
13195,9/21/2024 19:30,16.903,0
13196,9/21/2024 19:45,16.903,0
13197,9/21/2024 20:00,16.903,0
13198,9/21/2024 20:15,16.903,0
13199,9/21/2024 20:30,16.903,0
13200,9/21/2024 20:45,16.999,0
13201,9/21/2024 21:00,16.999,0
13202,9/21/2024 21:15,16.999,0
13203,9/21/2024 21:30,16.999,0
13204,9/21/2024 21:45,16.999,0
13205,9/21/2024 22:00,16.999,0
13206,9/21/2024 22:15,16.999,0
13207,9/21/2024 22:30,16.999,0
13208,9/21/2024 22:45,16.999,0
13209,9/21/2024 23:00,16.999,0
13210,9/21/2024 23:15,16.999,0
13211,9/21/2024 23:30,16.999,0
13212,9/21/2024 23:45,16.999,0
13213,9/22/2024 0:00,16.999,0
13214,9/22/2024 0:15,16.999,0
13215,9/22/2024 0:30,16.999,0
13216,9/22/2024 0:45,16.999,0
13217,9/22/2024 1:00,16.999,0
13218,9/22/2024 1:15,16.999,0
13219,9/22/2024 1:30,16.903,0
13220,9/22/2024 1:45,16.903,0
13221,9/22/2024 2:00,16.903,0
13222,9/22/2024 2:15,16.903,0
13223,9/22/2024 2:30,16.903,0
13224,9/22/2024 2:45,16.903,0
13225,9/22/2024 3:00,16.903,0
13226,9/22/2024 3:15,16.903,0
13227,9/22/2024 3:30,16.903,0
13228,9/22/2024 3:45,16.903,0
13229,9/22/2024 4:00,16.903,0
13230,9/22/2024 4:15,16.903,0
13231,9/22/2024 4:30,16.903,0
13232,9/22/2024 4:45,16.903,0
13233,9/22/2024 5:00,16.903,0
13234,9/22/2024 5:15,16.903,0
13235,9/22/2024 5:30,16.903,0
13236,9/22/2024 5:45,16.903,0
13237,9/22/2024 6:00,16.903,0
13238,9/22/2024 6:15,16.808,0
13239,9/22/2024 6:30,16.808,0
13240,9/22/2024 6:45,16.713,0
13241,9/22/2024 7:00,16.618,6
13242,9/22/2024 7:15,16.618,26
13243,9/22/2024 7:30,16.713,49
13244,9/22/2024 7:45,16.713,26
13245,9/22/2024 8:00,16.808,5
13246,9/22/2024 8:15,16.808,46
13247,9/22/2024 8:30,16.808,10
13248,9/22/2024 8:45,16.808,20
13249,9/22/2024 9:00,16.808,111
13250,9/22/2024 9:15,16.903,200
13251,9/22/2024 9:30,16.903,200
13252,9/22/2024 9:45,16.903,168
13253,9/22/2024 10:00,16.903,248
13254,9/22/2024 10:15,16.903,304
13255,9/22/2024 10:30,16.903,112
13256,9/22/2024 10:45,16.999,192
13257,9/22/2024 11:00,16.999,304
13258,9/22/2024 11:15,16.999,512
13259,9/22/2024 11:30,16.999,13
13260,9/22/2024 11:45,17.094,320
13261,9/22/2024 12:00,17.094,48
13262,9/22/2024 12:15,17.094,576
13263,9/22/2024 12:30,17.094,256
13264,9/22/2024 12:45,17.094,84
13265,9/22/2024 13:00,17.094,208
13266,9/22/2024 13:15,17.094,304
13267,9/22/2024 13:30,17.094,52
13268,9/22/2024 13:45,17.094,65
13269,9/22/2024 14:00,17.094,60
13270,9/22/2024 14:15,17.189,54
13271,9/22/2024 14:30,17.189,42
13272,9/22/2024 14:45,17.189,94
13273,9/22/2024 15:00,17.189,48
13274,9/22/2024 15:15,17.189,8
13275,9/22/2024 15:30,17.189,118
13276,9/22/2024 15:45,17.284,18
13277,9/22/2024 16:00,17.284,27
13278,9/22/2024 16:15,17.284,14
13279,9/22/2024 16:30,17.284,28
13280,9/22/2024 16:45,17.284,21
13281,9/22/2024 17:00,17.189,29
13282,9/22/2024 17:15,17.189,16
13283,9/22/2024 17:30,17.189,9
13284,9/22/2024 17:45,17.189,0
13285,9/22/2024 18:00,17.189,4
13286,9/22/2024 18:15,17.189,0
13287,9/22/2024 18:30,17.189,0
13288,9/22/2024 18:45,17.189,0
13289,9/22/2024 19:00,17.189,0
13290,9/22/2024 19:15,17.284,0
13291,9/22/2024 19:30,17.284,0
13292,9/22/2024 19:45,17.189,0
13293,9/22/2024 20:00,17.189,0
13294,9/22/2024 20:15,17.189,0
13295,9/22/2024 20:30,17.189,0
13296,9/22/2024 20:45,17.189,0
13297,9/22/2024 21:00,17.189,0
13298,9/22/2024 21:15,17.189,0
13299,9/22/2024 21:30,17.189,0
13300,9/22/2024 21:45,17.094,0
13301,9/22/2024 22:00,17.094,0
13302,9/22/2024 22:15,17.094,0
13303,9/22/2024 22:30,17.094,0
13304,9/22/2024 22:45,17.094,0
13305,9/22/2024 23:00,17.094,0
13306,9/22/2024 23:15,17.094,0
13307,9/22/2024 23:30,17.094,0
13308,9/22/2024 23:45,17.094,0
13309,9/23/2024 0:00,17.094,0
13310,9/23/2024 0:15,17.094,0
13311,9/23/2024 0:30,17.094,0
13312,9/23/2024 0:45,17.094,0
13313,9/23/2024 1:00,17.094,0
13314,9/23/2024 1:15,17.094,0
13315,9/23/2024 1:30,17.094,0
13316,9/23/2024 1:45,17.094,0
13317,9/23/2024 2:00,17.094,0
13318,9/23/2024 2:15,17.094,0
13319,9/23/2024 2:30,17.094,0
13320,9/23/2024 2:45,17.094,0
13321,9/23/2024 3:00,16.903,0
13322,9/23/2024 3:15,16.903,0
13323,9/23/2024 3:30,16.808,0
13324,9/23/2024 3:45,16.808,0
13325,9/23/2024 4:00,16.808,0
13326,9/23/2024 4:15,16.903,0
13327,9/23/2024 4:30,16.999,0
13328,9/23/2024 4:45,16.999,0
13329,9/23/2024 5:00,16.999,0
13330,9/23/2024 5:15,16.999,0
13331,9/23/2024 5:30,16.999,0
13332,9/23/2024 5:45,16.999,0
13333,9/23/2024 6:00,16.999,0
13334,9/23/2024 6:15,16.999,0
13335,9/23/2024 6:30,16.999,0
13336,9/23/2024 6:45,16.999,9
13337,9/23/2024 7:00,16.903,18
13338,9/23/2024 7:15,16.903,12
13339,9/23/2024 7:30,16.903,7
13340,9/23/2024 7:45,16.903,62
13341,9/23/2024 8:00,16.903,48
13342,9/23/2024 8:15,16.903,39
13343,9/23/2024 8:30,16.903,224
13344,9/23/2024 8:45,16.903,184
13345,9/23/2024 9:00,16.903,288
13346,9/23/2024 9:15,16.903,91
13347,9/23/2024 9:30,16.903,416
13348,9/23/2024 9:45,16.903,136
13349,9/23/2024 10:00,17.094,672
13350,9/23/2024 10:15,16.999,184
13351,9/23/2024 10:30,17.094,98
13352,9/23/2024 10:45,16.999,41
13353,9/23/2024 11:00,17.094,272
13354,9/23/2024 11:15,16.999,160
13355,9/23/2024 11:30,17.094,288
13356,9/23/2024 11:45,17.094,144
13357,9/23/2024 12:00,17.094,52
13358,9/23/2024 12:15,17.094,50
13359,9/23/2024 12:30,17.094,43
13360,9/23/2024 12:45,17.094,368
13361,9/23/2024 13:00,17.094,272
13362,9/23/2024 13:15,17.189,70
13363,9/23/2024 13:30,17.189,72
13364,9/23/2024 13:45,17.189,168
13365,9/23/2024 14:00,17.189,144
13366,9/23/2024 14:15,17.189,272
13367,9/23/2024 14:30,17.189,192
13368,9/23/2024 14:45,17.189,78
13369,9/23/2024 15:00,17.189,29
13370,9/23/2024 15:15,17.189,96
13371,9/23/2024 15:30,17.189,7
13372,9/23/2024 15:45,17.189,24
13373,9/23/2024 16:00,17.189,18
13374,9/23/2024 16:15,17.189,1
13375,9/23/2024 16:30,17.189,21
13376,9/23/2024 16:45,17.189,21
13377,9/23/2024 17:00,17.189,90
13378,9/23/2024 17:15,17.189,31
13379,9/23/2024 17:30,17.189,5
13380,9/23/2024 17:45,17.189,7
13381,9/23/2024 18:00,17.189,5
13382,9/23/2024 18:15,17.189,4
13383,9/23/2024 18:30,17.189,0
13384,9/23/2024 18:45,17.189,0
13385,9/23/2024 19:00,17.189,0
13386,9/23/2024 19:15,17.189,0
13387,9/23/2024 19:30,17.189,0
13388,9/23/2024 19:45,17.189,0
13389,9/23/2024 20:00,17.189,0
13390,9/23/2024 20:15,17.189,0
13391,9/23/2024 20:30,17.189,0
13392,9/23/2024 20:45,17.189,0
13393,9/23/2024 21:00,17.189,0
13394,9/23/2024 21:15,17.094,0
13395,9/23/2024 21:30,17.094,0
13396,9/23/2024 21:45,17.094,0
13397,9/23/2024 22:00,17.094,0
13398,9/23/2024 22:15,17.094,0
13399,9/23/2024 22:30,17.094,0
13400,9/23/2024 22:45,17.094,0
13401,9/23/2024 23:00,17.094,0
13402,9/23/2024 23:15,17.094,0
13403,9/23/2024 23:30,16.999,0
13404,9/23/2024 23:45,16.999,0
13405,9/24/2024 0:00,17.094,0
13406,9/24/2024 0:15,17.094,0
13407,9/24/2024 0:30,17.094,0
13408,9/24/2024 0:45,16.999,0
13409,9/24/2024 1:00,16.999,0
13410,9/24/2024 1:15,16.999,0
13411,9/24/2024 1:30,16.999,0
13412,9/24/2024 1:45,16.999,0
13413,9/24/2024 2:00,16.999,0
13414,9/24/2024 2:15,16.999,0
13415,9/24/2024 2:30,16.999,0
13416,9/24/2024 2:45,16.999,0
13417,9/24/2024 3:00,16.999,0
13418,9/24/2024 3:15,16.999,0
13419,9/24/2024 3:30,16.999,0
13420,9/24/2024 3:45,16.999,0
13421,9/24/2024 4:00,16.808,0
13422,9/24/2024 4:15,16.618,0
13423,9/24/2024 4:30,16.618,0
13424,9/24/2024 4:45,16.618,0
13425,9/24/2024 5:00,16.618,0
13426,9/24/2024 5:15,16.713,0
13427,9/24/2024 5:30,16.713,0
13428,9/24/2024 5:45,16.618,0
13429,9/24/2024 6:00,16.713,0
13430,9/24/2024 6:15,16.713,0
13431,9/24/2024 6:30,16.713,0
13432,9/24/2024 6:45,16.713,2
13433,9/24/2024 7:00,16.808,8
13434,9/24/2024 7:15,16.903,7
13435,9/24/2024 7:30,16.903,50
13436,9/24/2024 7:45,16.903,74
13437,9/24/2024 8:00,16.903,51
13438,9/24/2024 8:15,16.903,168
13439,9/24/2024 8:30,16.903,69
13440,9/24/2024 8:45,16.903,192
13441,9/24/2024 9:00,16.903,168
13442,9/24/2024 9:15,16.903,288
13443,9/24/2024 9:30,16.999,320
13444,9/24/2024 9:45,16.999,272
13445,9/24/2024 10:00,17.094,768
13446,9/24/2024 10:15,17.189,128
13447,9/24/2024 10:30,17.189,288
13448,9/24/2024 10:45,17.189,496
13449,9/24/2024 11:00,17.189,272
13450,9/24/2024 11:15,17.284,1280
13451,9/24/2024 11:30,17.189,800
13452,9/24/2024 11:45,17.189,288
13453,9/24/2024 12:00,17.284,608
13454,9/24/2024 12:15,17.284,896
13455,9/24/2024 12:30,17.284,160
13456,9/24/2024 12:45,17.284,176
13457,9/24/2024 13:00,17.189,184
13458,9/24/2024 13:15,17.284,152
13459,9/24/2024 13:30,17.284,288
13460,9/24/2024 13:45,17.379,1024
13461,9/24/2024 14:00,17.284,480
13462,9/24/2024 14:15,17.379,608
13463,9/24/2024 14:30,17.284,48
13464,9/24/2024 14:45,17.284,192
13465,9/24/2024 15:00,17.284,432
13466,9/24/2024 15:15,17.284,72
13467,9/24/2024 15:30,17.284,240
13468,9/24/2024 15:45,17.284,248
13469,9/24/2024 16:00,17.284,68
13470,9/24/2024 16:15,17.284,52
13471,9/24/2024 16:30,17.284,96
13472,9/24/2024 16:45,17.284,96
13473,9/24/2024 17:00,17.284,59
13474,9/24/2024 17:15,17.284,21
13475,9/24/2024 17:30,17.284,45
13476,9/24/2024 17:45,17.284,5
13477,9/24/2024 18:00,17.284,5
13478,9/24/2024 18:15,17.284,1
13479,9/24/2024 18:30,17.189,0
13480,9/24/2024 18:45,17.189,0
13481,9/24/2024 19:00,17.189,0
13482,9/24/2024 19:15,17.189,0
13483,9/24/2024 19:30,17.189,0
13484,9/24/2024 19:45,17.189,0
13485,9/24/2024 20:00,17.189,0
13486,9/24/2024 20:15,17.189,0
13487,9/24/2024 20:30,17.189,0
13488,9/24/2024 20:45,17.189,0
13489,9/24/2024 21:00,17.189,0
13490,9/24/2024 21:15,17.189,0
13491,9/24/2024 21:30,17.189,0
13492,9/24/2024 21:45,17.189,0
13493,9/24/2024 22:00,17.189,0
13494,9/24/2024 22:15,17.189,0
13495,9/24/2024 22:30,17.189,0
13496,9/24/2024 22:45,17.189,0
13497,9/24/2024 23:00,17.189,0
13498,9/24/2024 23:15,17.094,0
13499,9/24/2024 23:30,17.189,0
13500,9/24/2024 23:45,17.189,0
13501,9/25/2024 0:00,17.094,0
13502,9/25/2024 0:15,17.094,0
13503,9/25/2024 0:30,17.189,0
13504,9/25/2024 0:45,17.094,0
13505,9/25/2024 1:00,17.094,0
13506,9/25/2024 1:15,17.094,0
13507,9/25/2024 1:30,17.094,0
13508,9/25/2024 1:45,17.094,0
13509,9/25/2024 2:00,17.094,0
13510,9/25/2024 2:15,17.094,0
13511,9/25/2024 2:30,17.094,0
13512,9/25/2024 2:45,17.094,0
13513,9/25/2024 3:00,17.094,0
13514,9/25/2024 3:15,17.094,0
13515,9/25/2024 3:30,17.094,0
13516,9/25/2024 3:45,17.094,0
13517,9/25/2024 4:00,16.999,0
13518,9/25/2024 4:15,16.999,0
13519,9/25/2024 4:30,16.999,0
13520,9/25/2024 4:45,16.999,0
13521,9/25/2024 5:00,16.999,0
13522,9/25/2024 5:15,16.808,0
13523,9/25/2024 5:30,16.713,0
13524,9/25/2024 5:45,16.808,0
13525,9/25/2024 6:00,16.808,0
13526,9/25/2024 6:15,16.903,0
13527,9/25/2024 6:30,16.903,0
13528,9/25/2024 6:45,16.903,1
13529,9/25/2024 7:00,16.903,5
13530,9/25/2024 7:15,16.999,13
13531,9/25/2024 7:30,16.999,14
13532,9/25/2024 7:45,16.999,70
13533,9/25/2024 8:00,16.999,69
13534,9/25/2024 8:15,16.999,53
13535,9/25/2024 8:30,16.999,61
13536,9/25/2024 8:45,16.999,64
13537,9/25/2024 9:00,16.903,89
13538,9/25/2024 9:15,16.903,93
13539,9/25/2024 9:30,16.903,144
13540,9/25/2024 9:45,16.999,232
13541,9/25/2024 10:00,16.999,400
13542,9/25/2024 10:15,16.999,320
13543,9/25/2024 10:30,17.094,126
13544,9/25/2024 10:45,17.094,368
13545,9/25/2024 11:00,17.094,400
13546,9/25/2024 11:15,17.094,136
13547,9/25/2024 11:30,17.094,120
13548,9/25/2024 11:45,17.094,368
13549,9/25/2024 12:00,17.189,704
13550,9/25/2024 12:15,17.189,512
13551,9/25/2024 12:30,17.094,272
13552,9/25/2024 12:45,17.189,672
13553,9/25/2024 13:00,17.094,240
13554,9/25/2024 13:15,17.189,320
13555,9/25/2024 13:30,17.094,117
13556,9/25/2024 13:45,17.094,128
13557,9/25/2024 14:00,17.189,480
13558,9/25/2024 14:15,17.094,124
13559,9/25/2024 14:30,17.094,288
13560,9/25/2024 14:45,17.189,400
13561,9/25/2024 15:00,17.094,136
13562,9/25/2024 15:15,17.094,116
13563,9/25/2024 15:30,17.094,128
13564,9/25/2024 15:45,17.094,128
13565,9/25/2024 16:00,17.094,128
13566,9/25/2024 16:15,17.094,128
13567,9/25/2024 16:30,17.094,48
13568,9/25/2024 16:45,17.094,103
13569,9/25/2024 17:00,17.094,97
13570,9/25/2024 17:15,16.999,9
13571,9/25/2024 17:30,16.999,22
13572,9/25/2024 17:45,16.903,4
13573,9/25/2024 18:00,16.903,3
13574,9/25/2024 18:15,16.903,0
13575,9/25/2024 18:30,16.903,0
13576,9/25/2024 18:45,16.903,0
13577,9/25/2024 19:00,16.903,0
13578,9/25/2024 19:15,16.903,0
13579,9/25/2024 19:30,16.903,0
13580,9/25/2024 19:45,16.903,0
13581,9/25/2024 20:00,16.903,0
13582,9/25/2024 20:15,16.903,0
13583,9/25/2024 20:30,16.903,0
13584,9/25/2024 20:45,16.903,0
13585,9/25/2024 21:00,16.903,0
13586,9/25/2024 21:15,16.903,0
13587,9/25/2024 21:30,16.903,0
13588,9/25/2024 21:45,16.903,0
13589,9/25/2024 22:00,16.903,0
13590,9/25/2024 22:15,16.903,0
13591,9/25/2024 22:30,16.903,0
13592,9/25/2024 22:45,16.903,0
13593,9/25/2024 23:00,16.903,0
13594,9/25/2024 23:15,16.903,0
13595,9/25/2024 23:30,16.903,0
13596,9/25/2024 23:45,16.903,0
13597,9/26/2024 0:00,16.903,0
13598,9/26/2024 0:15,16.903,0
13599,9/26/2024 0:30,16.903,0
13600,9/26/2024 0:45,16.903,0
13601,9/26/2024 1:00,16.903,0
13602,9/26/2024 1:15,16.903,0
13603,9/26/2024 1:30,16.903,0
13604,9/26/2024 1:45,16.903,0
13605,9/26/2024 2:00,16.903,0
13606,9/26/2024 2:15,16.903,0
13607,9/26/2024 2:30,16.903,0
13608,9/26/2024 2:45,16.903,0
13609,9/26/2024 3:00,16.903,0
13610,9/26/2024 3:15,16.903,0
13611,9/26/2024 3:30,16.903,0
13612,9/26/2024 3:45,16.903,0
13613,9/26/2024 4:00,16.903,0
13614,9/26/2024 4:15,16.903,0
13615,9/26/2024 4:30,16.903,0
13616,9/26/2024 4:45,16.903,0
13617,9/26/2024 5:00,16.903,0
13618,9/26/2024 5:15,16.903,0
13619,9/26/2024 5:30,16.903,0
13620,9/26/2024 5:45,16.903,0
13621,9/26/2024 6:00,16.903,0
13622,9/26/2024 6:15,16.903,0
13623,9/26/2024 6:30,16.903,0
13624,9/26/2024 6:45,16.903,0
13625,9/26/2024 7:00,16.903,7
13626,9/26/2024 7:15,16.903,8
13627,9/26/2024 7:30,16.903,20
13628,9/26/2024 7:45,16.903,13
13629,9/26/2024 8:00,16.903,9
13630,9/26/2024 8:15,16.903,62
13631,9/26/2024 8:30,16.903,7
13632,9/26/2024 8:45,16.903,48
13633,9/26/2024 9:00,16.903,36
13634,9/26/2024 9:15,16.903,36
13635,9/26/2024 9:30,16.903,40
13636,9/26/2024 9:45,16.903,58
13637,9/26/2024 10:00,16.903,47
13638,9/26/2024 10:15,16.903,45
13639,9/26/2024 10:30,16.903,192
13640,9/26/2024 10:45,16.903,136
13641,9/26/2024 11:00,16.999,352
13642,9/26/2024 11:15,16.999,176
13643,9/26/2024 11:30,16.999,224
13644,9/26/2024 11:45,16.903,208
13645,9/26/2024 12:00,16.999,184
13646,9/26/2024 12:15,16.999,200
13647,9/26/2024 12:30,16.999,256
13648,9/26/2024 12:45,16.999,152
13649,9/26/2024 13:00,17.094,248
13650,9/26/2024 13:15,16.999,400
13651,9/26/2024 13:30,16.999,25
13652,9/26/2024 13:45,17.094,480
13653,9/26/2024 14:00,16.999,400
13654,9/26/2024 14:15,17.094,608
13655,9/26/2024 14:30,16.999,200
13656,9/26/2024 14:45,16.999,93
13657,9/26/2024 15:00,16.999,116
13658,9/26/2024 15:15,16.999,46
13659,9/26/2024 15:30,16.903,81
13660,9/26/2024 15:45,16.999,20
13661,9/26/2024 16:00,16.999,56
13662,9/26/2024 16:15,16.999,29
13663,9/26/2024 16:30,16.903,8
13664,9/26/2024 16:45,16.999,35
13665,9/26/2024 17:00,16.903,27
13666,9/26/2024 17:15,16.999,8
13667,9/26/2024 17:30,16.903,26
13668,9/26/2024 17:45,16.999,0
13669,9/26/2024 18:00,16.999,1
13670,9/26/2024 18:15,16.999,0
13671,9/26/2024 18:30,16.903,0
13672,9/26/2024 18:45,16.999,0
13673,9/26/2024 19:00,16.999,0
13674,9/26/2024 19:15,16.999,0
13675,9/26/2024 19:30,16.999,0
13676,9/26/2024 19:45,16.999,0
13677,9/26/2024 20:00,16.903,0
13678,9/26/2024 20:15,16.903,0
13679,9/26/2024 20:30,16.903,0
13680,9/26/2024 20:45,16.903,0
13681,9/26/2024 21:00,16.903,0
13682,9/26/2024 21:15,16.903,0
13683,9/26/2024 21:30,16.903,0
13684,9/26/2024 21:45,16.903,0
13685,9/26/2024 22:00,16.903,0
13686,9/26/2024 22:15,16.903,0
13687,9/26/2024 22:30,16.903,0
13688,9/26/2024 22:45,16.903,0
13689,9/26/2024 23:00,16.903,0
13690,9/26/2024 23:15,16.903,0
13691,9/26/2024 23:30,16.903,0
13692,9/26/2024 23:45,16.903,0
13693,9/27/2024 0:00,16.903,0
13694,9/27/2024 0:15,16.903,0
13695,9/27/2024 0:30,16.999,0
13696,9/27/2024 0:45,16.903,0
13697,9/27/2024 1:00,16.999,0
13698,9/27/2024 1:15,16.999,0
13699,9/27/2024 1:30,16.903,0
13700,9/27/2024 1:45,16.999,0
13701,9/27/2024 2:00,16.999,0
13702,9/27/2024 2:15,16.999,0
13703,9/27/2024 2:30,16.999,0
13704,9/27/2024 2:45,16.999,0
13705,9/27/2024 3:00,16.999,0
13706,9/27/2024 3:15,16.903,0
13707,9/27/2024 3:30,16.903,0
13708,9/27/2024 3:45,16.903,0
13709,9/27/2024 4:00,16.903,0
13710,9/27/2024 4:15,16.903,0
13711,9/27/2024 4:30,16.903,0
13712,9/27/2024 4:45,16.903,0
13713,9/27/2024 5:00,16.903,0
13714,9/27/2024 5:15,16.903,0
13715,9/27/2024 5:30,16.903,0
13716,9/27/2024 5:45,16.903,0
13717,9/27/2024 6:00,16.903,0
13718,9/27/2024 6:15,16.903,0
13719,9/27/2024 6:30,16.903,0
13720,9/27/2024 6:45,16.903,0
13721,9/27/2024 7:00,16.903,3
13722,9/27/2024 7:15,16.903,9
13723,9/27/2024 7:30,16.903,33
13724,9/27/2024 7:45,16.903,77
13725,9/27/2024 8:00,16.903,29
13726,9/27/2024 8:15,16.903,112
13727,9/27/2024 8:30,16.999,121
13728,9/27/2024 8:45,16.999,168
13729,9/27/2024 9:00,16.999,160
13730,9/27/2024 9:15,16.999,184
13731,9/27/2024 9:30,17.094,256
13732,9/27/2024 9:45,17.094,136
13733,9/27/2024 10:00,17.094,384
13734,9/27/2024 10:15,17.189,272
13735,9/27/2024 10:30,17.284,368
13736,9/27/2024 10:45,17.284,576
13737,9/27/2024 11:00,17.284,768
13738,9/27/2024 11:15,17.379,1216
13739,9/27/2024 11:30,17.475,1152
13740,9/27/2024 11:45,17.475,992
13741,9/27/2024 12:00,17.57,1408
13742,9/27/2024 12:15,17.57,864
13743,9/27/2024 12:30,17.665,1344
13744,9/27/2024 12:45,17.665,1408
13745,9/27/2024 13:00,17.665,1920
13746,9/27/2024 13:15,17.76,2304
13747,9/27/2024 13:30,17.855,2048
13748,9/27/2024 13:45,17.76,1728
13749,9/27/2024 14:00,17.76,1536
13750,9/27/2024 14:15,17.665,768
13751,9/27/2024 14:30,17.76,1536
13752,9/27/2024 14:45,17.665,256
13753,9/27/2024 15:00,17.76,608
13754,9/27/2024 15:15,17.665,800
13755,9/27/2024 15:30,17.665,896
13756,9/27/2024 15:45,17.665,336
13757,9/27/2024 16:00,17.665,480
13758,9/27/2024 16:15,17.57,368
13759,9/27/2024 16:30,17.57,576
13760,9/27/2024 16:45,17.57,336
13761,9/27/2024 17:00,17.57,136
13762,9/27/2024 17:15,17.57,100
13763,9/27/2024 17:30,17.57,38
13764,9/27/2024 17:45,17.57,38
13765,9/27/2024 18:00,17.57,35
13766,9/27/2024 18:15,17.475,9
13767,9/27/2024 18:30,17.379,0
13768,9/27/2024 18:45,17.379,0
13769,9/27/2024 19:00,17.284,0
13770,9/27/2024 19:15,17.284,0
13771,9/27/2024 19:30,17.284,0
13772,9/27/2024 19:45,17.189,0
13773,9/27/2024 20:00,17.189,0
13774,9/27/2024 20:15,17.189,0
13775,9/27/2024 20:30,17.189,0
13776,9/27/2024 20:45,17.189,0
13777,9/27/2024 21:00,17.189,0
13778,9/27/2024 21:15,17.189,0
13779,9/27/2024 21:30,17.189,0
13780,9/27/2024 21:45,17.189,0
13781,9/27/2024 22:00,17.189,0
13782,9/27/2024 22:15,17.189,0
13783,9/27/2024 22:30,17.189,0
13784,9/27/2024 22:45,17.189,0
13785,9/27/2024 23:00,17.094,0
13786,9/27/2024 23:15,17.094,0
13787,9/27/2024 23:30,17.094,0
13788,9/27/2024 23:45,17.189,0
13789,9/28/2024 0:00,17.094,0
13790,9/28/2024 0:15,17.094,0
13791,9/28/2024 0:30,17.094,0
13792,9/28/2024 0:45,17.094,0
13793,9/28/2024 1:00,17.094,0
13794,9/28/2024 1:15,17.094,0
13795,9/28/2024 1:30,17.189,0
13796,9/28/2024 1:45,17.094,0
13797,9/28/2024 2:00,17.094,0
13798,9/28/2024 2:15,17.094,0
13799,9/28/2024 2:30,17.189,0
13800,9/28/2024 2:45,17.189,0
13801,9/28/2024 3:00,17.189,0
13802,9/28/2024 3:15,17.189,0
13803,9/28/2024 3:30,17.189,0
13804,9/28/2024 3:45,17.284,0
13805,9/28/2024 4:00,17.284,0
13806,9/28/2024 4:15,17.284,0
13807,9/28/2024 4:30,17.284,0
13808,9/28/2024 4:45,17.284,0
13809,9/28/2024 5:00,17.284,0
13810,9/28/2024 5:15,17.284,0
13811,9/28/2024 5:30,17.379,0
13812,9/28/2024 5:45,17.379,0
13813,9/28/2024 6:00,17.379,0
13814,9/28/2024 6:15,17.379,0
13815,9/28/2024 6:30,17.379,0
13816,9/28/2024 6:45,17.379,8
13817,9/28/2024 7:00,17.094,20
13818,9/28/2024 7:15,16.999,44
13819,9/28/2024 7:30,16.903,56
13820,9/28/2024 7:45,16.903,72
13821,9/28/2024 8:00,16.903,76
13822,9/28/2024 8:15,16.903,128
13823,9/28/2024 8:30,16.903,84
13824,9/28/2024 8:45,16.999,85
13825,9/28/2024 9:00,16.999,100
13826,9/28/2024 9:15,17.094,160
13827,9/28/2024 9:30,17.094,184
13828,9/28/2024 9:45,17.094,288
13829,9/28/2024 10:00,17.094,152
13830,9/28/2024 10:15,17.189,160
13831,9/28/2024 10:30,17.284,184
13832,9/28/2024 10:45,17.379,512
13833,9/28/2024 11:00,17.475,480
13834,9/28/2024 11:15,17.57,672
13835,9/28/2024 11:30,17.475,576
13836,9/28/2024 11:45,17.57,464
13837,9/28/2024 12:00,17.665,864
13838,9/28/2024 12:15,17.665,864
13839,9/28/2024 12:30,17.665,960
13840,9/28/2024 12:45,17.76,704
13841,9/28/2024 13:00,17.855,992
13842,9/28/2024 13:15,17.76,800
13843,9/28/2024 13:30,17.855,864
13844,9/28/2024 13:45,17.855,864
13845,9/28/2024 14:00,17.855,1024
13846,9/28/2024 14:15,17.95,672
13847,9/28/2024 14:30,18.045,1280
13848,9/28/2024 14:45,18.045,1024
13849,9/28/2024 15:00,18.045,512
13850,9/28/2024 15:15,17.95,512
13851,9/28/2024 15:30,17.855,480
13852,9/28/2024 15:45,17.855,432
13853,9/28/2024 16:00,17.76,480
13854,9/28/2024 16:15,17.665,368
13855,9/28/2024 16:30,17.665,232
13856,9/28/2024 16:45,17.57,200
13857,9/28/2024 17:00,17.57,160
13858,9/28/2024 17:15,17.57,113
13859,9/28/2024 17:30,17.57,97
13860,9/28/2024 17:45,17.57,64
13861,9/28/2024 18:00,17.57,27
13862,9/28/2024 18:15,17.57,8
13863,9/28/2024 18:30,17.475,2
13864,9/28/2024 18:45,17.475,0
13865,9/28/2024 19:00,17.475,0
13866,9/28/2024 19:15,17.475,0
13867,9/28/2024 19:30,17.475,0
13868,9/28/2024 19:45,17.379,0
13869,9/28/2024 20:00,17.284,0
13870,9/28/2024 20:15,17.284,0
13871,9/28/2024 20:30,17.284,0
13872,9/28/2024 20:45,17.284,0
13873,9/28/2024 21:00,17.284,0
13874,9/28/2024 21:15,17.284,0
13875,9/28/2024 21:30,17.284,0
13876,9/28/2024 21:45,17.284,0
13877,9/28/2024 22:00,17.284,0
13878,9/28/2024 22:15,17.284,0
13879,9/28/2024 22:30,17.284,0
13880,9/28/2024 22:45,17.284,0
13881,9/28/2024 23:00,17.284,0
13882,9/28/2024 23:15,17.284,0
13883,9/28/2024 23:30,17.284,0
13884,9/28/2024 23:45,17.284,0
13885,9/29/2024 0:00,17.284,0
13886,9/29/2024 0:15,17.284,0
13887,9/29/2024 0:30,17.284,0
13888,9/29/2024 0:45,17.284,0
13889,9/29/2024 1:00,17.284,0
13890,9/29/2024 1:15,17.284,0
13891,9/29/2024 1:30,17.284,0
13892,9/29/2024 1:45,17.284,0
13893,9/29/2024 2:00,17.284,0
13894,9/29/2024 2:15,17.284,0
13895,9/29/2024 2:30,17.284,0
13896,9/29/2024 2:45,17.284,0
13897,9/29/2024 3:00,17.284,0
13898,9/29/2024 3:15,17.284,0
13899,9/29/2024 3:30,17.379,0
13900,9/29/2024 3:45,17.379,0
13901,9/29/2024 4:00,17.379,0
13902,9/29/2024 4:15,17.379,0
13903,9/29/2024 4:30,17.475,0
13904,9/29/2024 4:45,17.475,0
13905,9/29/2024 5:00,17.475,0
13906,9/29/2024 5:15,17.475,0
13907,9/29/2024 5:30,17.475,0
13908,9/29/2024 5:45,17.475,0
13909,9/29/2024 6:00,17.475,0
13910,9/29/2024 6:15,17.475,0
13911,9/29/2024 6:30,17.475,0
13912,9/29/2024 6:45,17.475,4
13913,9/29/2024 7:00,17.475,14
13914,9/29/2024 7:15,17.475,13
13915,9/29/2024 7:30,17.475,31
13916,9/29/2024 7:45,17.284,28
13917,9/29/2024 8:00,17.094,62
13918,9/29/2024 8:15,16.999,104
13919,9/29/2024 8:30,16.999,90
13920,9/29/2024 8:45,16.999,84
13921,9/29/2024 9:00,17.094,85
13922,9/29/2024 9:15,17.094,116
13923,9/29/2024 9:30,17.189,144
13924,9/29/2024 9:45,17.189,184
13925,9/29/2024 10:00,17.189,136
13926,9/29/2024 10:15,17.284,176
13927,9/29/2024 10:30,17.284,176
13928,9/29/2024 10:45,17.475,216
13929,9/29/2024 11:00,17.475,248
13930,9/29/2024 11:15,17.57,248
13931,9/29/2024 11:30,17.665,320
13932,9/29/2024 11:45,17.665,256
13933,9/29/2024 12:00,17.665,320
13934,9/29/2024 12:15,17.665,288
13935,9/29/2024 12:30,17.76,336
13936,9/29/2024 12:45,17.76,448
13937,9/29/2024 13:00,17.76,496
13938,9/29/2024 13:15,17.95,768
13939,9/29/2024 13:30,17.855,512
13940,9/29/2024 13:45,17.855,480
13941,9/29/2024 14:00,17.855,400
13942,9/29/2024 14:15,17.95,768
13943,9/29/2024 14:30,17.855,320
13944,9/29/2024 14:45,17.95,480
13945,9/29/2024 15:00,18.045,768
13946,9/29/2024 15:15,18.045,864
13947,9/29/2024 15:30,18.045,672
13948,9/29/2024 15:45,18.045,576
13949,9/29/2024 16:00,18.045,512
13950,9/29/2024 16:15,17.95,416
13951,9/29/2024 16:30,17.855,256
13952,9/29/2024 16:45,17.855,192
13953,9/29/2024 17:00,17.855,184
13954,9/29/2024 17:15,17.855,160
13955,9/29/2024 17:30,17.855,114
13956,9/29/2024 17:45,17.855,77
13957,9/29/2024 18:00,17.855,35
13958,9/29/2024 18:15,17.855,12
13959,9/29/2024 18:30,17.855,1
13960,9/29/2024 18:45,17.855,0
13961,9/29/2024 19:00,17.855,0
13962,9/29/2024 19:15,17.855,0
13963,9/29/2024 19:30,17.855,0
13964,9/29/2024 19:45,17.855,0
13965,9/29/2024 20:00,17.855,0
13966,9/29/2024 20:15,17.855,0
13967,9/29/2024 20:30,17.855,0
13968,9/29/2024 20:45,17.855,0
13969,9/29/2024 21:00,17.855,0
13970,9/29/2024 21:15,17.855,0
13971,9/29/2024 21:30,17.855,0
13972,9/29/2024 21:45,17.855,0
13973,9/29/2024 22:00,17.855,0
13974,9/29/2024 22:15,17.76,0
13975,9/29/2024 22:30,17.76,0
13976,9/29/2024 22:45,17.76,0
13977,9/29/2024 23:00,17.76,0
13978,9/29/2024 23:15,17.665,0
13979,9/29/2024 23:30,17.76,0
13980,9/29/2024 23:45,17.76,0
13981,9/30/2024 0:00,17.76,0
13982,9/30/2024 0:15,17.665,0
13983,9/30/2024 0:30,17.665,0
13984,9/30/2024 0:45,17.665,0
13985,9/30/2024 1:00,17.57,0
13986,9/30/2024 1:15,17.57,0
13987,9/30/2024 1:30,17.57,0
13988,9/30/2024 1:45,17.57,0
13989,9/30/2024 2:00,17.57,0
13990,9/30/2024 2:15,17.57,0
13991,9/30/2024 2:30,17.475,0
13992,9/30/2024 2:45,17.475,0
13993,9/30/2024 3:00,17.475,0
13994,9/30/2024 3:15,17.475,0
13995,9/30/2024 3:30,17.475,0
13996,9/30/2024 3:45,17.475,0
13997,9/30/2024 4:00,17.475,0
13998,9/30/2024 4:15,17.57,0
13999,9/30/2024 4:30,17.57,0
14000,9/30/2024 4:45,17.665,0
14001,9/30/2024 5:00,17.665,0
14002,9/30/2024 5:15,17.665,0
14003,9/30/2024 5:30,17.665,0
14004,9/30/2024 5:45,17.665,0
14005,9/30/2024 6:00,17.665,0
14006,9/30/2024 6:15,17.665,0
14007,9/30/2024 6:30,17.665,0
14008,9/30/2024 6:45,17.665,10
14009,9/30/2024 7:00,17.665,19
14010,9/30/2024 7:15,17.665,48
14011,9/30/2024 7:30,17.665,60
14012,9/30/2024 7:45,17.665,80
14013,9/30/2024 8:00,17.665,97
14014,9/30/2024 8:15,17.665,100
14015,9/30/2024 8:30,17.665,107
14016,9/30/2024 8:45,17.665,168
14017,9/30/2024 9:00,17.665,176
14018,9/30/2024 9:15,17.665,144
14019,9/30/2024 9:30,17.76,232
14020,9/30/2024 9:45,17.76,272
14021,9/30/2024 10:00,17.76,336
14022,9/30/2024 10:15,17.855,352
14023,9/30/2024 10:30,17.855,304
14024,9/30/2024 10:45,17.855,416
14025,9/30/2024 11:00,17.855,464
14026,9/30/2024 11:15,17.95,480
14027,9/30/2024 11:30,17.95,432
14028,9/30/2024 11:45,17.95,576
14029,9/30/2024 12:00,18.045,704
14030,9/30/2024 12:15,18.045,608
14031,9/30/2024 12:30,18.14,800
14032,9/30/2024 12:45,18.14,800
14033,9/30/2024 13:00,18.14,26
14034,9/30/2024 13:15,21.091,20480
14035,9/30/2024 13:30,24.545,49
14036,9/30/2024 13:45,25.125,63
14037,9/30/2024 14:00,25.513,176
14038,9/30/2024 14:15,24.931,320
14039,9/30/2024 14:30,27.173,384
14040,9/30/2024 14:45,28.655,37
14041,9/30/2024 15:00,31.574,176
14042,9/30/2024 15:15,23.004,496
14043,9/30/2024 15:30,21.091,384
14044,9/30/2024 15:45,20.71,352
14045,9/30/2024 16:00,20.615,496
14046,9/30/2024 16:15,20.329,496
14047,9/30/2024 16:30,20.234,480
14048,9/30/2024 16:45,20.901,0
14049,9/30/2024 17:00,21.282,1
14050,9/30/2024 17:15,21.569,0
14051,9/30/2024 17:30,21.282,0
14052,9/30/2024 17:45,19.948,0
14053,9/30/2024 18:00,20.138,0
14054,9/30/2024 18:15,19.187,0
14055,9/30/2024 18:30,19.282,0
14056,9/30/2024 18:45,20.138,0
14057,9/30/2024 19:00,20.424,0
14058,9/30/2024 19:15,20.615,0
14059,9/30/2024 19:30,20.615,0
14060,9/30/2024 19:45,20.615,0
14061,9/30/2024 20:00,20.615,0
14062,9/30/2024 20:15,20.71,0
14063,9/30/2024 20:30,20.71,0
14064,9/30/2024 20:45,20.71,0
14065,9/30/2024 21:00,20.71,0
14066,9/30/2024 21:15,20.71,0
14067,9/30/2024 21:30,20.71,0
14068,9/30/2024 21:45,20.71,0
14069,9/30/2024 22:00,20.71,0
14070,9/30/2024 22:15,20.615,0
14071,9/30/2024 22:30,20.615,0
14072,9/30/2024 22:45,20.519,0
14073,9/30/2024 23:00,20.519,0
14074,9/30/2024 23:15,20.424,0
14075,9/30/2024 23:30,20.424,0
14076,9/30/2024 23:45,20.329,0
14077,10/1/2024 0:00,20.329,0
14078,10/1/2024 0:15,20.234,0
14079,10/1/2024 0:30,20.234,0
14080,10/1/2024 0:45,20.138,0
14081,10/1/2024 1:00,20.138,0
14082,10/1/2024 1:15,20.043,0
14083,10/1/2024 1:30,19.948,0
14084,10/1/2024 1:45,19.948,0
14085,10/1/2024 2:00,19.948,0
14086,10/1/2024 2:15,19.853,0
14087,10/1/2024 2:30,19.853,0
14088,10/1/2024 2:45,19.758,0
14089,10/1/2024 3:00,19.758,0
14090,10/1/2024 3:15,19.758,0
14091,10/1/2024 3:30,19.662,0
14092,10/1/2024 3:45,19.662,0
14093,10/1/2024 4:00,19.662,0
14094,10/1/2024 4:15,19.662,0
14095,10/1/2024 4:30,19.662,0
14096,10/1/2024 4:45,19.662,0
14097,10/1/2024 5:00,19.567,0
14098,10/1/2024 5:15,19.567,0
14099,10/1/2024 5:30,19.567,0
14100,10/1/2024 5:45,19.472,0
14101,10/1/2024 6:00,19.472,0
14102,10/1/2024 6:15,19.472,0
14103,10/1/2024 6:30,19.472,0
14104,10/1/2024 6:45,19.377,0
14105,10/1/2024 7:00,19.377,0
14106,10/1/2024 7:15,19.377,0
14107,10/1/2024 7:30,19.377,0
14108,10/1/2024 7:45,20.138,0
14109,10/1/2024 8:00,20.424,0
14110,10/1/2024 8:15,20.519,0
14111,10/1/2024 8:30,20.615,0
14112,10/1/2024 8:45,21.664,0
14113,10/1/2024 9:00,20.424,0
14114,10/1/2024 9:15,19.853,0
14115,10/1/2024 9:30,19.948,0
14116,10/1/2024 9:45,19.948,0
14117,10/1/2024 10:00,20.043,0
14118,10/1/2024 10:15,20.138,0
14119,10/1/2024 10:30,20.138,0
14120,10/1/2024 10:45,20.043,0
14121,10/1/2024 11:00,20.615,0
14122,10/1/2024 11:15,20.329,0
14123,10/1/2024 11:30,20.138,0
14124,10/1/2024 11:45,20.138,0
14125,10/1/2024 12:00,19.948,0
14126,10/1/2024 12:15,19.948,0
14127,10/1/2024 12:30,20.043,0
14128,10/1/2024 12:45,20.043,0
14129,10/1/2024 13:00,20.043,0
14130,10/1/2024 13:15,20.138,0
14131,10/1/2024 13:30,20.138,0
14132,10/1/2024 13:45,20.138,0
14133,10/1/2024 14:00,25.805,9
14134,10/1/2024 14:15,21.091,10
14135,10/1/2024 14:30,20.519,9
14136,10/1/2024 14:45,20.424,7
14137,10/1/2024 15:00,20.519,9
14138,10/1/2024 15:15,20.71,9
14139,10/1/2024 15:30,20.71,10
14140,10/1/2024 15:45,20.71,8
14141,10/1/2024 16:00,20.805,7
14142,10/1/2024 16:15,20.805,6
14143,10/1/2024 16:30,20.901,7
14144,10/1/2024 16:45,20.901,4
14145,10/1/2024 17:00,20.901,4
14146,10/1/2024 17:15,21.378,5
14147,10/1/2024 17:30,21.664,2
14148,10/1/2024 17:45,21.855,2
14149,10/1/2024 18:00,21.855,2
14150,10/1/2024 18:15,21.76,3
14151,10/1/2024 18:30,21.76,3
14152,10/1/2024 18:45,21.664,3
14153,10/1/2024 19:00,21.569,2
14154,10/1/2024 19:15,21.473,2
14155,10/1/2024 19:30,21.473,3
14156,10/1/2024 19:45,21.473,3
14157,10/1/2024 20:00,21.473,2
14158,10/1/2024 20:15,21.473,3
14159,10/1/2024 20:30,21.378,2
14160,10/1/2024 20:45,21.378,2
14161,10/1/2024 21:00,21.282,2
14162,10/1/2024 21:15,21.282,2
14163,10/1/2024 21:30,21.282,2
14164,10/1/2024 21:45,21.187,2
14165,10/1/2024 22:00,21.187,2
14166,10/1/2024 22:15,21.473,1
14167,10/1/2024 22:30,21.473,0
14168,10/1/2024 22:45,21.378,0
14169,10/1/2024 23:00,21.282,0
14170,10/1/2024 23:15,21.091,0
14171,10/1/2024 23:30,20.996,0
14172,10/1/2024 23:45,20.901,0
14173,10/2/2024 0:00,20.901,0
14174,10/2/2024 0:15,20.805,0
14175,10/2/2024 0:30,20.71,0
14176,10/2/2024 0:45,20.71,0
14177,10/2/2024 1:00,20.615,0
14178,10/2/2024 1:15,20.615,0
14179,10/2/2024 1:30,20.615,0
14180,10/2/2024 1:45,20.519,0
14181,10/2/2024 2:00,20.519,0
14182,10/2/2024 2:15,20.424,0
14183,10/2/2024 2:30,20.329,0
14184,10/2/2024 2:45,20.329,0
14185,10/2/2024 3:00,20.234,0
14186,10/2/2024 3:15,20.234,0
14187,10/2/2024 3:30,20.138,0
14188,10/2/2024 3:45,20.138,0
14189,10/2/2024 4:00,20.138,0
14190,10/2/2024 4:15,20.138,0
14191,10/2/2024 4:30,20.043,0
14192,10/2/2024 4:45,19.948,0
14193,10/2/2024 5:00,19.948,0
14194,10/2/2024 5:15,19.948,0
14195,10/2/2024 5:30,19.853,0
14196,10/2/2024 5:45,19.853,0
14197,10/2/2024 6:00,19.758,0
14198,10/2/2024 6:15,19.758,0
14199,10/2/2024 6:30,19.662,0
14200,10/2/2024 6:45,19.662,0
14201,10/2/2024 7:00,19.662,0
14202,10/2/2024 7:15,19.662,0
14203,10/2/2024 7:30,19.662,0
14204,10/2/2024 7:45,20.519,9
14205,10/2/2024 8:00,20.615,9
14206,10/2/2024 8:15,20.615,10
14207,10/2/2024 8:30,20.615,1
14208,10/2/2024 8:45,20.519,3
14209,10/2/2024 9:00,20.519,8
14210,10/2/2024 9:15,20.519,20
14211,10/2/2024 9:30,20.519,30
14212,10/2/2024 9:45,20.519,31
14213,10/2/2024 10:00,20.805,21
14214,10/2/2024 10:15,21.378,22
14215,10/2/2024 10:30,22.621,21
14216,10/2/2024 10:45,22.142,19
14217,10/2/2024 11:00,21.855,10
14218,10/2/2024 11:15,21.664,13
14219,10/2/2024 11:30,21.473,13
14220,10/2/2024 11:45,21.282,10
14221,10/2/2024 12:00,21.187,10
14222,10/2/2024 12:15,21.091,17
14223,10/2/2024 12:30,21.091,10
14224,10/2/2024 12:45,20.996,12
14225,10/2/2024 13:00,20.996,9
14226,10/2/2024 13:15,20.996,11
14227,10/2/2024 13:30,20.996,8
14228,10/2/2024 13:45,20.996,16
14229,10/2/2024 14:00,20.996,17
14230,10/2/2024 14:15,20.996,11
14231,10/2/2024 14:30,20.996,12
14232,10/2/2024 14:45,20.996,12
14233,10/2/2024 15:00,20.996,9
14234,10/2/2024 15:15,21.091,4
14235,10/2/2024 15:30,21.091,7
14236,10/2/2024 15:45,21.091,6
14237,10/2/2024 16:00,21.091,6
14238,10/2/2024 16:15,21.091,5
14239,10/2/2024 16:30,21.091,4
14240,10/2/2024 16:45,21.282,4
14241,10/2/2024 17:00,21.282,3
14242,10/2/2024 17:15,21.378,2
14243,10/2/2024 17:30,21.378,0
14244,10/2/2024 17:45,21.378,0
14245,10/2/2024 18:00,21.473,0
14246,10/2/2024 18:15,21.473,0
14247,10/2/2024 18:30,21.473,0
14248,10/2/2024 18:45,21.473,0
14249,10/2/2024 19:00,21.473,0
14250,10/2/2024 19:15,21.569,0
14251,10/2/2024 19:30,21.569,0
14252,10/2/2024 19:45,21.569,0
14253,10/2/2024 20:00,21.569,0
14254,10/2/2024 20:15,21.569,0
14255,10/2/2024 20:30,21.664,0
14256,10/2/2024 20:45,21.664,0
14257,10/2/2024 21:00,21.664,0
14258,10/2/2024 21:15,21.664,0
14259,10/2/2024 21:30,21.664,0
14260,10/2/2024 21:45,21.664,0
14261,10/2/2024 22:00,21.664,0
14262,10/2/2024 22:15,21.569,0
14263,10/2/2024 22:30,21.569,0
14264,10/2/2024 22:45,21.569,0
14265,10/2/2024 23:00,21.569,0
14266,10/2/2024 23:15,21.473,0
14267,10/2/2024 23:30,21.473,0
14268,10/2/2024 23:45,21.473,0
14269,10/3/2024 0:00,21.473,0
14270,10/3/2024 0:15,21.378,0
14271,10/3/2024 0:30,21.378,0
14272,10/3/2024 0:45,21.378,0
14273,10/3/2024 1:00,21.282,0
14274,10/3/2024 1:15,21.282,0
14275,10/3/2024 1:30,21.282,0
14276,10/3/2024 1:45,21.187,0
14277,10/3/2024 2:00,21.187,0
14278,10/3/2024 2:15,21.091,0
14279,10/3/2024 2:30,21.091,0
14280,10/3/2024 2:45,21.091,0
14281,10/3/2024 3:00,20.996,0
14282,10/3/2024 3:15,20.996,0
14283,10/3/2024 3:30,20.901,0
14284,10/3/2024 3:45,20.901,0
14285,10/3/2024 4:00,20.805,0
14286,10/3/2024 4:15,20.805,0
14287,10/3/2024 4:30,20.71,0
14288,10/3/2024 4:45,20.71,0
14289,10/3/2024 5:00,20.615,0
14290,10/3/2024 5:15,20.615,0
14291,10/3/2024 5:30,20.519,0
14292,10/3/2024 5:45,20.519,0
14293,10/3/2024 6:00,19.567,0
14294,10/3/2024 6:15,18.996,0
14295,10/3/2024 6:30,18.616,0
14296,10/3/2024 6:45,18.616,0
14297,10/3/2024 7:00,18.711,0
14298,10/3/2024 7:15,18.806,0
14299,10/3/2024 7:30,18.901,0
14300,10/3/2024 7:45,18.996,0
14301,10/3/2024 8:00,19.092,0
14302,10/3/2024 8:15,19.092,0
14303,10/3/2024 8:30,19.187,0
14304,10/3/2024 8:45,19.187,0
14305,10/3/2024 9:00,19.377,0
14306,10/3/2024 9:15,19.567,0
14307,10/3/2024 9:30,19.853,0
14308,10/3/2024 9:45,20.329,0
14309,10/3/2024 10:00,20.996,0
14310,10/3/2024 10:15,21.664,0
14311,10/3/2024 10:30,22.525,0
14312,10/3/2024 10:45,23.292,0
14313,10/3/2024 11:00,24.158,0
14314,10/3/2024 11:15,25.125,0
14315,10/3/2024 11:30,25.902,0
14316,10/3/2024 11:45,26.781,0
14317,10/3/2024 12:00,27.468,0
14318,10/3/2024 12:15,28.06,0
14319,10/3/2024 12:30,28.555,0
14320,10/3/2024 12:45,29.053,0
14321,10/3/2024 13:00,29.352,0
14322,10/3/2024 13:15,29.552,0
14323,10/3/2024 13:30,29.452,0
14324,10/3/2024 13:45,28.357,0
14325,10/3/2024 14:00,26.488,0
